source,line,key,line_sha256,status,replacement,evidence,decision
owtf/settings.py,17,HOME_DIR,66bd8fadeabace301eed515572454e873b97da9346cab0952ef33029e3b3ad4e,replaced,Versioned YAML; explicit directories,internal/config/config.go,Executable settings overrides and installation/fallback path constants are not carried forward.
owtf/settings.py,18,OWTF_CONF,55f1b4076613073ea904a7b8fc1c18b5a6253e4dc5ba9c8c9ba70e9d50cb8d31,replaced,Versioned YAML; explicit directories,internal/config/config.go,Executable settings overrides and installation/fallback path constants are not carried forward.
owtf/settings.py,19,ROOT_DIR,8d380fd39ae6e634cdb6bfc8184038a0ff599bf65ebe91c23984f55d6537e85a,replaced,Versioned YAML; explicit directories,internal/config/config.go,Executable settings overrides and installation/fallback path constants are not carried forward.
owtf/settings.py,20,CONFIG_DIR,44139b6aa94aae2d557f6e123a36042c7b5526cc5fd070adeadc0655e33d2fbe,replaced,Versioned YAML; explicit directories,internal/config/config.go,Executable settings overrides and installation/fallback path constants are not carried forward.
owtf/settings.py,22,DEBUG,3e0894397f19b95999969ec9b34658c0fd4343d5bf885e20aa6d7dfbf0baf4d8,replaced,Typed process diagnostic log level,internal/config/config.go; cmd/owtf/logging.go; cmd/owtf/logging_test.go,debug/info/warn/error process filtering; task evidence and command results unaffected. Not a legacy framework debug-mode equivalent.
owtf/settings.py,24,INTERACTIVE,91ebbdad793cab2dd95070451cb20a4e9b637d30b3420bfdf7be6b7c151d2080,removed,CLI and manifest-defined command execution,internal/plugin/command.go,Legacy GUI-tool selection toggle is not retained.
owtf/settings.py,28,DATABASE_NAME,06eb4ecf4dc865b6e77010746358c0b07b374c7f17432447191bd51cb3cae55b,removed,SQLite,internal/store/store.go,PostgreSQL connection credentials and ports are unnecessary with SQLite.
owtf/settings.py,29,DATABASE_PASS,c3e5b962138192f1d697debb7e065074558198e1caf45abe5e4f6bd371696a61,removed,SQLite,internal/store/store.go,PostgreSQL connection credentials and ports are unnecessary with SQLite.
owtf/settings.py,30,DATABASE_USER,6cf4f78ebc1827a0e03af44df3a19b84a514ca923c66b2f3ef507a27b16d3fa9,removed,SQLite,internal/store/store.go,PostgreSQL connection credentials and ports are unnecessary with SQLite.
owtf/settings.py,31,DATABASE_IP,6b2f83fdb96aa73f7e3d259c201760df4b9f256049498232ea6d0aa6788ddbfc,removed,SQLite,internal/store/store.go,PostgreSQL connection credentials and ports are unnecessary with SQLite.
owtf/settings.py,32,DATABASE_PORT,4ebd3efdfa65f41f0fbafe8846318d24c4598d422aabffd65e35cf32f7662693,removed,SQLite,internal/store/store.go,PostgreSQL connection credentials and ports are unnecessary with SQLite.
owtf/settings.py,35,DATABASE_PASS,cef6bb94c1d18a0118e91582b817b80311112b7244de2b130d0ff4a3698bbc3e,removed,SQLite,internal/store/store.go,PostgreSQL connection credentials and ports are unnecessary with SQLite.
owtf/settings.py,36,DATABASE_NAME,fbc08d989907131a60854236dff581167a864a5b47d5fba0e7228754d6d2437e,removed,SQLite,internal/store/store.go,PostgreSQL connection credentials and ports are unnecessary with SQLite.
owtf/settings.py,37,DATABASE_USER,65c7fba7dab71eece8e47527e027a2fdb7218e30da8b0d4c05ab285eb083bde5,removed,SQLite,internal/store/store.go,PostgreSQL connection credentials and ports are unnecessary with SQLite.
owtf/settings.py,38,DATABASE_IP,f8cccc0945c6cd9a061ed77235f9c6c078c64cedcfd58091c7545d0379e89b57,removed,SQLite,internal/store/store.go,PostgreSQL connection credentials and ports are unnecessary with SQLite.
owtf/settings.py,39,DATABASE_PORT,4ebd3efdfa65f41f0fbafe8846318d24c4598d422aabffd65e35cf32f7662693,removed,SQLite,internal/store/store.go,PostgreSQL connection credentials and ports are unnecessary with SQLite.
owtf/settings.py,42,SERVER_ADDR,c09aab01eafc7c0a60d3b9885606b8820be22b94fcf66c26dc06591267f0ebe0,migrated,server.address,internal/config/config.go,Supported by typed configuration; legacy default values are not imported automatically.
owtf/settings.py,43,SERVER_PORT,87a3061e882c9a5405cb6d5e221632f3979f6fe0d06c6fa9779e9717a7f40950,migrated,server.address,internal/config/config.go,Supported by typed configuration; legacy default values are not imported automatically.
owtf/settings.py,44,FILE_SERVER_PORT,9fe4b81504dd69001a58237804952bb6e75301bf25aeb3656d5b343f140ff0c8,replaced,Separate React frontend and Go API,internal/api/server.go,Frontend assets are served by Nginx; legacy Python template paths are retired.
owtf/settings.py,45,FRONTEND_SERVER_PORT,26a5f53287afc02a337fb428493aeef286a416d55dfa26248e95d2cd47d0ad31,replaced,Separate React frontend and Go API,internal/api/server.go,Frontend assets are served by Nginx; legacy Python template paths are retired.
owtf/settings.py,48,DEFAULT_API_VERSION,61a31667f85494b5285fdd0f52191b9cc9fd3dc5ddb3bc7aaf77abfff50d72c0,replaced,API v2 routes,internal/api/server.go,API version is a route contract rather than a configurable default.
owtf/settings.py,52,APP_SECRET,54afa7367ac4c96ada5c8327622bee8a2793a6aeb04aa14609232eafbb9e38a1,removed,No application accounts,docs/usage/access-model.rst,Application authentication and its validation/administration settings were explicitly removed.
owtf/settings.py,54,SESSION_COOKIE_NAME,46b1bca2211c381924c1e35025149fbf85f82f2592d2ff2fb1819b45ad5268b6,removed,No application accounts,docs/usage/access-model.rst,Application authentication and its validation/administration settings were explicitly removed.
owtf/settings.py,57,SIMPLE_HEADERS,12278d0a7df971b046d321e8331cca66caa9f279df127a6b171e0cbff626d430,deferred,Global API CORS configuration,internal/api/server.go; docs/architecture/settings-decisions.md,Global CORS policy is deferred until UI origin and deployment requirements are defined.
owtf/settings.py,58,ALLOWED_ORIGINS,ffc18559007740cc81db9e9cfbebab9b9bce533971c255ee14b7dfcaa4f7bc99,deferred,Global API CORS configuration,internal/api/server.go; docs/architecture/settings-decisions.md,Global CORS policy is deferred until UI origin and deployment requirements are defined.
owtf/settings.py,59,ALLOWED_METHODS,82b10d2a8fdfb8a06b90e8af73e3c72ce2dfd96925ee1dce69e1c9819a72c508,deferred,Global API CORS configuration,internal/api/server.go; docs/architecture/settings-decisions.md,Global CORS policy is deferred until UI origin and deployment requirements are defined.
owtf/settings.py,60,SEND_CREDENTIALS,d7d28eb0d433c0ceeb0c82bd582486b403d37d6a92d16f6eaa335d729093de3d,deferred,Global API CORS configuration,internal/api/server.go; docs/architecture/settings-decisions.md,Global CORS policy is deferred until UI origin and deployment requirements are defined.
owtf/settings.py,63,USE_SENTRY,0c179b23e43abd420c42727fb885b44b30672bb0e0fed24800261902d29a1bfd,removed,No SMTP or Sentry service,docs/architecture/overview.rst,Legacy mail and error-reporting integration is explicitly retired.
owtf/settings.py,64,SENTRY_API_KEY,a8fa154cb25d1c0315a03fa11a4d2161abe6d4fa5a5299915e20888c1995274f,removed,No SMTP or Sentry service,docs/architecture/overview.rst,Legacy mail and error-reporting integration is explicitly retired.
owtf/settings.py,67,WEB_TEST_GROUPS,dfc95e85f2758fe075a084748dffba666190c014d5f293c01e57c9b0245e74b5,replaced,YAML profiles and plugin groups,internal/profile/profile.go; profiles/default.yaml,Profiles and group/type selections replace legacy group/order files.
owtf/settings.py,68,NET_TEST_GROUPS,9975cbca594e22bb42ebd90df2451943dd67c6d82990035730e51345896848bf,replaced,YAML profiles and plugin groups,internal/profile/profile.go; profiles/default.yaml,Profiles and group/type selections replace legacy group/order files.
owtf/settings.py,69,AUX_TEST_GROUPS,e167168fe2272eb43589a54ce9f3fec14852594917e67246053e10d49ce9275e,replaced,YAML profiles and plugin groups,internal/profile/profile.go; profiles/default.yaml,Profiles and group/type selections replace legacy group/order files.
owtf/settings.py,70,PLUGINS_DIR,ba0962e684218c6584b22fcbd139e3b135fc170a84bbe89cab5368d314658570,migrated,plugins.directory,internal/config/config.go,Supported by typed configuration; legacy default values are not imported automatically.
owtf/settings.py,73,COMMUNITY_PLUGINS_DIR,c00a488fa5cfbf214c56685365dda18c0e426feb297b5e5d9b6ac32a2dff5ed7,removed,Trusted YAML catalog,docs/architecture/plugin-support-decisions.csv,Remote Python uploads and their administration/timeout settings were removed.
owtf/settings.py,74,COMMUNITY_PLUGIN_DEFAULT_TIMEOUT,cda26e519cdc7e8c3e69945a3f8707843d14cbc61bb30de320fa7b1fdd194763,removed,Trusted YAML catalog,docs/architecture/plugin-support-decisions.csv,Remote Python uploads and their administration/timeout settings were removed.
owtf/settings.py,78,COMMUNITY_PLUGIN_MIN_TIMEOUT,a9743eb0d2f3a52c91363b642663c8fc6fb89082958503e1536c0144004dc46e,removed,Trusted YAML catalog,docs/architecture/plugin-support-decisions.csv,Remote Python uploads and their administration/timeout settings were removed.
owtf/settings.py,79,COMMUNITY_PLUGIN_MAX_TIMEOUT,66d210591c28f25742d743ed6db17a58a37cc6721621bbf50ab493492782fb12,removed,Trusted YAML catalog,docs/architecture/plugin-support-decisions.csv,Remote Python uploads and their administration/timeout settings were removed.
owtf/settings.py,80,PLUGIN_UPLOAD_MAX_SIZE,506f231ce5103a79d88988a890a60eaafd6b9ddc05fe35acf2b482dfd6547d15,removed,Trusted YAML catalog,docs/architecture/plugin-support-decisions.csv,Remote Python uploads and their administration/timeout settings were removed.
owtf/settings.py,81,PLUGIN_ALLOWED_EXTENSIONS,4173cbe327892dd3d8daadad96f2c2e3930ef77d531b49c78c81659fc2c3ab2a,removed,Trusted YAML catalog,docs/architecture/plugin-support-decisions.csv,Remote Python uploads and their administration/timeout settings were removed.
owtf/settings.py,84,OUTPUT_PATH,9a414d7c7b5a992a0f7595ae7ac59242ff6a4dec31977e30c9f8933c1c0901c7,replaced,server.dataDirectory,internal/store/store.go; internal/artifact/store.go,SQLite and task-owned artifacts replace independently configurable legacy output subdirectories.
owtf/settings.py,85,AUX_OUTPUT_PATH,73954e85c9a1cc0fb24d0aa498ec1e2a15d68d15f176dccaf676d1e8e3d82944,replaced,server.dataDirectory,internal/store/store.go; internal/artifact/store.go,SQLite and task-owned artifacts replace independently configurable legacy output subdirectories.
owtf/settings.py,86,NET_SCANS_PATH,664ad36191cad8e8671a98e16eece0d8a6ec96ac9bb42c4890990bd44ae17723,replaced,server.dataDirectory,internal/store/store.go; internal/artifact/store.go,SQLite and task-owned artifacts replace independently configurable legacy output subdirectories.
owtf/settings.py,89,TARGETS_DIR,1b3da11b1a37c8cd1b099524e2add7093da1dc20adedc8a7b267bdb55aebcec7,replaced,server.dataDirectory,internal/store/store.go; internal/artifact/store.go,SQLite and task-owned artifacts replace independently configurable legacy output subdirectories.
owtf/settings.py,90,WORKER_LOG_DIR,5b838fba2ca11c8d26589c86da910f1af208cffad84cd19bd4f5c197e95a885f,replaced,server.dataDirectory,internal/store/store.go; internal/artifact/store.go,SQLite and task-owned artifacts replace independently configurable legacy output subdirectories.
owtf/settings.py,93,DEFAULT_GENERAL_PROFILE,4014b2a7b39cc9d89e9f78ae4589bea288a93715c7c1d5ca4e28637047640beb,replaced,Versioned YAML; explicit directories,internal/config/config.go,Executable settings overrides and installation/fallback path constants are not carried forward.
owtf/settings.py,94,DEFAULT_FRAMEWORK_CONFIG,81993bbee038d09c016eabc85635572bdfea9b6b2ebefaf78811a1d2b335ae7f,replaced,Versioned YAML; explicit directories,internal/config/config.go,Executable settings overrides and installation/fallback path constants are not carried forward.
owtf/settings.py,95,DEFAULT_RESOURCES_PROFILE,3381c7e8d1e50c94362b4f088510d431e3b022590c957cef3a096f5e0386b855,replaced,Versioned YAML; explicit directories,internal/config/config.go,Executable settings overrides and installation/fallback path constants are not carried forward.
owtf/settings.py,96,DEFAULT_WEB_PLUGIN_ORDER_PROFILE,ab839f9478c96511f4c9a660cc561c4a92d8abeafda7bf0b6309510facfd4d7b,replaced,YAML profiles and plugin groups,internal/profile/profile.go; profiles/default.yaml,Profiles and group/type selections replace legacy group/order files.
owtf/settings.py,97,DEFAULT_NET_PLUGIN_ORDER_PROFILE,1de52f47af22991eaa36a18ba904058a8507eacba766e12688630c1e7b7afd5c,replaced,YAML profiles and plugin groups,internal/profile/profile.go; profiles/default.yaml,Profiles and group/type selections replace legacy group/order files.
owtf/settings.py,100,LOGS_DIR,22e60ef13541f6bff39c09bfbcf194dbd2f90b78224aaa4b5c2035c624bb0c94,replaced,stderr and persisted task events,cmd/owtf/main.go; internal/runner/runner.go,Process logs go to stderr; task logs are stored as events. No equivalent per-service log-file setting.
owtf/settings.py,102,OWTF_LOG_FILE,874633153ab5db0e1d3b05538559ab3fc8ebba159afc0b70e2957fc65bf0a477,replaced,stderr and persisted task events,cmd/owtf/main.go; internal/runner/runner.go,Process logs go to stderr; task logs are stored as events. No equivalent per-service log-file setting.
owtf/settings.py,105,TEMPLATES,d0e74022a81ed3ef3d6573085e87e898a52fcfad98cb3e36a7a70274e44c133b,replaced,Separate React frontend and Go API,internal/api/server.go,Frontend assets are served by Nginx; legacy Python template paths are retired.
owtf/settings.py,106,STATIC_ROOT,bd26f49c2e81b34c0f93724191145cc03a8b7ea8abbe54c83738850ea1ddef13,replaced,Separate React frontend and Go API,internal/api/server.go,Frontend assets are served by Nginx; legacy Python template paths are retired.
owtf/settings.py,109,EMAIL_FROM,af7917a4673d9a2a8b4b020bbe584d465eee7506c8cd748ffcc50191ff8e80c5,removed,No SMTP or Sentry service,docs/architecture/overview.rst,Legacy mail and error-reporting integration is explicitly retired.
owtf/settings.py,110,SMTP_LOGIN,1768f8637045b2dfe021d451c289bbe6e09e76a1514f8b237f1ddbbb8d12eefc,removed,No SMTP or Sentry service,docs/architecture/overview.rst,Legacy mail and error-reporting integration is explicitly retired.
owtf/settings.py,111,SMTP_PASS,476fb1c70ba75b95b0fb55e2f769c986b10a5c2c773a2469fd4c39a682cd2119,removed,No SMTP or Sentry service,docs/architecture/overview.rst,Legacy mail and error-reporting integration is explicitly retired.
owtf/settings.py,112,SMTP_HOST,f0ab7441000e64552d89efae52e4d411fccd9d2b50c49c65d1c1844db0725c89,removed,No SMTP or Sentry service,docs/architecture/overview.rst,Legacy mail and error-reporting integration is explicitly retired.
owtf/settings.py,113,SMTP_PORT,efb2017ae0d6db843f59e68f2a363cb1d74b136621c8e7621ed20dddbb037edf,removed,No SMTP or Sentry service,docs/architecture/overview.rst,Legacy mail and error-reporting integration is explicitly retired.
owtf/settings.py,116,USE_OUTBOUND_PROXY,458f5f1ed1266371e72b57166778302873ae072a8cbbd5e25ce4661637021ff5,replaced,proxy.upstream,internal/config/config.go,One upstream URL replaces enable/host/port fields; secrets require private configuration handling.
owtf/settings.py,117,OUTBOUND_PROXY_IP,ffff9e0d97b4847deef69ab99eb3040520c9db15feb54a62a8afe0164d92c59a,replaced,proxy.upstream,internal/config/config.go,One upstream URL replaces enable/host/port fields; secrets require private configuration handling.
owtf/settings.py,118,OUTBOUND_PROXY_PORT,b1f8e6cf7a4f94ecfafeb47c58e2cb95d5c02280e5574cd3c1939b9d2393a48d,replaced,proxy.upstream,internal/config/config.go,One upstream URL replaces enable/host/port fields; secrets require private configuration handling.
owtf/settings.py,119,OUTBOUND_PROXY_AUTH,7171bab494366e497f9f82355dbd7a4a39483e1338638c50b9fdbee485ec31b1,replaced,proxy.upstream,internal/config/config.go,One upstream URL replaces enable/host/port fields; secrets require private configuration handling.
owtf/settings.py,122,INBOUND_PROXY_IP,08a535f399786101ff5443956e415e5ecc19a747a20e580914ea3669c613c461,migrated,proxy.listenAddress,internal/config/config.go,Supported by typed configuration; legacy default values are not imported automatically.
owtf/settings.py,123,INBOUND_PROXY_PORT,04d825d680e82d655e9bd59172d29b16ac7ab4886456860948135aad3ed8f6c6,migrated,proxy.listenAddress,internal/config/config.go,Supported by typed configuration; legacy default values are not imported automatically.
owtf/settings.py,124,INBOUND_PROXY_PROCESSES,ab4868f9736468df455dc378ac5c33578612f2c96b566f89e47ac975987f5842,replaced,Go proxy concurrency,internal/proxy/proxy.go,No configurable Tornado process count.
owtf/settings.py,125,INBOUND_PROXY_CACHE_DIR,9f72d3c27c582690a44d5b00399a58eee725b58518c3830aef9da9560c3b413c,replaced,Bounded in-memory response cache,internal/proxy/cache.go,Disk cache directory is not preserved; cache bounds are configurable.
owtf/settings.py,126,CA_CERT,18a90ab0d63e56d822640891038468b7526e753e787a86acb1bc2b4d669fdb90,migrated,proxy.caCertificate,internal/config/config.go,Supported by typed configuration; legacy default values are not imported automatically.
owtf/settings.py,127,CA_KEY,8ece2c9e83e7a55c27cd53477ba36cbe0e716709ba96ae7816267917d69271d9,migrated,proxy.caKey,internal/config/config.go,Supported by typed configuration; legacy default values are not imported automatically.
owtf/settings.py,128,CA_PASS_FILE,772c3a38a75abc218c2d2bb2b5491c30b21473b3f9c51f0d20797aefab1c9c13,deferred,Encrypted CA private-key loading,internal/proxy/authority.go; docs/architecture/settings-decisions.md,Encrypted CA-key support is deferred until an operational requirement exists.
owtf/settings.py,129,CERTS_FOLDER,ebe97f5a1c3e5ecb8b47f4f7d7f88673cb66c8a091a7d86750959a7cdd76f400,replaced,proxy.caCertificate / proxy.caKey,internal/proxy/authority.go,Explicit CA file paths replace the certificate-folder setting.
owtf/settings.py,131,BLACKLIST_COOKIES,5248e5eac41853837d4f145e3522be6851a2067040f14ea9451eec1e116ca161,migrated,proxy.cookieBlacklist,internal/config/config.go,Supported by typed configuration; legacy default values are not imported automatically.
owtf/settings.py,132,WHITELIST_COOKIES,65014b53807e15e78d1b890f55eda74db39890e52ef612d916da6087a7f3393d,migrated,proxy.cookieWhitelist,internal/config/config.go,Supported by typed configuration; legacy default values are not imported automatically.
owtf/settings.py,133,PROXY_RESTRICTED_RESPONSE_HEADERS,65278ca70e6b672dabf4fe26d0a245ebad3ff40d0cbf6b2f1c81279fbdf8eaa9,replaced,HTTP framing and static interceptor rules,internal/proxy/proxy.go; internal/proxy/interceptor.go,Header handling follows Go transport and explicit rules; legacy header blacklists are not copied verbatim.
owtf/settings.py,144,PROXY_RESTRICTED_REQUEST_HEADERS,6276632c3ac2b4b6a61c1f2e7d42eda51ec16ae274004a7c1b5613793dcfa964,replaced,HTTP framing and static interceptor rules,internal/proxy/proxy.go; internal/proxy/interceptor.go,Header handling follows Go transport and explicit rules; legacy header blacklists are not copied verbatim.
owtf/settings.py,150,PROXY_LOG,10b1973457f34e67e811170d81b864499710b889dce0d70aae1befed74847540,replaced,stderr and persisted task events,cmd/owtf/main.go; internal/runner/runner.go,Process logs go to stderr; task logs are stored as events. No equivalent per-service log-file setting.
owtf/settings.py,153,REGEXP_FILE_URL,90d2d1d7929c9b4b90b6382141d69614cb3fa6d4a244578b95c7975533c71f2d,gap,File/image/SSI URL classification,internal/target/normalize.go,No equivalent configurable extension-classification and small-file retrieval policy.
owtf/settings.py,157,REGEXP_SMALL_FILE_URL,601117f0e00469f2166cc759f6588d194cb71608c4fd73f3f91d40dfa9e3ed44,gap,File/image/SSI URL classification,internal/target/normalize.go,No equivalent configurable extension-classification and small-file retrieval policy.
owtf/settings.py,158,REGEXP_IMAGE_URL,f947f9c3420660f24df7edc7523a2f1a97c332f98463cce324d1f1b9b895c326,gap,File/image/SSI URL classification,internal/target/normalize.go,No equivalent configurable extension-classification and small-file retrieval policy.
owtf/settings.py,159,REGEXP_VALID_URL,daef3127d7cbbc1881d9ff84db42955b885c4a60c89e5d874e68aa6e3b2880af,replaced,Target normalization,internal/target/normalize.go,URL parsing replaces permissive legacy URL regex validation; no editable regex.
owtf/settings.py,160,REGEXP_SSI_URL,b64145b13177990e6465715e336c02e9cd6a9f3426efc4b773e050fe0e782b6c,gap,File/image/SSI URL classification,internal/target/normalize.go,No equivalent configurable extension-classification and small-file retrieval policy.
owtf/settings.py,161,REGEXP_PASSWORD,cdf64b55bdc6d5e78d60b997cf2b476db59e24f3e57a0c4300594af215b00295,removed,No application accounts,docs/usage/access-model.rst,Application authentication and its validation/administration settings were explicitly removed.
owtf/settings.py,162,REGEXP_EMAIL,e6419d52922ed2d37cdc3d4f5e610655bd9686a99fcabc3b7585ec3aa7c6fbad,removed,No application accounts,docs/usage/access-model.rst,Application authentication and its validation/administration settings were explicitly removed.
owtf/settings.py,174,SERVER_LOG,916b90c9d5f3f674541890cb2e0ef8733524d9162809c6e62a449cd0a21d15c7,replaced,stderr and persisted task events,cmd/owtf/main.go; internal/runner/runner.go,Process logs go to stderr; task logs are stored as events. No equivalent per-service log-file setting.
owtf/settings.py,175,FILE_SERVER_LOG,c7d1dd0b22bfa9117f7c99269b9beafbe27c3e3f3cad5a58b2cd2e8cf44e23ed,replaced,stderr and persisted task events,cmd/owtf/main.go; internal/runner/runner.go,Process logs go to stderr; task logs are stored as events. No equivalent per-service log-file setting.
owtf/settings.py,178,HTTP_AUTH_HOST,fb58f010149c493cdd8dc201b3d1067faffde2ed512e7e196c4743685912dd35,replaced,proxy.httpAuthFile,internal/proxy/auth.go,Host-scoped Basic/Digest credentials live in a private file; no global credential tuple.
owtf/settings.py,179,HTTP_AUTH_USERNAME,fdbcc06d67ca4165ec85cee4b9c0ce6276c060fc1de721eebbff739449d3e42b,replaced,proxy.httpAuthFile,internal/proxy/auth.go,Host-scoped Basic/Digest credentials live in a private file; no global credential tuple.
owtf/settings.py,180,HTTP_AUTH_PASSWORD,f99a83ab99a52a8bceae171434daebe88897198dc27ddf588ce03777451536cc,replaced,proxy.httpAuthFile,internal/proxy/auth.go,Host-scoped Basic/Digest credentials live in a private file; no global credential tuple.
owtf/settings.py,181,HTTP_AUTH_MODE,79ee0c16897dba08ee0ea9a2ec78b3f45f24c409d1898fbe6c2cdec1d8ad48f6,replaced,proxy.httpAuthFile,internal/proxy/auth.go,Host-scoped Basic/Digest credentials live in a private file; no global credential tuple.
owtf/settings.py,184,RESOURCE_MONITOR_PROFILER,34a080de858201a8948050f2e4933672d7a61a2e5aea097e88a0bcd5bd13a894,replaced,server.workers,internal/runner/runner.go,Fixed bounded worker pool replaces CPU/RAM-driven dynamic scaling; old thresholds do not map one-to-one.
owtf/settings.py,185,PROCESS_PER_CORE,b6770a7029addd0c80231925527aa4d0153179735a0d867ff8837fb4c94b2bfe,replaced,server.workers,internal/runner/runner.go,Fixed bounded worker pool replaces CPU/RAM-driven dynamic scaling; old thresholds do not map one-to-one.
owtf/settings.py,186,MIN_RAM_NEEDED,4341424682015da849c2841b327f70ba4f3567cf9537802c293c43beb23bb786,replaced,server.workers,internal/runner/runner.go,Fixed bounded worker pool replaces CPU/RAM-driven dynamic scaling; old thresholds do not map one-to-one.
owtf/settings.py,189,DATE_TIME_FORMAT,a5d279b870be5357021ce6ef31b0c8d3dc7e7f8f2873e4ac7e014f1239083571,replaced,RFC3339 timestamps,internal/model/model.go,No global custom datetime formatting setting.
owtf/settings.py,190,REPLACEMENT_DELIMITER,694b832dd21d69fe48983f3b6d82845559ec1c543396736e67280a54c7c41420,replaced,Argument bindings,internal/plugin/command.go,Typed argument bindings replace arbitrary @@@ string substitution.
owtf/settings.py,191,REPLACEMENT_DELIMITER_LENGTH,adc188afe4cf2bbf48373ba5e2d1ee8f016af55b58fbad6c737fa934f05dd3c7,replaced,Argument bindings,internal/plugin/command.go,Typed argument bindings replace arbitrary @@@ string substitution.
owtf/settings.py,192,CONFIG_TYPES,ad4d1d436901cbc3d423ce1e12d115b72e6c1b73c8bffdc8b75880d44065f5bf,replaced,Versioned YAML; explicit directories,internal/config/config.go,Executable settings overrides and installation/fallback path constants are not carried forward.
owtf/settings.py,194,USER_AGENT,445141eca7f2969212511ded05be3fcedace000c730f5d5b3c2dc5668fdf4fc8,partial,Per-plugin user_agent input,internal/config/config.go; internal/plugin/http_config.go; internal/plugin/http_config_test.go,Shared configurable User-Agent for OWTF-owned collectors. External tools retain explicit inputs; not a global override for all legacy commands.
owtf/settings.py,195,PROXY_CHECK_URL,cbcc225b55529c810a7e94aea9668a806e16571c3b683b6d5f11e0645e19f321,removed,No external proxy-check probe,internal/proxy/proxy.go,Automatic probe to a public third-party URL is not retained.
owtf/settings.py,198,FALLBACK_WEB_TEST_GROUPS,370c8240cdcde20aa2e1dcdb18f325e18298591e8a397342cac836b849f6687b,replaced,Versioned YAML; explicit directories,internal/config/config.go,Executable settings overrides and installation/fallback path constants are not carried forward.
owtf/settings.py,199,FALLBACK_NET_TEST_GROUPS,272934e25ec8f9cc721b71e84fa534488c43559b605c613f6c29a11fd085116e,replaced,Versioned YAML; explicit directories,internal/config/config.go,Executable settings overrides and installation/fallback path constants are not carried forward.
owtf/settings.py,200,FALLBACK_AUX_TEST_GROUPS,c46bc8da4ae03746bf6672c155436be46f4b9d10e385b42500bbbdd159f67277,replaced,Versioned YAML; explicit directories,internal/config/config.go,Executable settings overrides and installation/fallback path constants are not carried forward.
owtf/settings.py,201,FALLBACK_PLUGINS_DIR,8d99d634715ad6531c3c759ea0ef6f4e737051fbcbd53f56537da0a37a6d11e7,replaced,Versioned YAML; explicit directories,internal/config/config.go,Executable settings overrides and installation/fallback path constants are not carried forward.
owtf/settings.py,202,FALLBACK_GENERAL_PROFILE,5f109db293d7bf2c88b2e01550d02ff4b1025a7cb7f2e5a9fcc1573af0c2f1e8,replaced,Versioned YAML; explicit directories,internal/config/config.go,Executable settings overrides and installation/fallback path constants are not carried forward.
owtf/settings.py,203,FALLBACK_FRAMEWORK_CONFIG,8c946be591e8cec8d3630fe01335b84a084d07b64301678833ea0414000dedc4,replaced,Versioned YAML; explicit directories,internal/config/config.go,Executable settings overrides and installation/fallback path constants are not carried forward.
owtf/settings.py,204,FALLBACK_RESOURCES_PROFILE,eb0fee720fcae595c3ea2f6c521d6c6f0fb2d89e9ddbb83086263d49fd8b7f1a,replaced,Versioned YAML; explicit directories,internal/config/config.go,Executable settings overrides and installation/fallback path constants are not carried forward.
owtf/settings.py,205,FALLBACK_WEB_PLUGIN_ORDER_PROFILE,0663f4ce61b61bb1bb82db3f376dc54f2ddf37e22182f5a8f8eeaa5888211cb7,replaced,Versioned YAML; explicit directories,internal/config/config.go,Executable settings overrides and installation/fallback path constants are not carried forward.
owtf/settings.py,206,FALLBACK_NET_PLUGIN_ORDER_PROFILE,2847724eeee45d1eac808069d4c97817501bbbbaa6cca723b97e52dfaa5ae478,replaced,Versioned YAML; explicit directories,internal/config/config.go,Executable settings overrides and installation/fallback path constants are not carried forward.
owtf/settings.py,218,JWT_SECRET_KEY,b714e4037844776911dc96e656c1fe85aa0cf24f040046731a8b7b91f85ec340,removed,No application accounts,docs/usage/access-model.rst,Application authentication and its validation/administration settings were explicitly removed.
owtf/settings.py,219,JWT_ALGORITHM,d3998569f8d8e07ace495dce07a88acfaaca83d478162e6878925f1387fe3a21,removed,No application accounts,docs/usage/access-model.rst,Application authentication and its validation/administration settings were explicitly removed.
owtf/settings.py,220,JWT_EXP_DELTA_SECONDS,3e661c08acc8aa589cb770ebfa382f866598bc7770b4f6d7e27cebb85b7ebba5,removed,No application accounts,docs/usage/access-model.rst,Application authentication and its validation/administration settings were explicitly removed.
owtf/settings.py,221,JWT_OPTIONS,46134634ad2655f852a1df9b1c05ce717128863ddd022cf383de8caacaee07e9,removed,No application accounts,docs/usage/access-model.rst,Application authentication and its validation/administration settings were explicitly removed.
owtf/settings.py,231,ADMIN_EMAILS,693ba928d0beecf433d335a5a0b7fe0b07308b32439fef29fa95e4617581804e,removed,No application accounts,docs/usage/access-model.rst,Application authentication and its validation/administration settings were explicitly removed.
owtf/settings.py,242,WORKER_MAX_PROCESSES,d569944df6c3745d0ef33ea43f82f845228f1a0879b26d0d180b15ae711d15d0,replaced,server.workers,internal/runner/runner.go,Fixed bounded worker pool replaces CPU/RAM-driven dynamic scaling; old thresholds do not map one-to-one.
owtf/settings.py,243,WORKER_HIGH_WATER,1eaf0fe17afa26fe769e51494153000dfc0df9ef507d58dfdc4509ff55a060ad,replaced,server.workers,internal/runner/runner.go,Fixed bounded worker pool replaces CPU/RAM-driven dynamic scaling; old thresholds do not map one-to-one.
owtf/settings.py,244,WORKER_LOW_WATER,1e172d1f924bb4fa31767fa373fa384471b8fb76dfe76e6e2484be9ac6fb9c8c,replaced,server.workers,internal/runner/runner.go,Fixed bounded worker pool replaces CPU/RAM-driven dynamic scaling; old thresholds do not map one-to-one.
owtf/settings.py,245,WORKER_BATCH_SIZE,93a9144f97f344b071b8980af94b46575e4b3383bdd556fdea9a3e9017a5b1ff,replaced,server.workers,internal/runner/runner.go,Fixed bounded worker pool replaces CPU/RAM-driven dynamic scaling; old thresholds do not map one-to-one.
owtf/settings.py,248,PLUGIN_TIMEOUT,a8970e74b97299a66a7b13618676576a01b27a6fd32a537e2c03aab9d404897b,partial,server.taskTimeoutSeconds,internal/config/config.go; internal/runner/runner.go; docs/architecture/settings-decisions.md,Legacy plugin-function deadline defaults to 300 seconds; current task context defaults to 30 seconds with cancellation cleanup. No equivalent-default claim; revisit durations when plugin work resumes.
owtf/settings.py,249,PLUGIN_MAX_RETRIES,0f289c4fc84fb9b2e444d150e277d0d0e3892f36b31182b7047814cb746cff33,removed,Explicit new run,internal/cli/cli.go,Plugin retry setting removed by product decision; a new run is required.
owtf/data/conf/general.yaml,5,TOOL_SET_DIR,35f9e7bb2aa8f6ee588cc10c47527417d01ef26f3facf7f3d2286e8766f9e1c9,removed,Retired remote-shell or phishing orchestration,docs/architecture/settings-decisions.md,Explicit product retirement: remote shell/SBD and SET/phishing lifecycles are outside OWTF. Trusted command plugins and SMTP probing remain supported.
owtf/data/conf/general.yaml,7,TOOL_THEHARVESTER_BIN,fb258187d100bbaa994c388b7f5dd29c02442582eb9fd07ec6a6129e7bca22e0,gap,No verified equivalent,docs/architecture/plugin-support-decisions.csv,Legacy setting has no verified current mapping. Do not assume the retained technique ports this tool or default.
owtf/data/conf/general.yaml,9,TOOL_THEHARVESTER_DIR,ac881658eb0d3f752640c5f634648f98cde830b294824fd59c3d051cbd475463,gap,No verified equivalent,docs/architecture/plugin-support-decisions.csv,Legacy setting has no verified current mapping. Do not assume the retained technique ports this tool or default.
owtf/data/conf/general.yaml,11,TOOL_METAGOOFIL_DIR,38c5c2b09a19cc741edcf97575a06db17b4f9bea008a6bb460a5f3cd79af6348,replaced,Manifest executable and owtf/kali-tools:local,docker/Dockerfile.tools; internal/plugin/container.go,Executable is supplied by the tools image; legacy host installation path override is not retained.
owtf/data/conf/general.yaml,13,TOOL_HTTPRINT_DIR,f99d997497b6b38627a39c34e8bc3dcb9fc2791c54575d056537d55341a9b3ed,gap,No verified equivalent,docs/architecture/plugin-support-decisions.csv,Legacy setting has no verified current mapping. Do not assume the retained technique ports this tool or default.
owtf/data/conf/general.yaml,15,TOOL_WAFW00F,755b2acc6a28fa7d6b01060030c569e39c884fe2d3913f794e4cfa8f7ceae6af,replaced,Manifest executable and owtf/kali-tools:local,docker/Dockerfile.tools; internal/plugin/container.go,Executable is supplied by the tools image; legacy host installation path override is not retained.
owtf/data/conf/general.yaml,17,TOOL_NMAP,b034b3c6ac8fda9f1fb648503083b33c8aea9663a76bf9c6aaada0c84d14abd9,replaced,Manifest executable and owtf/kali-tools:local,docker/Dockerfile.tools; internal/plugin/container.go,Executable is supplied by the tools image; legacy host installation path override is not retained.
owtf/data/conf/general.yaml,19,TOOL_WHATWEB,acc82e6b823a19eadf2e0fb62d704428b4efc96418e9d035f195cc0c09a44f48,replaced,Manifest executable and owtf/kali-tools:local,docker/Dockerfile.tools; internal/plugin/container.go,Executable is supplied by the tools image; legacy host installation path override is not retained.
owtf/data/conf/general.yaml,21,TOOL_CMS_EXPLORER_DIR,0a58248fd82ded4a560e9c7cbd5f3322355834c260edee8aed957386f06aef04,gap,No verified equivalent,docs/architecture/plugin-support-decisions.csv,Legacy setting has no verified current mapping. Do not assume the retained technique ports this tool or default.
owtf/data/conf/general.yaml,23,TOOL_LBD,4b830afa4eda1a04292b97bfa20cc856ffc78c649c0fa57567eb463d6cea14a9,gap,No verified equivalent,docs/architecture/plugin-support-decisions.csv,Legacy setting has no verified current mapping. Do not assume the retained technique ports this tool or default.
owtf/data/conf/general.yaml,25,TOOL_DNS_RECON,ddf427dddb71bd00afe0b5013d51729819f1e165eb2af8c015860e91b70e757f,gap,No verified equivalent,docs/architecture/plugin-support-decisions.csv,Legacy setting has no verified current mapping. Do not assume the retained technique ports this tool or default.
owtf/data/conf/general.yaml,27,TOOL_UA_TESTER,4bb51c751f1735d7fdce8f72404f0f4c7019d779bb542dfeeba06d367d57fd37,gap,No verified equivalent,docs/architecture/plugin-support-decisions.csv,Legacy setting has no verified current mapping. Do not assume the retained technique ports this tool or default.
owtf/data/conf/general.yaml,29,TOOL_SKIPFISH_BIN,1bb9db6fdb3c2efd8084e45330465b3f34728263f09114e62115a9281fbe0b75,removed,Retired scanner integration,docs/architecture/plugin-support-decisions.csv,Arachni; Skipfish; and W3AF wrappers were explicitly rejected.
owtf/data/conf/general.yaml,31,TOOL_SKIPFISH_DIR,e2835e23215894d9a96402b22862d8c7d2d9e1967f77f6d321dd5b680c94d1c7,removed,Retired scanner integration,docs/architecture/plugin-support-decisions.csv,Arachni; Skipfish; and W3AF wrappers were explicitly rejected.
owtf/data/conf/general.yaml,33,TOOL_ARACHNI_BIN,d52551c57a2a622f385c141681a8e89c27cd68fde18b18fe2d9cb7ecdf0d8060,removed,Retired scanner integration,docs/architecture/plugin-support-decisions.csv,Arachni; Skipfish; and W3AF wrappers were explicitly rejected.
owtf/data/conf/general.yaml,35,TOOL_ARACHNI_REPORTER_BIN,a13c6e86ea742e570d693f069f510409e18b182f4c587d38a615462f0e6d0d51,removed,Retired scanner integration,docs/architecture/plugin-support-decisions.csv,Arachni; Skipfish; and W3AF wrappers were explicitly rejected.
owtf/data/conf/general.yaml,37,TOOL_NIKTO_BIN,318f51d1caf9e951546158cf0cbb04018d6327799cbb7f180cd6f4e00fb30bd8,replaced,Manifest executable and owtf/kali-tools:local,docker/Dockerfile.tools; internal/plugin/container.go,Executable is supplied by the tools image; legacy host installation path override is not retained.
owtf/data/conf/general.yaml,39,TOOL_NIKTO_DIR,ad3311e755fb2d0b4b735a09353f3a4d7bf9ddfef79d0eb588dae49a17591fc2,replaced,Manifest executable and owtf/kali-tools:local,docker/Dockerfile.tools; internal/plugin/container.go,Executable is supplied by the tools image; legacy host installation path override is not retained.
owtf/data/conf/general.yaml,41,TOOL_W3AF_BIN,cf2d56e0229f7b26570e00bbdfef4bfcce04821ca67cac79e66bc774364e742b,removed,Retired scanner integration,docs/architecture/plugin-support-decisions.csv,Arachni; Skipfish; and W3AF wrappers were explicitly rejected.
owtf/data/conf/general.yaml,43,TOOL_WAPITI_BIN,440f54a9183903f74807750c18ef187fe3f755d6d6dd5ea97ba4ca3675f0f015,replaced,Manifest executable and owtf/kali-tools:local,docker/Dockerfile.tools; internal/plugin/container.go,Executable is supplied by the tools image; legacy host installation path override is not retained.
owtf/data/conf/general.yaml,45,TOOL_DIRBUSTER_BIN,3763fff3844fec9daf428c461e96987258f56f0533c8af4e81302f0dab4d82ae,gap,No verified equivalent,docs/architecture/plugin-support-decisions.csv,Legacy setting has no verified current mapping. Do not assume the retained technique ports this tool or default.
owtf/data/conf/general.yaml,47,TOOL_METASPLOIT_DIR,0ac1158ac61e085bfc9117fe650b39cc27d28e541fd56177edabd0f4220816e5,gap,No verified equivalent,docs/architecture/plugin-support-decisions.csv,Legacy setting has no verified current mapping. Do not assume the retained technique ports this tool or default.
owtf/data/conf/general.yaml,49,TOOL_HOPPY_DIR,b94d1aa3c73414c57c20fb72ce3098172f7e5f34d52a7a5b885e8c273f0bd44d,gap,No verified equivalent,docs/architecture/plugin-support-decisions.csv,Legacy setting has no verified current mapping. Do not assume the retained technique ports this tool or default.
owtf/data/conf/general.yaml,51,TOOL_WPSCAN,2424df242f555058141b6ebd73e3b4afdf7fcca1af6750ced3e07b58212f4cec,gap,No verified equivalent,docs/architecture/plugin-support-decisions.csv,Legacy setting has no verified current mapping. Do not assume the retained technique ports this tool or default.
owtf/data/conf/general.yaml,53,TOOL_HYDRA,4a8eea86064c56f03574680e2d5ecd75ad271ee23ea6ec538f28dbef40945e25,deferred,Credential attack inputs,docs/architecture/plugin-support-decisions.csv,"No migrated credential dictionaries, brute-forcer selection, timing, or username/password-file inputs."
owtf/data/conf/general.yaml,55,TOOL_TLSSLED,dfeee0d3d6c54cc3ccac08e410d106db6070fceb3259fc951ee4af02f36b1155,gap,No verified equivalent,docs/architecture/plugin-support-decisions.csv,Legacy setting has no verified current mapping. Do not assume the retained technique ports this tool or default.
owtf/data/conf/general.yaml,57,TOOL_SSL_CIPHER_CHECK,0810ba9fb1820d9b39a7479c42d2cefd84071d7622103f3b5410a1af58266fbc,gap,No verified equivalent,docs/architecture/plugin-support-decisions.csv,Legacy setting has no verified current mapping. Do not assume the retained technique ports this tool or default.
owtf/data/conf/general.yaml,59,TOOL_HTTP_TRACEROUTE,1b0806587e15073dd6891865e0a6d7d3ad83140334e5bfb015efe2656e8a097c,gap,No verified equivalent,docs/architecture/plugin-support-decisions.csv,Legacy setting has no verified current mapping. Do not assume the retained technique ports this tool or default.
owtf/data/conf/general.yaml,61,TOOL_HTTP_DOS_SLOWLORIS,43f5c0a7c8a622fd171fb7bc239edbe0bae4a88a6bd12d01395e64794f3e8b61,removed,Generic DoS launcher retired,docs/architecture/plugin-support-decisions.csv,Tool paths belong to the rejected generic DoS launcher.
owtf/data/conf/general.yaml,63,TOOL_HTTP_DOS_HASH_COLLISION,b3ecc6de7d46d9f6a3e90ec082b8c4ea3c87f41283eb50f83f8504bd9b3f7074,removed,Generic DoS launcher retired,docs/architecture/plugin-support-decisions.csv,Tool paths belong to the rejected generic DoS launcher.
owtf/data/conf/general.yaml,65,TOOL_PANOPTIC_DIR,a8d2f34572cb09d94ce4926e152ee57e1b7557dff2c3445f1fb5cf393f80e0de,gap,No verified equivalent,docs/architecture/plugin-support-decisions.csv,Legacy setting has no verified current mapping. Do not assume the retained technique ports this tool or default.
owtf/data/conf/general.yaml,67,TOOL_DNSPIDER,062d6af2b75aeaa6efceae37cfe957afa2fcf6e12c5893630298b028fb082307,gap,No verified equivalent,docs/architecture/plugin-support-decisions.csv,Legacy setting has no verified current mapping. Do not assume the retained technique ports this tool or default.
owtf/data/conf/general.yaml,69,TOOL_DNSPIDER_DIR,e42bb6ce8fef14f1d6629155716833e4ef01bbcd1c64e8a18ec73d1786d7a295,gap,No verified equivalent,docs/architecture/plugin-support-decisions.csv,Legacy setting has no verified current mapping. Do not assume the retained technique ports this tool or default.
owtf/data/conf/general.yaml,71,TOOL_O-SAFT_BIN,94a7884cabe0f5e2c9d7566d074ce371216dc113b6ab9b68570aeba095cbf02f,gap,No verified equivalent,docs/architecture/plugin-support-decisions.csv,Legacy setting has no verified current mapping. Do not assume the retained technique ports this tool or default.
owtf/data/conf/general.yaml,73,TOOL_SSLLABS_SCAN_DIR,a2bbcecb0ebe567ba5a615a83d509712dd7d148494326e464d7cc82bd1ddef84,gap,No verified equivalent,docs/architecture/plugin-support-decisions.csv,Legacy setting has no verified current mapping. Do not assume the retained technique ports this tool or default.
owtf/data/conf/general.yaml,75,TOOL_GOBUSTER,d237770aea47626490ebcc5445a95de8b0155b5bb1749890af551b2a8730a721,replaced,Manifest executable and owtf/kali-tools:local,docker/Dockerfile.tools; internal/plugin/container.go,Executable is supplied by the tools image; legacy host installation path override is not retained.
owtf/data/conf/general.yaml,77,TOOL_TESTSSL,d1daa223011b2f8cf40980bee48787186196eac7749f5192cf113e61d0be19ff,replaced,Manifest executable and owtf/kali-tools:local,docker/Dockerfile.tools; internal/plugin/container.go,Executable is supplied by the tools image; legacy host installation path override is not retained.
owtf/data/conf/general.yaml,79,TOOL_GCPBUCKETBRUTE,f5c48c720844e73bb317f0314e9947cb4af4a221fabb672e4e01d96150f78675,gap,No verified equivalent,docs/architecture/plugin-support-decisions.csv,Legacy setting has no verified current mapping. Do not assume the retained technique ports this tool or default.
owtf/data/conf/general.yaml,81,TOOL_DIRSEARCH,28b4ab02e9a8dda501d731c59820dd83ab122794e2824beb85591fa0705b1314,gap,No verified equivalent,docs/architecture/plugin-support-decisions.csv,Legacy setting has no verified current mapping. Do not assume the retained technique ports this tool or default.
owtf/data/conf/general.yaml,83,TOOL_AMASS,a20bb07bade9acbada0e39fb48aa9ebbad3f3028fe4651b0bbc3ef65774e3696,gap,No verified equivalent,docs/architecture/plugin-support-decisions.csv,Legacy setting has no verified current mapping. Do not assume the retained technique ports this tool or default.
owtf/data/conf/general.yaml,85,TOOL_NUCLEI,4205723b10f5cbda14ac81d0e7b62f57a40719c3be403ee8ad6a958636623b88,replaced,Manifest executable and owtf/kali-tools:local,docker/Dockerfile.tools; internal/plugin/container.go,Executable is supplied by the tools image; legacy host installation path override is not retained.
owtf/data/conf/general.yaml,87,TOOL_HTTPX,3ad8b02290770a0745dcdc069e0e41e582a2d3d5e4608de2bafa6b2bae67b4b1,gap,No verified equivalent,docs/architecture/plugin-support-decisions.csv,Legacy setting has no verified current mapping. Do not assume the retained technique ports this tool or default.
owtf/data/conf/general.yaml,89,TOOL_GAU,137b8af83e42f0281c3264724e9cfe587dc3a24d6eb58c1d9e3b68cec1fde37d,gap,No verified equivalent,docs/architecture/plugin-support-decisions.csv,Legacy setting has no verified current mapping. Do not assume the retained technique ports this tool or default.
owtf/data/conf/general.yaml,98,ONLINE_USER_LIST,e7033d9329ff1c140e026219ac844a5b5fb443c0f2a355543b86a7e80b17bab7,deferred,Credential attack inputs,docs/architecture/plugin-support-decisions.csv,"No migrated credential dictionaries, brute-forcer selection, timing, or username/password-file inputs."
owtf/data/conf/general.yaml,103,ONLINE_PASSWORD_LIST,494a7011e671efccec5c44bd958d7f4d6ad95487101affd8f3b8e8abaf2bd744,deferred,Credential attack inputs,docs/architecture/plugin-support-decisions.csv,"No migrated credential dictionaries, brute-forcer selection, timing, or username/password-file inputs."
owtf/data/conf/general.yaml,107,THREADS,ec8d504c7fafe7d70d696b16488ba0158956abdce1bebc2b2670079f34d108de,deferred,Credential attack inputs,docs/architecture/plugin-support-decisions.csv,"No migrated credential dictionaries, brute-forcer selection, timing, or username/password-file inputs."
owtf/data/conf/general.yaml,111,RESPONSE_WAIT,0d00bc8d703ebf8f3e3528b961837852f0fddd7dddff2f0e0f656f1dd2059e41,deferred,Credential attack inputs,docs/architecture/plugin-support-decisions.csv,"No migrated credential dictionaries, brute-forcer selection, timing, or username/password-file inputs."
owtf/data/conf/general.yaml,115,CONNECT_WAIT,34fbc1963d4b18b1fe8a420c35bfcbae404d5c0089948a5a002f66f6f4c14573,deferred,Credential attack inputs,docs/architecture/plugin-support-decisions.csv,"No migrated credential dictionaries, brute-forcer selection, timing, or username/password-file inputs."
owtf/data/conf/general.yaml,120,BRUTEFORCER,6de6a44b0e64608857d9400260320eaa8ddc9397ab163576ea4750da167c8af1,deferred,Credential attack inputs,docs/architecture/plugin-support-decisions.csv,"No migrated credential dictionaries, brute-forcer selection, timing, or username/password-file inputs."
owtf/data/conf/general.yaml,122,USERNAME_PASSWORD_FILE,6e235f5d3c757f4666919ea904ccec47fca316e5ce94858664a7febe25b33626,deferred,Credential attack inputs,docs/architecture/plugin-support-decisions.csv,"No migrated credential dictionaries, brute-forcer selection, timing, or username/password-file inputs."
owtf/data/conf/general.yaml,124,SAMRDUMP_FILE,0098fde214fe59ebb1ee7b43415c4ed47c4760f4c06aa62efb57c76eafe2dfe8,gap,No verified equivalent,docs/architecture/plugin-support-decisions.csv,Legacy setting has no verified current mapping. Do not assume the retained technique ports this tool or default.
owtf/data/conf/general.yaml,129,DICT_SECLISTS,31718ff37c370bade66bd48a48bde4b7949efa0dd7303b3a70e68a1d021148e5,partial,Named operator-supplied wordlist,internal/plugin/input.go; wordlists/README.md,"Wordlist mechanism exists, but the referenced legacy dictionary contents/install paths are not supplied."
owtf/data/conf/general.yaml,132,DICT_GENERIC_DIRBUSTER,2dd8537dc376c4a3ca303e5b083e9cdf3a78177876ccc6fbee6b91e0e502933f,partial,Named operator-supplied wordlist,internal/plugin/input.go; wordlists/README.md,"Wordlist mechanism exists, but the referenced legacy dictionary contents/install paths are not supplied."
owtf/data/conf/general.yaml,137,DICT_CMS_ALL_DIRBUSTER,319c9a4e0f3dc534cecdd7afc772a8339b55b5a2a5a12381541047f502b7bb94,partial,Named operator-supplied wordlist,internal/plugin/input.go; wordlists/README.md,"Wordlist mechanism exists, but the referenced legacy dictionary contents/install paths are not supplied."
owtf/data/conf/general.yaml,140,DICT_CMS_WORDPRESS_ALL_DIRBUSTER,e27042096b7759fd8bd85dfdbb0de40c488acf13d2746bf62b2bc792ace3795f,partial,Named operator-supplied wordlist,internal/plugin/input.go; wordlists/README.md,"Wordlist mechanism exists, but the referenced legacy dictionary contents/install paths are not supplied."
owtf/data/conf/general.yaml,142,DICT_CMS_WORDPRESS_PLUGINS_DIRBUSTER,48ee1286b41a9faba0c53c6442bf579ddd8e7608bccb1d3be4c36de5bdab8c75,partial,Named operator-supplied wordlist,internal/plugin/input.go; wordlists/README.md,"Wordlist mechanism exists, but the referenced legacy dictionary contents/install paths are not supplied."
owtf/data/conf/general.yaml,144,DICT_CMS_WORDPRESS_THEMES_DIRBUSTER,efa2b4f67eee9c0422a322654f4578cd4c539953559d844bcb6c1f0fa7ce3b05,partial,Named operator-supplied wordlist,internal/plugin/input.go; wordlists/README.md,"Wordlist mechanism exists, but the referenced legacy dictionary contents/install paths are not supplied."
owtf/data/conf/general.yaml,147,DICT_CMS_JOOMLA_ALL_DIRBUSTER,9e3b771b48f2de9cf692bfca4b951c107e6dcd7abfd5c497bd56a90328d298fa,partial,Named operator-supplied wordlist,internal/plugin/input.go; wordlists/README.md,"Wordlist mechanism exists, but the referenced legacy dictionary contents/install paths are not supplied."
owtf/data/conf/general.yaml,149,DICT_CMS_JOOMLA_PLUGINS_DIRBUSTER,0ff457100023813bd96c6f9f7d7d276bb9aaa552c538f30c82325e56b3ce35a3,partial,Named operator-supplied wordlist,internal/plugin/input.go; wordlists/README.md,"Wordlist mechanism exists, but the referenced legacy dictionary contents/install paths are not supplied."
owtf/data/conf/general.yaml,151,DICT_CMS_JOOMLA_THEMES_DIRBUSTER,f81a55381e586796c0fdda635f63eeaae10999bc2a9aa8c7eddd9c0a88e472e0,partial,Named operator-supplied wordlist,internal/plugin/input.go; wordlists/README.md,"Wordlist mechanism exists, but the referenced legacy dictionary contents/install paths are not supplied."
owtf/data/conf/general.yaml,154,DICT_CMS_DRUPAL_ALL_DIRBUSTER,55e431c584c4a6f696a310b51bbcd7734845ad026569ec060df948b00c449668,partial,Named operator-supplied wordlist,internal/plugin/input.go; wordlists/README.md,"Wordlist mechanism exists, but the referenced legacy dictionary contents/install paths are not supplied."
owtf/data/conf/general.yaml,156,DICT_CMS_DRUPAL_PLUGINS_DIRBUSTER,78154b5e2fdd8ae465ea6dea18096a7569d4b2911fcff7b424406c5b5c0abae2,partial,Named operator-supplied wordlist,internal/plugin/input.go; wordlists/README.md,"Wordlist mechanism exists, but the referenced legacy dictionary contents/install paths are not supplied."
owtf/data/conf/general.yaml,158,DICT_CMS_DRUPAL_THEMES_DIRBUSTER,18259ba2901e2fa3d346e5801337810d252b611d71933dd25c12499e25f0f403,partial,Named operator-supplied wordlist,internal/plugin/input.go; wordlists/README.md,"Wordlist mechanism exists, but the referenced legacy dictionary contents/install paths are not supplied."
owtf/data/conf/general.yaml,163,FTP_PORT_NUMBER,07587589c37d93ad8f9133359cd7da3af98225b482b2b43d357f90533549d109,replaced,input.port,plugins/network/PTES-001/active/plugin.yaml,Validated per-plugin port input replaces a global constant.
owtf/data/conf/general.yaml,165,VNC_PORT_NUMBER,276451451fdfc4703d545fc9408d03db9ef795dba05b87d7b7ac6a30f46054c3,replaced,input.port,plugins/network/PTES-003/active/plugin.yaml,Validated per-plugin port input replaces a global constant.
owtf/data/conf/general.yaml,167,X11_PORT_NUMBER,6a49efcb9d797327f70e456049245e12a53844e56f79896c3b0978effc8424a9,replaced,input.port,plugins/network/PTES-004/active/plugin.yaml,Validated per-plugin port input replaces a global constant.
owtf/data/conf/general.yaml,169,SMTP_PORT_NUMBER,97465f25eebbb70a6ba017c36caaf92643b27d2507ee986fa489736cafcc011d,replaced,input.port,plugins/network/PTES-002/active/plugin.yaml,Validated per-plugin port input replaces a global constant.
owtf/data/conf/general.yaml,171,SNMP_PORT_NUMBER,3aeef7a39b5a2d70015edccf2a336891f0dfdd052b3dd94703670634269531af,deferred,SNMP plugin work,docs/architecture/plugin-support-decisions.csv,SNMP/community handling remains explicitly deferred.
owtf/data/conf/general.yaml,173,MSSQL_PORT_NUMBER,4d9d7fb4f64c6f406c1fe22d6a577eda3eb7a70fbb92a9f15ca9853a048d56c0,partial,input.port,plugins/network/PTES-006/active/plugin.yaml,Legacy default 1434 is replaced by TCP 1433; UDP browser-discovery behavior is not equivalent.
owtf/data/conf/general.yaml,175,MSRPC_PORT_NUMBER,2eb7352125ff00bb7d76cb71dff4279220bb12b642eb5c48c4382106d6b6f69b,replaced,input.port,plugins/network/PTES-007/active/plugin.yaml,Validated per-plugin port input replaces a global constant.
owtf/data/conf/general.yaml,177,PPP_PORT_NUMBER,8d9346cd78802e0d2434041c7289afd8d0b42c5a8ab48b80da24e74d3adda5e5,gap,PPP port/probe,docs/architecture/plugin-support-decisions.csv,No retained PPP probe or corresponding port input.
owtf/data/conf/general.yaml,179,SMB_PORT_NUMBER,d3630a6caf7821db70525421bf87e99639845bcfee13daea31481aec03ba5e33,replaced,input.port,plugins/network/PTES-009/active/plugin.yaml,Validated per-plugin port input replaces a global constant.
owtf/data/conf/general.yaml,181,HTTP_RPC_PORT_NUMBER,c6f4684d458367c166e294df664ec826a44c8c693d8d033b6e9394498dc59e9c,replaced,input.port,plugins/network/PTES-008/active/plugin.yaml,Validated per-plugin port input replaces a global constant.
owtf/data/conf/general.yaml,183,EMC_PORT_NUMBER,edd887412b055d44705c3636f0260dd488596fa1376dba1e2117d5cd016ccdd4,removed,EMC probe retired,docs/architecture/plugin-support-decisions.csv,Product-specific AlphaStor probe was rejected.
owtf/data/conf/general.yaml,185,EMC_PORT_NUMBER_DESCRIP,e73b8fc52b802051a09416e1b902451b794c27e2d7a935d13733054e40f579dc,removed,EMC probe retired,docs/architecture/plugin-support-decisions.csv,Product-specific AlphaStor probe was rejected.
owtf/data/conf/general.yaml,191,UDP_PORTS,283e252231130d9cb346a8849a168fc9113178834dd263546ca1bf002231c124,gap,Global TCP/UDP port-list defaults,internal/plugin/input.go,Per-plugin ports exist; no equivalent reusable comprehensive TCP/UDP list configuration.
owtf/data/conf/general.yaml,193,TCP_PORTS,7e6a42a4d465828e426cade59e3355c6350bb118b32771545590080316eb8c17,gap,Global TCP/UDP port-list defaults,internal/plugin/input.go,Per-plugin ports exist; no equivalent reusable comprehensive TCP/UDP list configuration.
owtf/data/conf/general.yaml,202,REPEAT_DELIM,2d3cbfe2a60d66434b2d1289b3f519aa3ab0730ae3146c0e53eca5db10d03f47,removed,Retired remote-shell or phishing orchestration,docs/architecture/settings-decisions.md,Explicit product retirement: remote shell/SBD and SET/phishing lifecycles are outside OWTF. Trusted command plugins and SMTP probing remain supported.
owtf/data/conf/general.yaml,206,OWTF-ARCE-001_rce_RPORT,9d864c347b8f331ecb9c1d1c2f07a3ac7319fdd0ac97343a9ffc6479e615d720,removed,Retired remote-shell or phishing orchestration,docs/architecture/settings-decisions.md,Explicit product retirement: remote shell/SBD and SET/phishing lifecycles are outside OWTF. Trusted command plugins and SMTP probing remain supported.
owtf/data/conf/general.yaml,211,ISHELL_REUSE_CONNECTION,b20d51467357bb42edb2a3c1bb181c3e7a88d3ffd6017969ac2137c5fe262907,removed,Retired remote-shell or phishing orchestration,docs/architecture/settings-decisions.md,Explicit product retirement: remote shell/SBD and SET/phishing lifecycles are outside OWTF. Trusted command plugins and SMTP probing remain supported.
owtf/data/conf/general.yaml,214,ISHELL_EXIT_METHOD,540a587b290ad0011511fb87dbb42e14c4cd3162f95823c973b5c9d101dbde66,removed,Retired remote-shell or phishing orchestration,docs/architecture/settings-decisions.md,Explicit product retirement: remote shell/SBD and SET/phishing lifecycles are outside OWTF. Trusted command plugins and SMTP probing remain supported.
owtf/data/conf/general.yaml,217,ISHELL_DELAY_BETWEEN_COMMANDS,ecb2223af5db605189b5c10f7e9aae36e58a745c69398b81668bbafebfe40f52,removed,Retired remote-shell or phishing orchestration,docs/architecture/settings-decisions.md,Explicit product retirement: remote shell/SBD and SET/phishing lifecycles are outside OWTF. Trusted command plugins and SMTP probing remain supported.
owtf/data/conf/general.yaml,221,ISHELL_COMMANDS_BEFORE_EXIT_DELIM,b06a69a7bac7fc01216f8ac6ed2f981d85fbfa664cce749048049063f153f30f,removed,Retired remote-shell or phishing orchestration,docs/architecture/settings-decisions.md,Explicit product retirement: remote shell/SBD and SET/phishing lifecycles are outside OWTF. Trusted command plugins and SMTP probing remain supported.
owtf/data/conf/general.yaml,226,SBD_PORT,cb1914ae5e10bd04f74ede2d3a882c9f735b1284ad062cb71ff97a0e1f711d79,removed,Retired remote-shell or phishing orchestration,docs/architecture/settings-decisions.md,Explicit product retirement: remote shell/SBD and SET/phishing lifecycles are outside OWTF. Trusted command plugins and SMTP probing remain supported.
owtf/data/conf/general.yaml,229,SBD_PASSWORD,934dcfac6c39bb45d609fb21117d2e1386a7e4bcf61e42e6711755acaf69479f,removed,Retired remote-shell or phishing orchestration,docs/architecture/settings-decisions.md,Explicit product retirement: remote shell/SBD and SET/phishing lifecycles are outside OWTF. Trusted command plugins and SMTP probing remain supported.
owtf/data/conf/general.yaml,234,OWTF-ADoS-001_CATEGORY,859734fd955b021579de3a7a590e2029f5f427a963fb29a0e18cd210dc0905fb,removed,Generic DoS/exploit launchers retired,docs/architecture/plugin-support-decisions.csv,The parent generic launcher was explicitly rejected.
owtf/data/conf/general.yaml,236,OWTF-ADoS-001_RHOST,a2b8fe3da7a6cf5608d194eaa250305d83265c2c6b524d15405b7440014f7fd7,removed,Generic DoS/exploit launchers retired,docs/architecture/plugin-support-decisions.csv,The parent generic launcher was explicitly rejected.
owtf/data/conf/general.yaml,238,OWTF-ADoS-001_RPORT,312c6d8eebf39acc24d96ec5b32672b6b3dc52e3a89f6e8fb401682e75228aa7,removed,Generic DoS/exploit launchers retired,docs/architecture/plugin-support-decisions.csv,The parent generic launcher was explicitly rejected.
owtf/data/conf/general.yaml,241,OWTF-AExP-001_CATEGORY,00d485352299bc67570cabe03afdd6268ecda907c1b584fed7d2ad7399dd3ac4,removed,Generic DoS/exploit launchers retired,docs/architecture/plugin-support-decisions.csv,The parent generic launcher was explicitly rejected.
owtf/data/conf/general.yaml,243,OWTF-AExP-001_SUBCATEGORY,976430c9d0db5d306c0b92202c070d3f762c4d796c294b11cad7f316bab34ad7,removed,Generic DoS/exploit launchers retired,docs/architecture/plugin-support-decisions.csv,The parent generic launcher was explicitly rejected.
owtf/data/conf/general.yaml,245,OWTF-AExP-001_RHOST,6767cfadd195d9378ec7fe02562c52be731c0e977ed844f5a752b3bfec81680e,removed,Generic DoS/exploit launchers retired,docs/architecture/plugin-support-decisions.csv,The parent generic launcher was explicitly rejected.
owtf/data/conf/general.yaml,247,OWTF-AExP-001_RPORT,e2197e0d3f068bb0b35aade82d8a308cd0e1e7387a1c4de90739d2970a90fd3c,removed,Generic DoS/exploit launchers retired,docs/architecture/plugin-support-decisions.csv,The parent generic launcher was explicitly rejected.
owtf/data/conf/general.yaml,250,SELENIUM_URL_VECTORS_XSS,c825fc4bdd3a5ebf63daefce7bc8d850b60b7f7293f79407f44b39f98310556e,partial,OWTF-WSP-001-active,docs/architecture/plugin-support-decisions.csv,Visit URL replaces fetch outcome only; browser execution and attack-vector dictionaries are not retained.
owtf/data/conf/general.yaml,252,SELENIUM_URL_VECTORS_RCE,11da373c188a0ded89a39f7852b9093a3f6841546bf5a910ebca69af29992ada,partial,OWTF-WSP-001-active,docs/architecture/plugin-support-decisions.csv,Visit URL replaces fetch outcome only; browser execution and attack-vector dictionaries are not retained.
owtf/data/conf/general.yaml,254,SELENIUM_URL_VECTORS_SQLI,3f648ecd8c4c4a831e75dfb87751b4a57f05d0f88931b1b40ddae86c5fa3108b,partial,OWTF-WSP-001-active,docs/architecture/plugin-support-decisions.csv,Visit URL replaces fetch outcome only; browser execution and attack-vector dictionaries are not retained.
owtf/data/conf/general.yaml,256,SELENIUM_URL_VECTORS_CHARSET,264a04b6d22e333d1c10c048f388096c615f7eb1f40120ed0b2b0863e0a93a6d,partial,OWTF-WSP-001-active,docs/architecture/plugin-support-decisions.csv,Visit URL replaces fetch outcome only; browser execution and attack-vector dictionaries are not retained.
owtf/data/conf/general.yaml,259,OWTF-ASEL-001_selenium_CATEGORY,b5940d1c80c7191d7c5c873907c4051daf323d5b2e130221a66b55367f5a5b8f,partial,OWTF-WSP-001-active,docs/architecture/plugin-support-decisions.csv,Visit URL replaces fetch outcome only; browser execution and attack-vector dictionaries are not retained.
owtf/data/conf/general.yaml,261,OWTF-ASEL-001_selenium_BASE_URL,b85c26edcc04d34037d41e0720c63ec315b9e96238c5032f18b6917b02cbdd82,partial,OWTF-WSP-001-active,docs/architecture/plugin-support-decisions.csv,Visit URL replaces fetch outcome only; browser execution and attack-vector dictionaries are not retained.
owtf/data/conf/general.yaml,267,PHISHING_SCRIPT_DIR,34aefe57ba240997be4a013d87575e2186649c395ccb24f8f4335b0f94712daa,removed,Retired remote-shell or phishing orchestration,docs/architecture/settings-decisions.md,Explicit product retirement: remote shell/SBD and SET/phishing lifecycles are outside OWTF. Trusted command plugins and SMTP probing remain supported.
owtf/data/conf/general.yaml,272,SET_FILE_EXTENSION_ATTACK,a6e7ff800ff1318e13543941460b38e611541cfc406cd5ba03c346b3808c8927,removed,Retired remote-shell or phishing orchestration,docs/architecture/settings-decisions.md,Explicit product retirement: remote shell/SBD and SET/phishing lifecycles are outside OWTF. Trusted command plugins and SMTP probing remain supported.
owtf/data/conf/general.yaml,275,PHISHING_PAYLOAD,e1bbc8f35af6b20539b7a434ceed49372200e768ddf09131d0aeaabc1fb1e206,removed,Retired remote-shell or phishing orchestration,docs/architecture/settings-decisions.md,Explicit product retirement: remote shell/SBD and SET/phishing lifecycles are outside OWTF. Trusted command plugins and SMTP probing remain supported.
owtf/data/conf/general.yaml,278,ATTACHMENT_NAME,4f66b96665f6c520d7fcab221fcc4998350dcaba86a8e7a2d86264c5f3c496fa,removed,Retired remote-shell or phishing orchestration,docs/architecture/settings-decisions.md,Explicit product retirement: remote shell/SBD and SET/phishing lifecycles are outside OWTF. Trusted command plugins and SMTP probing remain supported.
owtf/data/conf/general.yaml,281,SET_EMAIL_TEMPLATE,b585cdf97b661a365faf734ecead34175ddb8e915c983a4b9430b6da9b6d1008,removed,Retired remote-shell or phishing orchestration,docs/architecture/settings-decisions.md,Explicit product retirement: remote shell/SBD and SET/phishing lifecycles are outside OWTF. Trusted command plugins and SMTP probing remain supported.
owtf/data/conf/general.yaml,286,MSF_LISTENER_IP,310afc5eb83722c9e718de5ff707fef9e12ed1f81b7c572ecae00bc24f587bee,removed,Retired remote-shell or phishing orchestration,docs/architecture/settings-decisions.md,Explicit product retirement: remote shell/SBD and SET/phishing lifecycles are outside OWTF. Trusted command plugins and SMTP probing remain supported.
owtf/data/conf/general.yaml,289,MSF_LISTENER_PORT,9374de9fd86503588918eee47dcdeb140d74dc6aed1e00aa2ba097eeca4bafaa,removed,Retired remote-shell or phishing orchestration,docs/architecture/settings-decisions.md,Explicit product retirement: remote shell/SBD and SET/phishing lifecycles are outside OWTF. Trusted command plugins and SMTP probing remain supported.
owtf/data/conf/general.yaml,292,MSF_LISTENER_SETUP,65bb8ee5639db9ad8e8dc825084f193b2fb90e81f0dfd37b19ebefa26d49f7e5,removed,Retired remote-shell or phishing orchestration,docs/architecture/settings-decisions.md,Explicit product retirement: remote shell/SBD and SET/phishing lifecycles are outside OWTF. Trusted command plugins and SMTP probing remain supported.
owtf/data/conf/general.yaml,295,EMAIL_TARGET,323dcaeb40e02f3298a5246aa231f6a3f2f291fc92776d35d1e4f3a06c0f4e52,removed,Retired remote-shell or phishing orchestration,docs/architecture/settings-decisions.md,Explicit product retirement: remote shell/SBD and SET/phishing lifecycles are outside OWTF. Trusted command plugins and SMTP probing remain supported.
owtf/data/conf/general.yaml,298,EMAIL_PRIORITY,b5a986e382f95af126ced21f3eab29d9e287297600532d16b0f620c9134f9568,removed,Retired remote-shell or phishing orchestration,docs/architecture/settings-decisions.md,Explicit product retirement: remote shell/SBD and SET/phishing lifecycles are outside OWTF. Trusted command plugins and SMTP probing remain supported.
owtf/data/conf/general.yaml,301,PDF_TEMPLATE,ca0038bcdf0baa46b5b1ab76f65a30b05c6720127aba58f2428ff7bf2ebed15d,removed,Retired remote-shell or phishing orchestration,docs/architecture/settings-decisions.md,Explicit product retirement: remote shell/SBD and SET/phishing lifecycles are outside OWTF. Trusted command plugins and SMTP probing remain supported.
owtf/data/conf/general.yaml,304,WORD_TEMPLATE,95f311b45150b97527cc4f7a58baaff225ef3d1668076c9a983de0106b30642e,removed,Retired remote-shell or phishing orchestration,docs/architecture/settings-decisions.md,Explicit product retirement: remote shell/SBD and SET/phishing lifecycles are outside OWTF. Trusted command plugins and SMTP probing remain supported.
owtf/data/conf/general.yaml,310,EMAIL_FROM,1530b2e0a51d962c6b63d10a6163260ce5ce446a1c58e479e1efd0d60f54e592,removed,Retired remote-shell or phishing orchestration,docs/architecture/settings-decisions.md,Explicit product retirement: remote shell/SBD and SET/phishing lifecycles are outside OWTF. Trusted command plugins and SMTP probing remain supported.
owtf/data/conf/general.yaml,313,SMTP_LOGIN,1f54b4b5a63e1653e5f4560eea5a6603d87100c6c35956f96cdf0a552ff758dc,removed,Retired remote-shell or phishing orchestration,docs/architecture/settings-decisions.md,Explicit product retirement: remote shell/SBD and SET/phishing lifecycles are outside OWTF. Trusted command plugins and SMTP probing remain supported.
owtf/data/conf/general.yaml,316,SMTP_PASS,c0a182384a8f73c99d74b36d8dd195e4c768d808593c3c59510da32d5c8dd92d,removed,Retired remote-shell or phishing orchestration,docs/architecture/settings-decisions.md,Explicit product retirement: remote shell/SBD and SET/phishing lifecycles are outside OWTF. Trusted command plugins and SMTP probing remain supported.
owtf/data/conf/general.yaml,319,SMTP_HOST,7b489ee3cc85b61b727180b7b2d6979c60b85d0666a240099d3a5b49d2b96bfe,removed,Retired remote-shell or phishing orchestration,docs/architecture/settings-decisions.md,Explicit product retirement: remote shell/SBD and SET/phishing lifecycles are outside OWTF. Trusted command plugins and SMTP probing remain supported.
owtf/data/conf/general.yaml,322,SMTP_PORT,4ad6051d27d73e5a3610a8146dba062b7591d6ce0e3dcd68814746c633e01840,removed,Retired remote-shell or phishing orchestration,docs/architecture/settings-decisions.md,Explicit product retirement: remote shell/SBD and SET/phishing lifecycles are outside OWTF. Trusted command plugins and SMTP probing remain supported.
owtf/data/conf/general.yaml,327,PROXYCHAINS_CONFIG,876327365dc28292b93f9a27cee486693851a552fb601c924bf905b49ee68e2e,partial,Proxy upstream configuration,internal/config/config.go,HTTP/SOCKS upstream exists for OWTF proxy; arbitrary plugin-tool traffic is not transparently proxified.
owtf/data/conf/general.yaml,335,TOOL_PROXYCHAINS,b0a8fe2cd967a1528e55b159a2280e5b6471fa7eb6b3c988d3486b774d9891be,partial,Proxy upstream configuration,internal/config/config.go,HTTP/SOCKS upstream exists for OWTF proxy; arbitrary plugin-tool traffic is not transparently proxified.
owtf/data/conf/general.yaml,337,PROXYCHAINS_COMMAND,2a923c35470dd743a323be747acc12f2448bcb75ad059b92e08acad39f66c7c8,partial,Proxy upstream configuration,internal/config/config.go,HTTP/SOCKS upstream exists for OWTF proxy; arbitrary plugin-tool traffic is not transparently proxified.
owtf/data/conf/framework.yaml,4,REGEXP_FILE_URL,6edb767a73df4b0db16b7bd8fe106f48d04292d6f874d9546d38f2c7dfcba236,gap,File/image/SSI URL classification,internal/target/normalize.go,No equivalent configurable extension-classification and small-file retrieval policy.
owtf/data/conf/framework.yaml,7,REGEXP_SMALL_FILE_URL,3b027c3ec383d7a38ec98aca87ce6c73b2ee7ba1428fffd9c03abc96ce13aaaa,gap,File/image/SSI URL classification,internal/target/normalize.go,No equivalent configurable extension-classification and small-file retrieval policy.
owtf/data/conf/framework.yaml,9,REGEXP_IMAGE_URL,9882760e54403ad7be91cadff52b17c0182ee0a3af3faa9f79f9ff03b34684b7,gap,File/image/SSI URL classification,internal/target/normalize.go,No equivalent configurable extension-classification and small-file retrieval policy.
owtf/data/conf/framework.yaml,11,REGEXP_SSI_URL,86061fcee445c105604fdba00996ca07136bee2a7770f4871231a17422600bcb,gap,File/image/SSI URL classification,internal/target/normalize.go,No equivalent configurable extension-classification and small-file retrieval policy.
owtf/data/conf/framework.yaml,13,REGEXP_VALID_URL,f64ce1cfe0b9241110976ea062ed0ccb24c69ee716d4ec991803d21b3da7223b,replaced,Target normalization,internal/target/normalize.go,URL parsing replaces permissive legacy URL regex validation; no editable regex.
owtf/data/conf/framework.yaml,18,EXTRACT_URLS_RESERVED_RESOURCE_NAME,9c4c75b0d7bda364d5d35ca7f8131a4790d4d3a1f9fa5529910f0f40d3c859a8,replaced,Structured decoder URL output,internal/plugin/decode.go,No reserved shell-command label; supported decoders emit discovered URLs.
owtf/data/conf/framework.yaml,22,HEADERS_FOR_ROBOTS,a9466d3dc77313a46daff96292fc64be6b64c75aa846d3deb9d135bd04e6ea98,partial,Manifest grep rules,plugins/web/OWTF-IG-001/grep/plugin.yaml,"Related rule exists; header set, matching semantics, extraction, or coverage differs. Raw traffic remains retained."
owtf/data/conf/framework.yaml,24,HEADERS_FOR_FINGERPRINT,8074fe3fea100153ce397ffb729426ca08d3aec0641b696f22769fa3c6c5e973,partial,Manifest grep rules,plugins/web/OWTF-IG-004/grep/plugin.yaml,"Related rule exists; header set, matching semantics, extraction, or coverage differs. Raw traffic remains retained."
owtf/data/conf/framework.yaml,26,HEADERS_FOR_CLICKJACKING_PROTECTION,fd93b1fffe6a57d9801665b79c270861db545ae5b9822485de21ec44982eb133,partial,Manifest grep rules,plugins/web/OWTF-WGP-001/grep/plugin.yaml,"Related rule exists; header set, matching semantics, extraction, or coverage differs. Raw traffic remains retained."
owtf/data/conf/framework.yaml,28,HEADERS_FOR_CORS,178a3e943e817daaebb082fb3ec763e895ee01a40740d167b27064d1917f0c7e,partial,Manifest grep rules,plugins/web/OWTF-WGP-002/grep/plugin.yaml,"Related rule exists; header set, matching semantics, extraction, or coverage differs. Raw traffic remains retained."
owtf/data/conf/framework.yaml,30,HEADERS_FOR_CORS_METHODS,c0b6afe084f523e793989a8534d3aec4accbd9650893fba35c9404a17efcdff1,partial,Manifest grep rules,plugins/web/OWTF-WGP-002/grep/plugin.yaml,"Related rule exists; header set, matching semantics, extraction, or coverage differs. Raw traffic remains retained."
owtf/data/conf/framework.yaml,32,HEADERS_FOR_XSS_PROTECTION,cd4a20020bf473f2c3e129326d34c0dede0ee5570f87b0628adbf629fb1f7dc4,gap,Analysis rule,internal/plugin/grep.go,No equivalent rule verified in current manifests.
owtf/data/conf/framework.yaml,34,HEADERS_FOR_CACHE_PROTECTION,78fd3d34578ad5defa85738344e9a21efd039d8ef3761849d5d4cf2d16fb1bac,partial,Manifest grep rules,plugins/web/OWTF-AT-007/grep/plugin.yaml,"Related rule exists; header set, matching semantics, extraction, or coverage differs. Raw traffic remains retained."
owtf/data/conf/framework.yaml,36,HEADERS_FOR_COOKIES,f1bd1c25d143137c15425d087dc142b416b8a297cf9982b76830e59864bf90b4,partial,Manifest grep rules,plugins/web/OWTF-SM-002/grep/plugin.yaml,"Related rule exists; header set, matching semantics, extraction, or coverage differs. Raw traffic remains retained."
owtf/data/conf/framework.yaml,38,HEADERS_FOR_SSL_PROTECTION,7c0df9c120f41441afd7dc1761cc2de438a2ed2c838a5e8cd64a94b77671843d,partial,Manifest grep rules,plugins/web/OWTF-CM-001/grep/plugin.yaml,"Related rule exists; header set, matching semantics, extraction, or coverage differs. Raw traffic remains retained."
owtf/data/conf/framework.yaml,40,COOKIE_ATTRIBUTES,5b87d5a66a8538bff28dbf43a1e955590b35e1ed2b556af19307a6cc41104a3d,partial,Manifest grep rules,plugins/web/OWTF-SM-002/grep/plugin.yaml,"Related rule exists; header set, matching semantics, extraction, or coverage differs. Raw traffic remains retained."
owtf/data/conf/framework.yaml,46,RESPONSE_REGEXP_FOR_CACHE_PROTECTION,1e00f0cea195a3c3b405dba5dd9382176c4598f881a3544d530a0e62b4641106,partial,Manifest grep rules,plugins/web/OWTF-AT-007/grep/plugin.yaml,"Related rule exists; header set, matching semantics, extraction, or coverage differs. Raw traffic remains retained."
owtf/data/conf/framework.yaml,48,RESPONSE_REGEXP_FOR_ROBOTS_META_TAG,5c3dd5496a8d33ede7cc154dc5c29b760d5a04dd2ab29fbf16d2b75eef39152d,partial,Manifest grep rules,plugins/web/OWTF-IG-001/grep/plugin.yaml,"Related rule exists; header set, matching semantics, extraction, or coverage differs. Raw traffic remains retained."
owtf/data/conf/framework.yaml,50,RESPONSE_REGEXP_FOR_HTML_COMMENTS,19459537ec1154674d9a05cb7adf3ca86ca121a95a910272ab7cc58ae7bb8acc,partial,Manifest grep rules,plugins/web/OWTF-CM-004/grep/plugin.yaml,"Related rule exists; header set, matching semantics, extraction, or coverage differs. Raw traffic remains retained."
owtf/data/conf/framework.yaml,52,RESPONSE_REGEXP_FOR_CSS_JS_COMMENTS,74944db5f259386726f68499d12768f285aac4a908fdb651c04a1c666f74a01b,gap,Analysis rule,internal/plugin/grep.go,No equivalent rule verified in current manifests.
owtf/data/conf/framework.yaml,54,RESPONSE_REGEXP_FOR_JS_COMMENTS,a826c5e2f0288910abd261cc88f26e264118b523aa6f358a0df8e117ab92a5f9,gap,Analysis rule,internal/plugin/grep.go,No equivalent rule verified in current manifests.
owtf/data/conf/framework.yaml,56,RESPONSE_REGEXP_FOR_PHP_SOURCE,1d85a8b1485ea163c3d98672eed8ecaf4082227bdc194adb8b9ca9e22babd442,partial,Manifest grep rules,plugins/web/OWTF-CM-004/grep/plugin.yaml,"Related rule exists; header set, matching semantics, extraction, or coverage differs. Raw traffic remains retained."
owtf/data/conf/framework.yaml,58,RESPONSE_REGEXP_FOR_ASP_SOURCE,b2f56faa746d4d688c60f32790b71aca1af21c4303cafc867bb0d12325270e5a,partial,Manifest grep rules,plugins/web/OWTF-CM-004/grep/plugin.yaml,"Related rule exists; header set, matching semantics, extraction, or coverage differs. Raw traffic remains retained."
owtf/data/conf/framework.yaml,60,RESPONSE_REGEXP_FOR_AUTOCOMPLETE,4ac34ee89a9d33927888ea4b2acc98ec1789729ef83b1a5bcd9fd57339ff2225,gap,Analysis rule,internal/plugin/grep.go,No equivalent rule verified in current manifests.
owtf/data/conf/framework.yaml,62,RESPONSE_REGEXP_FOR_PASSWORDS,6977b42e4052c1b50ee5173c8f69a56f11560281a04701cf329e6f27ceae1808,partial,Manifest grep rules,plugins/web/OWTF-AT-001/grep/plugin.yaml,"Related rule exists; header set, matching semantics, extraction, or coverage differs. Raw traffic remains retained."
owtf/data/conf/framework.yaml,64,RESPONSE_REGEXP_FOR_HIDDEN,5c95d0afe747c4f36558b3ec32f633383d549271e98167d0ba35b1a4b8ef76bd,gap,Analysis rule,internal/plugin/grep.go,No equivalent rule verified in current manifests.
owtf/data/conf/framework.yaml,66,RESPONSE_REGEXP_FOR_SSI,96f5cd8c42f28582bad817637e4a06a221e8ee57030e3cc8afc6de607801d237,partial,Manifest grep rules,plugins/web/OWTF-DV-009/grep/plugin.yaml,"Related rule exists; header set, matching semantics, extraction, or coverage differs. Raw traffic remains retained."
owtf/data/conf/framework.yaml,74,ONLINE_USER_LIST,e7033d9329ff1c140e026219ac844a5b5fb443c0f2a355543b86a7e80b17bab7,deferred,Credential attack inputs,docs/architecture/plugin-support-decisions.csv,"No migrated credential dictionaries, brute-forcer selection, timing, or username/password-file inputs."
owtf/data/conf/framework.yaml,79,ONLINE_PASSWORD_LIST,494a7011e671efccec5c44bd958d7f4d6ad95487101affd8f3b8e8abaf2bd744,deferred,Credential attack inputs,docs/architecture/plugin-support-decisions.csv,"No migrated credential dictionaries, brute-forcer selection, timing, or username/password-file inputs."
owtf/data/conf/framework.yaml,83,THREADS,ec8d504c7fafe7d70d696b16488ba0158956abdce1bebc2b2670079f34d108de,deferred,Credential attack inputs,docs/architecture/plugin-support-decisions.csv,"No migrated credential dictionaries, brute-forcer selection, timing, or username/password-file inputs."
owtf/data/conf/framework.yaml,87,_RESPONSE_WAIT,6c8cd26468e9b85ab5758eae07bb19a111eb4b304c6f42b630b9a1ee6de9c18c,deferred,Credential attack inputs,docs/architecture/plugin-support-decisions.csv,"No migrated credential dictionaries, brute-forcer selection, timing, or username/password-file inputs."
owtf/data/conf/framework.yaml,91,CONNECT_WAIT,34fbc1963d4b18b1fe8a420c35bfcbae404d5c0089948a5a002f66f6f4c14573,deferred,Credential attack inputs,docs/architecture/plugin-support-decisions.csv,"No migrated credential dictionaries, brute-forcer selection, timing, or username/password-file inputs."
owtf/data/conf/framework.yaml,96,BRUTEFORCER,6de6a44b0e64608857d9400260320eaa8ddc9397ab163576ea4750da167c8af1,deferred,Credential attack inputs,docs/architecture/plugin-support-decisions.csv,"No migrated credential dictionaries, brute-forcer selection, timing, or username/password-file inputs."
owtf/data/conf/framework.yaml,98,USERNAME_PASSWORD_FILE,6e235f5d3c757f4666919ea904ccec47fca316e5ce94858664a7febe25b33626,deferred,Credential attack inputs,docs/architecture/plugin-support-decisions.csv,"No migrated credential dictionaries, brute-forcer selection, timing, or username/password-file inputs."
owtf/data/conf/framework.yaml,100,SAMRDUMP_FILE,0098fde214fe59ebb1ee7b43415c4ed47c4760f4c06aa62efb57c76eafe2dfe8,gap,No verified equivalent,docs/architecture/plugin-support-decisions.csv,Legacy setting has no verified current mapping. Do not assume the retained technique ports this tool or default.
owtf/data/conf/framework.yaml,106,REPEAT_DELIM,2d3cbfe2a60d66434b2d1289b3f519aa3ab0730ae3146c0e53eca5db10d03f47,removed,Retired remote-shell or phishing orchestration,docs/architecture/settings-decisions.md,Explicit product retirement: remote shell/SBD and SET/phishing lifecycles are outside OWTF. Trusted command plugins and SMTP probing remain supported.
owtf/data/conf/framework.yaml,109,OWTF-ARCE-001_rce_RPORT,9d864c347b8f331ecb9c1d1c2f07a3ac7319fdd0ac97343a9ffc6479e615d720,removed,Retired remote-shell or phishing orchestration,docs/architecture/settings-decisions.md,Explicit product retirement: remote shell/SBD and SET/phishing lifecycles are outside OWTF. Trusted command plugins and SMTP probing remain supported.
owtf/data/conf/framework.yaml,114,ISHELL_REUSE_CONNECTION,b20d51467357bb42edb2a3c1bb181c3e7a88d3ffd6017969ac2137c5fe262907,removed,Retired remote-shell or phishing orchestration,docs/architecture/settings-decisions.md,Explicit product retirement: remote shell/SBD and SET/phishing lifecycles are outside OWTF. Trusted command plugins and SMTP probing remain supported.
owtf/data/conf/framework.yaml,117,ISHELL_EXIT_METHOD,540a587b290ad0011511fb87dbb42e14c4cd3162f95823c973b5c9d101dbde66,removed,Retired remote-shell or phishing orchestration,docs/architecture/settings-decisions.md,Explicit product retirement: remote shell/SBD and SET/phishing lifecycles are outside OWTF. Trusted command plugins and SMTP probing remain supported.
owtf/data/conf/framework.yaml,120,ISHELL_DELAY_BETWEEN_COMMANDS,ecb2223af5db605189b5c10f7e9aae36e58a745c69398b81668bbafebfe40f52,removed,Retired remote-shell or phishing orchestration,docs/architecture/settings-decisions.md,Explicit product retirement: remote shell/SBD and SET/phishing lifecycles are outside OWTF. Trusted command plugins and SMTP probing remain supported.
owtf/data/conf/framework.yaml,124,ISHELL_COMMANDS_BEFORE_EXIT,b620a7450e3b78320e4cac49c5137cacbef3edab70b5607324cd4e4c08c99a96,removed,Retired remote-shell or phishing orchestration,docs/architecture/settings-decisions.md,Explicit product retirement: remote shell/SBD and SET/phishing lifecycles are outside OWTF. Trusted command plugins and SMTP probing remain supported.
owtf/data/conf/framework.yaml,126,TEST,60f8da30c323ded3ea91b85eb3a4d5d139b5996e2ff310a742a16efb68f2d898,removed,Retired remote-shell or phishing orchestration,docs/architecture/settings-decisions.md,Explicit product retirement: remote shell/SBD and SET/phishing lifecycles are outside OWTF. Trusted command plugins and SMTP probing remain supported.
owtf/data/conf/framework.yaml,128,COMMAND_SUFFIX,4cd8f04106c75a7888bb89ec375ef1c236c2c2ba73c67f46ad26aae3d42400b4,removed,Retired remote-shell or phishing orchestration,docs/architecture/settings-decisions.md,Explicit product retirement: remote shell/SBD and SET/phishing lifecycles are outside OWTF. Trusted command plugins and SMTP probing remain supported.
owtf/data/conf/framework.yaml,131,ISHELL_COMMANDS_BEFORE_EXIT_DELIM,b06a69a7bac7fc01216f8ac6ed2f981d85fbfa664cce749048049063f153f30f,removed,Retired remote-shell or phishing orchestration,docs/architecture/settings-decisions.md,Explicit product retirement: remote shell/SBD and SET/phishing lifecycles are outside OWTF. Trusted command plugins and SMTP probing remain supported.
owtf/data/conf/framework.yaml,136,SBD_PORT,cb1914ae5e10bd04f74ede2d3a882c9f735b1284ad062cb71ff97a0e1f711d79,removed,Retired remote-shell or phishing orchestration,docs/architecture/settings-decisions.md,Explicit product retirement: remote shell/SBD and SET/phishing lifecycles are outside OWTF. Trusted command plugins and SMTP probing remain supported.
owtf/data/conf/framework.yaml,139,SBD_PASSWORD,934dcfac6c39bb45d609fb21117d2e1386a7e4bcf61e42e6711755acaf69479f,removed,Retired remote-shell or phishing orchestration,docs/architecture/settings-decisions.md,Explicit product retirement: remote shell/SBD and SET/phishing lifecycles are outside OWTF. Trusted command plugins and SMTP probing remain supported.
owtf/data/conf/framework.yaml,144,OWTF-ADoS-001_CATEGORY,859734fd955b021579de3a7a590e2029f5f427a963fb29a0e18cd210dc0905fb,removed,Generic DoS/exploit launchers retired,docs/architecture/plugin-support-decisions.csv,The parent generic launcher was explicitly rejected.
owtf/data/conf/framework.yaml,146,OWTF-ADoS-001_RHOST,a2b8fe3da7a6cf5608d194eaa250305d83265c2c6b524d15405b7440014f7fd7,removed,Generic DoS/exploit launchers retired,docs/architecture/plugin-support-decisions.csv,The parent generic launcher was explicitly rejected.
owtf/data/conf/framework.yaml,148,OWTF-ADoS-001_RPORT,312c6d8eebf39acc24d96ec5b32672b6b3dc52e3a89f6e8fb401682e75228aa7,removed,Generic DoS/exploit launchers retired,docs/architecture/plugin-support-decisions.csv,The parent generic launcher was explicitly rejected.
owtf/data/conf/framework.yaml,151,OWTF-AExP-001_CATEGORY,00d485352299bc67570cabe03afdd6268ecda907c1b584fed7d2ad7399dd3ac4,removed,Generic DoS/exploit launchers retired,docs/architecture/plugin-support-decisions.csv,The parent generic launcher was explicitly rejected.
owtf/data/conf/framework.yaml,153,OWTF-AExP-001_SUBCATEGORY,976430c9d0db5d306c0b92202c070d3f762c4d796c294b11cad7f316bab34ad7,removed,Generic DoS/exploit launchers retired,docs/architecture/plugin-support-decisions.csv,The parent generic launcher was explicitly rejected.
owtf/data/conf/framework.yaml,155,OWTF-AExP-001_RHOST,6767cfadd195d9378ec7fe02562c52be731c0e977ed844f5a752b3bfec81680e,removed,Generic DoS/exploit launchers retired,docs/architecture/plugin-support-decisions.csv,The parent generic launcher was explicitly rejected.
owtf/data/conf/framework.yaml,157,OWTF-AExP-001_RPORT,e2197e0d3f068bb0b35aade82d8a308cd0e1e7387a1c4de90739d2970a90fd3c,removed,Generic DoS/exploit launchers retired,docs/architecture/plugin-support-decisions.csv,The parent generic launcher was explicitly rejected.
owtf/data/conf/framework.yaml,160,SELENIUM_URL_VECTORS_XSS,c825fc4bdd3a5ebf63daefce7bc8d850b60b7f7293f79407f44b39f98310556e,partial,OWTF-WSP-001-active,docs/architecture/plugin-support-decisions.csv,Visit URL replaces fetch outcome only; browser execution and attack-vector dictionaries are not retained.
owtf/data/conf/framework.yaml,162,SELENIUM_URL_VECTORS_RCE,11da373c188a0ded89a39f7852b9093a3f6841546bf5a910ebca69af29992ada,partial,OWTF-WSP-001-active,docs/architecture/plugin-support-decisions.csv,Visit URL replaces fetch outcome only; browser execution and attack-vector dictionaries are not retained.
owtf/data/conf/framework.yaml,164,SELENIUM_URL_VECTORS_SQLI,3f648ecd8c4c4a831e75dfb87751b4a57f05d0f88931b1b40ddae86c5fa3108b,partial,OWTF-WSP-001-active,docs/architecture/plugin-support-decisions.csv,Visit URL replaces fetch outcome only; browser execution and attack-vector dictionaries are not retained.
owtf/data/conf/framework.yaml,166,SELENIUM_URL_VECTORS_CHARSET,264a04b6d22e333d1c10c048f388096c615f7eb1f40120ed0b2b0863e0a93a6d,partial,OWTF-WSP-001-active,docs/architecture/plugin-support-decisions.csv,Visit URL replaces fetch outcome only; browser execution and attack-vector dictionaries are not retained.
owtf/data/conf/framework.yaml,169,OWTF-ASEL-001_selenium_CATEGORY,b5940d1c80c7191d7c5c873907c4051daf323d5b2e130221a66b55367f5a5b8f,partial,OWTF-WSP-001-active,docs/architecture/plugin-support-decisions.csv,Visit URL replaces fetch outcome only; browser execution and attack-vector dictionaries are not retained.
owtf/data/conf/framework.yaml,171,OWTF-ASEL-001_selenium_BASE_URL,b85c26edcc04d34037d41e0720c63ec315b9e96238c5032f18b6917b02cbdd82,partial,OWTF-WSP-001-active,docs/architecture/plugin-support-decisions.csv,Visit URL replaces fetch outcome only; browser execution and attack-vector dictionaries are not retained.
owtf/data/conf/framework.yaml,186,PHISHING_SCRIPT_DIR,34aefe57ba240997be4a013d87575e2186649c395ccb24f8f4335b0f94712daa,removed,Retired remote-shell or phishing orchestration,docs/architecture/settings-decisions.md,Explicit product retirement: remote shell/SBD and SET/phishing lifecycles are outside OWTF. Trusted command plugins and SMTP probing remain supported.
owtf/data/conf/framework.yaml,189,PHISHING_SCRIPT_DIR,34aefe57ba240997be4a013d87575e2186649c395ccb24f8f4335b0f94712daa,removed,Retired remote-shell or phishing orchestration,docs/architecture/settings-decisions.md,Explicit product retirement: remote shell/SBD and SET/phishing lifecycles are outside OWTF. Trusted command plugins and SMTP probing remain supported.
owtf/data/conf/framework.yaml,192,PHISHING_SCRIPT_DIR,34aefe57ba240997be4a013d87575e2186649c395ccb24f8f4335b0f94712daa,removed,Retired remote-shell or phishing orchestration,docs/architecture/settings-decisions.md,Explicit product retirement: remote shell/SBD and SET/phishing lifecycles are outside OWTF. Trusted command plugins and SMTP probing remain supported.
owtf/data/conf/framework.yaml,194,SET_FILE_EXTENSION_ATTACK,a6e7ff800ff1318e13543941460b38e611541cfc406cd5ba03c346b3808c8927,removed,Retired remote-shell or phishing orchestration,docs/architecture/settings-decisions.md,Explicit product retirement: remote shell/SBD and SET/phishing lifecycles are outside OWTF. Trusted command plugins and SMTP probing remain supported.
owtf/data/conf/framework.yaml,197,PHISHING_PAYLOAD,e1bbc8f35af6b20539b7a434ceed49372200e768ddf09131d0aeaabc1fb1e206,removed,Retired remote-shell or phishing orchestration,docs/architecture/settings-decisions.md,Explicit product retirement: remote shell/SBD and SET/phishing lifecycles are outside OWTF. Trusted command plugins and SMTP probing remain supported.
owtf/data/conf/framework.yaml,199,PHISHING_PAYLOAD,e1bbc8f35af6b20539b7a434ceed49372200e768ddf09131d0aeaabc1fb1e206,removed,Retired remote-shell or phishing orchestration,docs/architecture/settings-decisions.md,Explicit product retirement: remote shell/SBD and SET/phishing lifecycles are outside OWTF. Trusted command plugins and SMTP probing remain supported.
owtf/data/conf/framework.yaml,201,PHISHING_PAYLOAD,e1bbc8f35af6b20539b7a434ceed49372200e768ddf09131d0aeaabc1fb1e206,removed,Retired remote-shell or phishing orchestration,docs/architecture/settings-decisions.md,Explicit product retirement: remote shell/SBD and SET/phishing lifecycles are outside OWTF. Trusted command plugins and SMTP probing remain supported.
owtf/data/conf/framework.yaml,204,PHISHING_PAYLOAD,e1bbc8f35af6b20539b7a434ceed49372200e768ddf09131d0aeaabc1fb1e206,removed,Retired remote-shell or phishing orchestration,docs/architecture/settings-decisions.md,Explicit product retirement: remote shell/SBD and SET/phishing lifecycles are outside OWTF. Trusted command plugins and SMTP probing remain supported.
owtf/data/conf/framework.yaml,207,ATTACHMENT_NAME,4f66b96665f6c520d7fcab221fcc4998350dcaba86a8e7a2d86264c5f3c496fa,removed,Retired remote-shell or phishing orchestration,docs/architecture/settings-decisions.md,Explicit product retirement: remote shell/SBD and SET/phishing lifecycles are outside OWTF. Trusted command plugins and SMTP probing remain supported.
owtf/data/conf/framework.yaml,210,SET_EMAIL_TEMPLATE,b585cdf97b661a365faf734ecead34175ddb8e915c983a4b9430b6da9b6d1008,removed,Retired remote-shell or phishing orchestration,docs/architecture/settings-decisions.md,Explicit product retirement: remote shell/SBD and SET/phishing lifecycles are outside OWTF. Trusted command plugins and SMTP probing remain supported.
owtf/data/conf/framework.yaml,213,MSF_LISTENER_IP,310afc5eb83722c9e718de5ff707fef9e12ed1f81b7c572ecae00bc24f587bee,removed,Retired remote-shell or phishing orchestration,docs/architecture/settings-decisions.md,Explicit product retirement: remote shell/SBD and SET/phishing lifecycles are outside OWTF. Trusted command plugins and SMTP probing remain supported.
owtf/data/conf/framework.yaml,216,MSF_LISTENER_PORT,9374de9fd86503588918eee47dcdeb140d74dc6aed1e00aa2ba097eeca4bafaa,removed,Retired remote-shell or phishing orchestration,docs/architecture/settings-decisions.md,Explicit product retirement: remote shell/SBD and SET/phishing lifecycles are outside OWTF. Trusted command plugins and SMTP probing remain supported.
owtf/data/conf/framework.yaml,219,MSF_LISTENER_SETUP,65bb8ee5639db9ad8e8dc825084f193b2fb90e81f0dfd37b19ebefa26d49f7e5,removed,Retired remote-shell or phishing orchestration,docs/architecture/settings-decisions.md,Explicit product retirement: remote shell/SBD and SET/phishing lifecycles are outside OWTF. Trusted command plugins and SMTP probing remain supported.
owtf/data/conf/framework.yaml,222,EMAIL_TARGET,323dcaeb40e02f3298a5246aa231f6a3f2f291fc92776d35d1e4f3a06c0f4e52,removed,Retired remote-shell or phishing orchestration,docs/architecture/settings-decisions.md,Explicit product retirement: remote shell/SBD and SET/phishing lifecycles are outside OWTF. Trusted command plugins and SMTP probing remain supported.
owtf/data/conf/framework.yaml,225,EMAIL_PRIORITY,b5a986e382f95af126ced21f3eab29d9e287297600532d16b0f620c9134f9568,removed,Retired remote-shell or phishing orchestration,docs/architecture/settings-decisions.md,Explicit product retirement: remote shell/SBD and SET/phishing lifecycles are outside OWTF. Trusted command plugins and SMTP probing remain supported.
owtf/data/conf/framework.yaml,228,PDF_TEMPLATE,ca0038bcdf0baa46b5b1ab76f65a30b05c6720127aba58f2428ff7bf2ebed15d,removed,Retired remote-shell or phishing orchestration,docs/architecture/settings-decisions.md,Explicit product retirement: remote shell/SBD and SET/phishing lifecycles are outside OWTF. Trusted command plugins and SMTP probing remain supported.
owtf/data/conf/framework.yaml,231,WORD_TEMPLATE,95f311b45150b97527cc4f7a58baaff225ef3d1668076c9a983de0106b30642e,removed,Retired remote-shell or phishing orchestration,docs/architecture/settings-decisions.md,Explicit product retirement: remote shell/SBD and SET/phishing lifecycles are outside OWTF. Trusted command plugins and SMTP probing remain supported.
owtf/data/conf/framework.yaml,237,EMAIL_FROM,1530b2e0a51d962c6b63d10a6163260ce5ce446a1c58e479e1efd0d60f54e592,removed,Retired remote-shell or phishing orchestration,docs/architecture/settings-decisions.md,Explicit product retirement: remote shell/SBD and SET/phishing lifecycles are outside OWTF. Trusted command plugins and SMTP probing remain supported.
owtf/data/conf/framework.yaml,240,SMTP_LOGIN,1f54b4b5a63e1653e5f4560eea5a6603d87100c6c35956f96cdf0a552ff758dc,removed,Retired remote-shell or phishing orchestration,docs/architecture/settings-decisions.md,Explicit product retirement: remote shell/SBD and SET/phishing lifecycles are outside OWTF. Trusted command plugins and SMTP probing remain supported.
owtf/data/conf/framework.yaml,243,SMTP_PASS,c0a182384a8f73c99d74b36d8dd195e4c768d808593c3c59510da32d5c8dd92d,removed,Retired remote-shell or phishing orchestration,docs/architecture/settings-decisions.md,Explicit product retirement: remote shell/SBD and SET/phishing lifecycles are outside OWTF. Trusted command plugins and SMTP probing remain supported.
owtf/data/conf/framework.yaml,246,SMTP_HOST,7b489ee3cc85b61b727180b7b2d6979c60b85d0666a240099d3a5b49d2b96bfe,removed,Retired remote-shell or phishing orchestration,docs/architecture/settings-decisions.md,Explicit product retirement: remote shell/SBD and SET/phishing lifecycles are outside OWTF. Trusted command plugins and SMTP probing remain supported.
owtf/data/conf/framework.yaml,249,SMTP_PORT,4ad6051d27d73e5a3610a8146dba062b7591d6ce0e3dcd68814746c633e01840,removed,Retired remote-shell or phishing orchestration,docs/architecture/settings-decisions.md,Explicit product retirement: remote shell/SBD and SET/phishing lifecycles are outside OWTF. Trusted command plugins and SMTP probing remain supported.
owtf/data/conf/resources.cfg,1,VulnSearch,c1b2f0264ef81375b989449113c58614c1a7de39344d0f53b4bf318092be266a,gap,No verified resource equivalent,docs/architecture/plugin-support-decisions.csv,This specific legacy resource has no verified mapping; retained related techniques do not establish entry-level parity.
owtf/data/conf/resources.cfg,2,VulnSearch,a14681b45aa55cce218d26e4cbf9ce9eb40f4db4f7f09deb39ae90db7917ab9a,gap,No verified resource equivalent,docs/architecture/plugin-support-decisions.csv,This specific legacy resource has no verified mapping; retained related techniques do not establish entry-level parity.
owtf/data/conf/resources.cfg,3,VulnSearch,62bdb2ec370b753cd60395930ed7ca53625255848ac34a4ddc504f988f750015,gap,No verified resource equivalent,docs/architecture/plugin-support-decisions.csv,This specific legacy resource has no verified mapping; retained related techniques do not establish entry-level parity.
owtf/data/conf/resources.cfg,4,VulnSearch,227a33e6c71b0ace396bd59bcd37f9781bf1f16a23120a5e4478ee6db4190635,gap,No verified resource equivalent,docs/architecture/plugin-support-decisions.csv,This specific legacy resource has no verified mapping; retained related techniques do not establish entry-level parity.
owtf/data/conf/resources.cfg,5,VulnSearch,e61d775e009a93a79d1e70bbb3c9ed0bc0713c44d1188c6e97f5cd020b070cd5,gap,No verified resource equivalent,docs/architecture/plugin-support-decisions.csv,This specific legacy resource has no verified mapping; retained related techniques do not establish entry-level parity.
owtf/data/conf/resources.cfg,6,VulnSearch,79b67488150e65b1ddab9199c2e4ce347e937a556844e1b5b3b0e5aeda4b3489,gap,No verified resource equivalent,docs/architecture/plugin-support-decisions.csv,This specific legacy resource has no verified mapping; retained related techniques do not establish entry-level parity.
owtf/data/conf/resources.cfg,8,VulnSearch,cd0620086b7a01651e9d29b5f7423e05f7b1159cc506c44f314b240dbb029ba0,gap,No verified resource equivalent,docs/architecture/plugin-support-decisions.csv,This specific legacy resource has no verified mapping; retained related techniques do not establish entry-level parity.
owtf/data/conf/resources.cfg,9,VulnSearch,b804fa90545bcfce00e3050ddaa30090e2e13fced5690713d7c9dfdc67315211,gap,No verified resource equivalent,docs/architecture/plugin-support-decisions.csv,This specific legacy resource has no verified mapping; retained related techniques do not establish entry-level parity.
owtf/data/conf/resources.cfg,14,PassiveRobotsAnalysisLinks,0c88d6a2246fa172744c3914fab40baff4d6094c97610b27cba4077e686aad6a,gap,No verified resource equivalent,docs/architecture/plugin-support-decisions.csv,This specific legacy resource has no verified mapping; retained related techniques do not establish entry-level parity.
owtf/data/conf/resources.cfg,15,PassiveRobotsAnalysisLinks,413989318b5989f4ece6879cdd7294b126093bf3c70720106b0e642ae8979031,gap,No verified resource equivalent,docs/architecture/plugin-support-decisions.csv,This specific legacy resource has no verified mapping; retained related techniques do not establish entry-level parity.
owtf/data/conf/resources.cfg,16,PassiveRobotsAnalysisHTTPRequests,3db79aec43129be16b66cb6b13974164d39f151dc2a7c2464335b715b7e6866f,gap,No verified resource equivalent,docs/architecture/plugin-support-decisions.csv,This specific legacy resource has no verified mapping; retained related techniques do not establish entry-level parity.
owtf/data/conf/resources.cfg,17,PassiveRobots,33980417100ae714fb0b74f5665b0bdf0e3b3fa5b9e0867513a91e2164cc9896,gap,No verified resource equivalent,docs/architecture/plugin-support-decisions.csv,This specific legacy resource has no verified mapping; retained related techniques do not establish entry-level parity.
owtf/data/conf/resources.cfg,21,PassiveFingerPrint,aa3eec886a78dfa6a7a3ab813b075d1a9a79d533d3ab3f6c524c3615ff6ccd59,gap,No verified resource equivalent,docs/architecture/plugin-support-decisions.csv,This specific legacy resource has no verified mapping; retained related techniques do not establish entry-level parity.
owtf/data/conf/resources.cfg,22,PassiveFingerPrint,935344102dc9016414e29800a762be363d708e51d6568ec484346f8a51bf7122,gap,No verified resource equivalent,docs/architecture/plugin-support-decisions.csv,This specific legacy resource has no verified mapping; retained related techniques do not establish entry-level parity.
owtf/data/conf/resources.cfg,23,PassiveFingerPrint,7b0c9b2f918727674a8c99c0fa8064005d36c711826ed823c87d887a789b7146,gap,No verified resource equivalent,docs/architecture/plugin-support-decisions.csv,This specific legacy resource has no verified mapping; retained related techniques do not establish entry-level parity.
owtf/data/conf/resources.cfg,24,PassiveFingerPrint,adc6827b2776d603e0c5f7d7ca4577ea6b5e40bc558eb88da7776b430ab87b0c,gap,No verified resource equivalent,docs/architecture/plugin-support-decisions.csv,This specific legacy resource has no verified mapping; retained related techniques do not establish entry-level parity.
owtf/data/conf/resources.cfg,25,PassiveFingerPrint,b6a1bc2a99816148fbd70b57bdc88e4c67455c0673d349003f6bf93f2172e3f2,gap,No verified resource equivalent,docs/architecture/plugin-support-decisions.csv,This specific legacy resource has no verified mapping; retained related techniques do not establish entry-level parity.
owtf/data/conf/resources.cfg,26,PassiveFingerPrint,cb4f383ae1ff02484fa4763d2e5f2ba5015a312b676835b0b23caa05e4c6e0bf,gap,No verified resource equivalent,docs/architecture/plugin-support-decisions.csv,This specific legacy resource has no verified mapping; retained related techniques do not establish entry-level parity.
owtf/data/conf/resources.cfg,27,PassiveFingerPrint,fe9ae93589b6e875f457445b94ba7535e7ad01198f35c64736e0d19e2ff59d05,gap,No verified resource equivalent,docs/architecture/plugin-support-decisions.csv,This specific legacy resource has no verified mapping; retained related techniques do not establish entry-level parity.
owtf/data/conf/resources.cfg,28,PassiveFingerPrint,d805958b6a2fcd8a492031bcf37288f30b9a24999a38da3723c8c2ffc1f96e5f,gap,No verified resource equivalent,docs/architecture/plugin-support-decisions.csv,This specific legacy resource has no verified mapping; retained related techniques do not establish entry-level parity.
owtf/data/conf/resources.cfg,29,PassiveMethods,9a0e033d9b120ee8f06436e9a1137230cc4e6bcf1acc36c90038dea1d0819066,gap,No verified resource equivalent,docs/architecture/plugin-support-decisions.csv,This specific legacy resource has no verified mapping; retained related techniques do not establish entry-level parity.
owtf/data/conf/resources.cfg,30,PassiveMethods,a389f0af2268a1a807d03c58ac9b36b7c9246897e998265bfa1ac411d8ba19f5,gap,No verified resource equivalent,docs/architecture/plugin-support-decisions.csv,This specific legacy resource has no verified mapping; retained related techniques do not establish entry-level parity.
owtf/data/conf/resources.cfg,31,PassiveSSL,096d3d90c9bdca6534f8e8ce31e5c727b0441e46f4e26e4a75a0d173715e5eb4,gap,No verified resource equivalent,docs/architecture/plugin-support-decisions.csv,This specific legacy resource has no verified mapping; retained related techniques do not establish entry-level parity.
owtf/data/conf/resources.cfg,32,PassiveSSL,c7e6fa35fe98df04449de72ce6f164dbba9d31eeffd1bd5480d5feb114e43e10,gap,No verified resource equivalent,docs/architecture/plugin-support-decisions.csv,This specific legacy resource has no verified mapping; retained related techniques do not establish entry-level parity.
owtf/data/conf/resources.cfg,33,PassiveSSL,1d2fb7997e26576391521b6c7b4af8519caafcae09e46d413305f694ed401743,gap,No verified resource equivalent,docs/architecture/plugin-support-decisions.csv,This specific legacy resource has no verified mapping; retained related techniques do not establish entry-level parity.
owtf/data/conf/resources.cfg,34,PassiveSSL,b94c93170cbb44b45096b7f3892c61e5540a35caa9934da3607ea4c33bf9750f,gap,No verified resource equivalent,docs/architecture/plugin-support-decisions.csv,This specific legacy resource has no verified mapping; retained related techniques do not establish entry-level parity.
owtf/data/conf/resources.cfg,35,PassiveSearchEngineDiscoveryCmd,766df1cd4ecdeb163f97ca7a0d7c63ef150a703ff575be2fef372df854f12457,gap,No verified resource equivalent,docs/architecture/plugin-support-decisions.csv,This specific legacy resource has no verified mapping; retained related techniques do not establish entry-level parity.
owtf/data/conf/resources.cfg,36,PassiveSearchEngineDiscoveryCmd,95ed468a4d1be3f6030c341a51c19d66081ae750a38db99df891c82679ec741d,gap,No verified resource equivalent,docs/architecture/plugin-support-decisions.csv,This specific legacy resource has no verified mapping; retained related techniques do not establish entry-level parity.
owtf/data/conf/resources.cfg,41,PassiveSearchEngineDiscoveryLnk,484c47470ab73f724a307a5220885f2bf5b452d97a669c0dc8c9ac4ef744515e,gap,No verified resource equivalent,docs/architecture/plugin-support-decisions.csv,This specific legacy resource has no verified mapping; retained related techniques do not establish entry-level parity.
owtf/data/conf/resources.cfg,42,PassiveSearchEngineDiscoveryLnk,ee9bb3d2c73ffd6f0914f0179d6d24611be0ac48e0c140ce26107c93d235c7b4,gap,No verified resource equivalent,docs/architecture/plugin-support-decisions.csv,This specific legacy resource has no verified mapping; retained related techniques do not establish entry-level parity.
owtf/data/conf/resources.cfg,43,PassiveSearchEngineDiscoveryLnk,426440203ec178a38a27b84bf70c8f53e1e530cc66d61e0b2057d66b791f38dd,gap,No verified resource equivalent,docs/architecture/plugin-support-decisions.csv,This specific legacy resource has no verified mapping; retained related techniques do not establish entry-level parity.
owtf/data/conf/resources.cfg,44,PassiveSearchEngineDiscoveryLnk,2e6df3e99386ab0292090508e4fc648bf143be4a392ea4dca40e8195b26f1a25,gap,No verified resource equivalent,docs/architecture/plugin-support-decisions.csv,This specific legacy resource has no verified mapping; retained related techniques do not establish entry-level parity.
owtf/data/conf/resources.cfg,45,PassiveSearchEngineDiscoveryLnk,5226245a9965bff8d46f832e69e4549e63bb227dd94579fbe217cbd612b698f8,gap,No verified resource equivalent,docs/architecture/plugin-support-decisions.csv,This specific legacy resource has no verified mapping; retained related techniques do not establish entry-level parity.
owtf/data/conf/resources.cfg,46,PassiveSearchEngineDiscoveryLnk,2a5f833ebeeba4368844621ab5b36368bdc9a5905ea23e6a3568b9f5389520e0,gap,No verified resource equivalent,docs/architecture/plugin-support-decisions.csv,This specific legacy resource has no verified mapping; retained related techniques do not establish entry-level parity.
owtf/data/conf/resources.cfg,47,PassiveSearchEngineDiscoveryLnk,84b3fd43e5a0005c1452b4e23792ef3e59ad115a8a80659e317a32596fee3e75,gap,No verified resource equivalent,docs/architecture/plugin-support-decisions.csv,This specific legacy resource has no verified mapping; retained related techniques do not establish entry-level parity.
owtf/data/conf/resources.cfg,48,PassiveSearchEngineDiscoveryLnk,61e36e846e58de2714ff776b9013eab04a1c89fa62324cd7366947af4d202ef9,gap,No verified resource equivalent,docs/architecture/plugin-support-decisions.csv,This specific legacy resource has no verified mapping; retained related techniques do not establish entry-level parity.
owtf/data/conf/resources.cfg,49,PassiveSearchEngineDiscoveryLnk,715231a285c6b4d63632b767082ca596ee7b07cf56f5cb24c6330b23aaf152ba,gap,No verified resource equivalent,docs/architecture/plugin-support-decisions.csv,This specific legacy resource has no verified mapping; retained related techniques do not establish entry-level parity.
owtf/data/conf/resources.cfg,50,PassiveSearchEngineDiscoveryLnk,3e7b88cf69c22a96effd48fb68cc02dd80c00ee0eed329121a8ca0fa04f4f169,gap,No verified resource equivalent,docs/architecture/plugin-support-decisions.csv,This specific legacy resource has no verified mapping; retained related techniques do not establish entry-level parity.
owtf/data/conf/resources.cfg,51,PassiveSearchEngineDiscoveryLnk,bc50c560db2286a9758fe3d11a73eed03a81a5f9044e81ad730d347356264aa2,gap,No verified resource equivalent,docs/architecture/plugin-support-decisions.csv,This specific legacy resource has no verified mapping; retained related techniques do not establish entry-level parity.
owtf/data/conf/resources.cfg,52,PassiveSearchEngineDiscoveryLnk,55572cfdd5edcc5b154e78bc808f5ebe23b5c74a467ce8fc5f5eb978cd406d61,gap,No verified resource equivalent,docs/architecture/plugin-support-decisions.csv,This specific legacy resource has no verified mapping; retained related techniques do not establish entry-level parity.
owtf/data/conf/resources.cfg,53,PassiveSearchEngineDiscoveryLnk,4acf1c6871953dec286e30031db796694ccc56ddfe176325d77163eea112c83f,gap,No verified resource equivalent,docs/architecture/plugin-support-decisions.csv,This specific legacy resource has no verified mapping; retained related techniques do not establish entry-level parity.
owtf/data/conf/resources.cfg,54,PassiveSearchEngineDiscoveryLnk,2ff6c077a0c3501b78bdada8ed279681b24d943d69fc34eea2e3254fe64bca39,gap,No verified resource equivalent,docs/architecture/plugin-support-decisions.csv,This specific legacy resource has no verified mapping; retained related techniques do not establish entry-level parity.
owtf/data/conf/resources.cfg,55,PassiveSSIDiscoveryLnk,cb0c1f84a925ccbe8ad4d0de5878570eda78e8af4328743a47bf7b6d39abcedc,gap,No verified resource equivalent,docs/architecture/plugin-support-decisions.csv,This specific legacy resource has no verified mapping; retained related techniques do not establish entry-level parity.
owtf/data/conf/resources.cfg,56,PassiveSearchEngineDiscoveryLnk,461b27a7d4a5a1eaeaae42ee10933ebfdc0f874fda0bbab04c876ed0ba4ef8e2,gap,No verified resource equivalent,docs/architecture/plugin-support-decisions.csv,This specific legacy resource has no verified mapping; retained related techniques do not establish entry-level parity.
owtf/data/conf/resources.cfg,57,PassiveSearchEngineDiscoveryLnk,b5e568c03b070f326356d075e405e6f881ad20978ffa78dd61d2ad9069316a11,gap,No verified resource equivalent,docs/architecture/plugin-support-decisions.csv,This specific legacy resource has no verified mapping; retained related techniques do not establish entry-level parity.
owtf/data/conf/resources.cfg,58,PassiveSearchEngineDiscoveryLnk,1df254e369858de7a7be52732e1c4cbdac4ad49dbcce450e4b38f2a5893cf0d4,gap,No verified resource equivalent,docs/architecture/plugin-support-decisions.csv,This specific legacy resource has no verified mapping; retained related techniques do not establish entry-level parity.
owtf/data/conf/resources.cfg,59,PassiveSearchEngineDiscoveryLnk,8cb1f27c5b5e17a23ba9db962d02d6ad99cbecaf7dd040e321f0b672b8acf628,gap,No verified resource equivalent,docs/architecture/plugin-support-decisions.csv,This specific legacy resource has no verified mapping; retained related techniques do not establish entry-level parity.
owtf/data/conf/resources.cfg,60,PassiveSearchEngineDiscoveryLnk,6b8370faf98428fcfa855830a92d98c1619308b158519ada9421f52bfd89aa6c,gap,No verified resource equivalent,docs/architecture/plugin-support-decisions.csv,This specific legacy resource has no verified mapping; retained related techniques do not establish entry-level parity.
owtf/data/conf/resources.cfg,61,PassiveSearchEngineDiscoveryLnk,9b587917b056b4a0982ad695e6f6bcc6c45d26826408783d4ead4679271d2866,gap,No verified resource equivalent,docs/architecture/plugin-support-decisions.csv,This specific legacy resource has no verified mapping; retained related techniques do not establish entry-level parity.
owtf/data/conf/resources.cfg,62,PassiveSearchEngineDiscoveryLnk,4df090fd5fbbbbc6a8f22009e0d9999b5127010b1ffd9c3a100a516b5120b2e6,gap,No verified resource equivalent,docs/architecture/plugin-support-decisions.csv,This specific legacy resource has no verified mapping; retained related techniques do not establish entry-level parity.
owtf/data/conf/resources.cfg,63,PassiveSearchEngineDiscoveryLnk,e7947ccd640a6c0bf6b2c5c67cd22c3dff6b9e2019027d41a0c5d9461c24287a,gap,No verified resource equivalent,docs/architecture/plugin-support-decisions.csv,This specific legacy resource has no verified mapping; retained related techniques do not establish entry-level parity.
owtf/data/conf/resources.cfg,64,PassiveSearchEngineDiscoveryLnk,e4f94645082c24c484ab94d4dd9ba2d60c7bb06f61f40b226a516c713bae8de9,gap,No verified resource equivalent,docs/architecture/plugin-support-decisions.csv,This specific legacy resource has no verified mapping; retained related techniques do not establish entry-level parity.
owtf/data/conf/resources.cfg,65,PassiveSearchEngineDiscoveryLnk,66bd0203a937ed15751aeea13b946b26e19f3818ecdd92324f7c5d886319784f,gap,No verified resource equivalent,docs/architecture/plugin-support-decisions.csv,This specific legacy resource has no verified mapping; retained related techniques do not establish entry-level parity.
owtf/data/conf/resources.cfg,66,PassiveAppDiscoveryDNS,17764380223cba568b3c3506e390b275530eca8d8d9662d9c1139f6e4d838159,gap,No verified resource equivalent,docs/architecture/plugin-support-decisions.csv,This specific legacy resource has no verified mapping; retained related techniques do not establish entry-level parity.
owtf/data/conf/resources.cfg,67,PassiveAppDiscoveryDNS,b32a8c04460159b117e1a3f372d41e8efd27ca2d7d83df6bc296b26e65b154a1,gap,No verified resource equivalent,docs/architecture/plugin-support-decisions.csv,This specific legacy resource has no verified mapping; retained related techniques do not establish entry-level parity.
owtf/data/conf/resources.cfg,68,PassiveAppDiscoveryDNS,25c2f2ef2beb3087af2d8c5eeff3ebf2c167dc04b5485bf0146211b405dcb8d6,gap,No verified resource equivalent,docs/architecture/plugin-support-decisions.csv,This specific legacy resource has no verified mapping; retained related techniques do not establish entry-level parity.
owtf/data/conf/resources.cfg,69,PassiveAppDiscoveryDNS,0b81927b2e936bf34c55c8c3c9778cf03d6236ce35f127a8ad7a3a0829ae6050,gap,No verified resource equivalent,docs/architecture/plugin-support-decisions.csv,This specific legacy resource has no verified mapping; retained related techniques do not establish entry-level parity.
owtf/data/conf/resources.cfg,70,PassiveAppDiscoveryDNS,08d7305d33d666e582f6adc7e914a1db1893db28d4071b29132bf13e46261dc2,gap,No verified resource equivalent,docs/architecture/plugin-support-decisions.csv,This specific legacy resource has no verified mapping; retained related techniques do not establish entry-level parity.
owtf/data/conf/resources.cfg,71,PassiveAppDiscoveryDNS,da336c9b1e6228e1e2750db7cc86fb7305d368fbd1f1935ceccfee33c6f3dc4a,gap,No verified resource equivalent,docs/architecture/plugin-support-decisions.csv,This specific legacy resource has no verified mapping; retained related techniques do not establish entry-level parity.
owtf/data/conf/resources.cfg,72,PassiveAppDiscoveryDNS,8a83c635f34aa138829527c1fc3bc36880bbedfdc28d14384048546e7dd22dd7,gap,No verified resource equivalent,docs/architecture/plugin-support-decisions.csv,This specific legacy resource has no verified mapping; retained related techniques do not establish entry-level parity.
owtf/data/conf/resources.cfg,73,PassiveAppDiscoveryDNS,426a73ab766f85330619ab6ccf6fc4b13f7b8f1beb75f35ebc07593e4b51164d,gap,No verified resource equivalent,docs/architecture/plugin-support-decisions.csv,This specific legacy resource has no verified mapping; retained related techniques do not establish entry-level parity.
owtf/data/conf/resources.cfg,74,PassiveAppDiscoveryDNS,9cdb7bcceb9e4d521a141df4a5955319868e2af0595e5b4d9fdd527285cfd48d,gap,No verified resource equivalent,docs/architecture/plugin-support-decisions.csv,This specific legacy resource has no verified mapping; retained related techniques do not establish entry-level parity.
owtf/data/conf/resources.cfg,75,PassiveAppDiscoveryDNS,3846ec616276e15318c0bd157c9acaba4b06fa93e78ed4345c7b0dba5d3f0094,gap,No verified resource equivalent,docs/architecture/plugin-support-decisions.csv,This specific legacy resource has no verified mapping; retained related techniques do not establish entry-level parity.
owtf/data/conf/resources.cfg,76,PassiveAppDiscoveryWHOIS,0217202282fd9192849823c594857f9ef8cc42b98d9e5907671bd9f14463f5dd,gap,No verified resource equivalent,docs/architecture/plugin-support-decisions.csv,This specific legacy resource has no verified mapping; retained related techniques do not establish entry-level parity.
owtf/data/conf/resources.cfg,77,PassiveAppDiscoveryWHOIS,65654ee99e5cae3c565db007db75b80c113fe8c35bafbb863cad611bbb86188e,gap,No verified resource equivalent,docs/architecture/plugin-support-decisions.csv,This specific legacy resource has no verified mapping; retained related techniques do not establish entry-level parity.
owtf/data/conf/resources.cfg,78,PassiveAppDiscoveryWHOIS,c66f70f3ead846ecfa74393ba06fa93b5cf9242520378294380f6c9cde4d4959,gap,No verified resource equivalent,docs/architecture/plugin-support-decisions.csv,This specific legacy resource has no verified mapping; retained related techniques do not establish entry-level parity.
owtf/data/conf/resources.cfg,79,PassiveAppDiscoveryWHOIS,84aac8f6bb37b83002731d0f26d097c927e2e4ff24200c3ea9b0e8a5cb758049,gap,No verified resource equivalent,docs/architecture/plugin-support-decisions.csv,This specific legacy resource has no verified mapping; retained related techniques do not establish entry-level parity.
owtf/data/conf/resources.cfg,80,PassiveAppDiscoveryWHOIS,46239b3ff7f56d2fcac6b452475bdd705f6e70800f24ef00d4337481d86971f6,gap,No verified resource equivalent,docs/architecture/plugin-support-decisions.csv,This specific legacy resource has no verified mapping; retained related techniques do not establish entry-level parity.
owtf/data/conf/resources.cfg,81,PassiveAppDiscoveryWHOIS,c0f0a6504d806b767c103fd6737d4fde1f2e1ca91ae2563e8ceeaebf1d49c694,gap,No verified resource equivalent,docs/architecture/plugin-support-decisions.csv,This specific legacy resource has no verified mapping; retained related techniques do not establish entry-level parity.
owtf/data/conf/resources.cfg,82,PassiveAppDiscoveryWHOIS,1c2ed2b7c8512ede46e35beb040edab71175a5e5234c92bbe157ba28d5c2d4b9,gap,No verified resource equivalent,docs/architecture/plugin-support-decisions.csv,This specific legacy resource has no verified mapping; retained related techniques do not establish entry-level parity.
owtf/data/conf/resources.cfg,83,PassiveAppDiscoveryWHOIS,30db21b22586b93f62da5e719dd470b5f7f627fc008e0be616f784d23b5e4089,gap,No verified resource equivalent,docs/architecture/plugin-support-decisions.csv,This specific legacy resource has no verified mapping; retained related techniques do not establish entry-level parity.
owtf/data/conf/resources.cfg,84,PassiveAppDiscoveryDbLookup,a64cded7a47da2b61c44cb4bdf317d42fbbd97bca3a07e410352ed1378b30ccb,gap,No verified resource equivalent,docs/architecture/plugin-support-decisions.csv,This specific legacy resource has no verified mapping; retained related techniques do not establish entry-level parity.
owtf/data/conf/resources.cfg,85,PassiveAppDiscoveryDbLookup,af3eb3d63e2fbe11db797b41419a00b5ff8fc1e34a1075236b1b71e6436c3c23,gap,No verified resource equivalent,docs/architecture/plugin-support-decisions.csv,This specific legacy resource has no verified mapping; retained related techniques do not establish entry-level parity.
owtf/data/conf/resources.cfg,86,PassiveAppDiscoveryDbLookup,e0850f2acbbbe87cd374c1136f087f49395c917c7eaf3b847ec6afd2e410cdde,gap,No verified resource equivalent,docs/architecture/plugin-support-decisions.csv,This specific legacy resource has no verified mapping; retained related techniques do not establish entry-level parity.
owtf/data/conf/resources.cfg,87,PassiveAppDiscoveryDbLookup,7a4d79850b9287c343e77499b9f2cf8c1545e1660316323e08ab2f44c0ad8478,gap,No verified resource equivalent,docs/architecture/plugin-support-decisions.csv,This specific legacy resource has no verified mapping; retained related techniques do not establish entry-level parity.
owtf/data/conf/resources.cfg,88,PassiveAppDiscoveryPing,2b6339c66c85527b988b6317fa760638834fb01063c4c9fc499f7eb3ef690781,gap,No verified resource equivalent,docs/architecture/plugin-support-decisions.csv,This specific legacy resource has no verified mapping; retained related techniques do not establish entry-level parity.
owtf/data/conf/resources.cfg,89,PassiveAppDiscoveryPing,de59a00b551d94354f831a57416de4c6184133700aef530b19c683b3066e9e85,gap,No verified resource equivalent,docs/architecture/plugin-support-decisions.csv,This specific legacy resource has no verified mapping; retained related techniques do not establish entry-level parity.
owtf/data/conf/resources.cfg,90,PassiveAppDiscoveryPing,f24bdc246514c90756dc43a58a312b7c80aa67cecb516042e2453f73ad166885,gap,No verified resource equivalent,docs/architecture/plugin-support-decisions.csv,This specific legacy resource has no verified mapping; retained related techniques do not establish entry-level parity.
owtf/data/conf/resources.cfg,91,PassiveAppDiscoveryPing,68ab2b53c41efedb8f7b7e78d1de4c425d66029689c26315db42976d46fcf28e,gap,No verified resource equivalent,docs/architecture/plugin-support-decisions.csv,This specific legacy resource has no verified mapping; retained related techniques do not establish entry-level parity.
owtf/data/conf/resources.cfg,92,PassiveAppDiscoveryPing,4c931306029ea74f6ca87ea7c4df0cabef205f0313bffc0d3bc14ee2c6b15513,gap,No verified resource equivalent,docs/architecture/plugin-support-decisions.csv,This specific legacy resource has no verified mapping; retained related techniques do not establish entry-level parity.
owtf/data/conf/resources.cfg,93,PassiveAppDiscoveryTraceroute,a28eedb5b920f5063369a6d6c749df97c836e871f9ef632d984e022c286c206f,gap,No verified resource equivalent,docs/architecture/plugin-support-decisions.csv,This specific legacy resource has no verified mapping; retained related techniques do not establish entry-level parity.
owtf/data/conf/resources.cfg,94,PassiveAppDiscoveryTraceroute,6d671a2777a538c8c8739c79313023a29d185e3f6959eab3513e0edddab6d066,gap,No verified resource equivalent,docs/architecture/plugin-support-decisions.csv,This specific legacy resource has no verified mapping; retained related techniques do not establish entry-level parity.
owtf/data/conf/resources.cfg,95,PassiveAppDiscoveryTraceroute,2cb1e5e0e8dd6a8dc83eeb038d148e480b7afb64892b02529a69202819934de2,gap,No verified resource equivalent,docs/architecture/plugin-support-decisions.csv,This specific legacy resource has no verified mapping; retained related techniques do not establish entry-level parity.
owtf/data/conf/resources.cfg,96,PassiveAppDiscoveryMisc,4f2ba76186ec971171b4dd0228d285e97fbda1e8a12c723375515ee5be43c052,gap,No verified resource equivalent,docs/architecture/plugin-support-decisions.csv,This specific legacy resource has no verified mapping; retained related techniques do not establish entry-level parity.
owtf/data/conf/resources.cfg,97,PassiveAppDiscoveryMisc,78a7d7e1cafee9d159f7dc5269668218ccd579dbc702b18e38543a571915eca8,gap,No verified resource equivalent,docs/architecture/plugin-support-decisions.csv,This specific legacy resource has no verified mapping; retained related techniques do not establish entry-level parity.
owtf/data/conf/resources.cfg,98,PassiveAppDiscoveryMisc,a2e4fdb6e1bf0824e4a286672fa8126ab42c59dd11b570449c9b3b8a2cbf9a13,gap,No verified resource equivalent,docs/architecture/plugin-support-decisions.csv,This specific legacy resource has no verified mapping; retained related techniques do not establish entry-level parity.
owtf/data/conf/resources.cfg,99,PassiveAppDiscoveryURLs,140ebd6c140fbcdfaab0d051405a9d9a365bb62bd605f33d23e25b018c00fc7b,gap,No verified resource equivalent,docs/architecture/plugin-support-decisions.csv,This specific legacy resource has no verified mapping; retained related techniques do not establish entry-level parity.
owtf/data/conf/resources.cfg,100,PassiveErrorMessagesLnk,388fa74a61180228dff2167fc4d475f057bfcc3fab8144d0616851785be4ac87,gap,No verified resource equivalent,docs/architecture/plugin-support-decisions.csv,This specific legacy resource has no verified mapping; retained related techniques do not establish entry-level parity.
owtf/data/conf/resources.cfg,101,PassiveErrorMessagesLnk,3081a503e1b779b2fee3db491e7d0a911d03cbfb65110ed9c21601bbdd8e0e81,gap,No verified resource equivalent,docs/architecture/plugin-support-decisions.csv,This specific legacy resource has no verified mapping; retained related techniques do not establish entry-level parity.
owtf/data/conf/resources.cfg,102,PassiveOldBackupUnreferencedFilesLnk,00bbc5d720aec62463a584ae37a1c904d987e5859dc50a36406a230f549725d4,gap,No verified resource equivalent,docs/architecture/plugin-support-decisions.csv,This specific legacy resource has no verified mapping; retained related techniques do not establish entry-level parity.
owtf/data/conf/resources.cfg,103,PassiveOldBackupUnreferencedFilesLnk,b567bf9bcc744a1f0a2968c3a7de8143c427a493305baea9c94610ba874f5187,gap,No verified resource equivalent,docs/architecture/plugin-support-decisions.csv,This specific legacy resource has no verified mapping; retained related techniques do not establish entry-level parity.
owtf/data/conf/resources.cfg,104,PassiveOldBackupUnreferencedFilesLnk,d232207d6579a11d836d19c4a9e42f45b4d057e4883f1323f214b4c307ef61d2,gap,No verified resource equivalent,docs/architecture/plugin-support-decisions.csv,This specific legacy resource has no verified mapping; retained related techniques do not establish entry-level parity.
owtf/data/conf/resources.cfg,105,PassiveOldBackupUnreferencedFilesLnk,3d49c87380990b4ee14b690a85e1567288430bc3c6abef6f6cc5981ecf609490,gap,No verified resource equivalent,docs/architecture/plugin-support-decisions.csv,This specific legacy resource has no verified mapping; retained related techniques do not establish entry-level parity.
owtf/data/conf/resources.cfg,106,PassiveOldBackupUnreferencedFilesLnk,8bb58bf6f5b39e2f2dd30e31eff18d395433da03afbb02d7c8ba95df8d9c26b0,gap,No verified resource equivalent,docs/architecture/plugin-support-decisions.csv,This specific legacy resource has no verified mapping; retained related techniques do not establish entry-level parity.
owtf/data/conf/resources.cfg,107,PassiveSQLInjectionLnk,df865292fc54b4d90a1043f378ccbeb47138451d7959166d680d0a65b80df193,gap,No verified resource equivalent,docs/architecture/plugin-support-decisions.csv,This specific legacy resource has no verified mapping; retained related techniques do not establish entry-level parity.
owtf/data/conf/resources.cfg,108,PassiveCAPTCHALnk,649cf08780fd846d5d23dd71fc13f49642127109f92658b7c94449bae862e2a5,gap,No verified resource equivalent,docs/architecture/plugin-support-decisions.csv,This specific legacy resource has no verified mapping; retained related techniques do not establish entry-level parity.
owtf/data/conf/resources.cfg,109,PassiveAdminInterfaceLnk,8022b7ff0ad0a737246552b8f9ea4f62a56717f841b0f75d6611ca5f1fbad5e9,gap,No verified resource equivalent,docs/architecture/plugin-support-decisions.csv,This specific legacy resource has no verified mapping; retained related techniques do not establish entry-level parity.
owtf/data/conf/resources.cfg,110,PassiveAdminInterfaceLnk,3df55e906f0f9d86550aecb829277a094603dcae2bf780f8312aceedf778ff9d,gap,No verified resource equivalent,docs/architecture/plugin-support-decisions.csv,This specific legacy resource has no verified mapping; retained related techniques do not establish entry-level parity.
owtf/data/conf/resources.cfg,111,PassiveCrossSiteFlashingLnk,b9a4f1f1a5079a7586bf880fec14ec1e52d154e67a16d8faf982a415ea44029d,gap,No verified resource equivalent,docs/architecture/plugin-support-decisions.csv,This specific legacy resource has no verified mapping; retained related techniques do not establish entry-level parity.
owtf/data/conf/resources.cfg,112,PassiveCrossSiteFlashingLnk,d67ef92dc1b8ebbb522a7698a98268f4f69724af6a42ccf70fbb31e1d70f8b20,gap,No verified resource equivalent,docs/architecture/plugin-support-decisions.csv,This specific legacy resource has no verified mapping; retained related techniques do not establish entry-level parity.
owtf/data/conf/resources.cfg,113,PassiveCrossSiteFlashingLnk,2bcc85043e01c6e02897bfbc0c22aa7333f59b52b0e270f46fefeea9778a8570,gap,No verified resource equivalent,docs/architecture/plugin-support-decisions.csv,This specific legacy resource has no verified mapping; retained related techniques do not establish entry-level parity.
owtf/data/conf/resources.cfg,114,PassiveCrossSiteScripting,eaea7a915f5f2dbe2e6daa7387dea8b9d1c3d011f005751c95ac8d75b7ec5fe4,gap,No verified resource equivalent,docs/architecture/plugin-support-decisions.csv,This specific legacy resource has no verified mapping; retained related techniques do not establish entry-level parity.
owtf/data/conf/resources.cfg,115,WSPassiveSearchEngineDiscoveryLnk,a5ce28dd2edc35e69ed089c5bc6fa872f1a21a453616ac05144c1a1e1dc32f37,gap,No verified resource equivalent,docs/architecture/plugin-support-decisions.csv,This specific legacy resource has no verified mapping; retained related techniques do not establish entry-level parity.
owtf/data/conf/resources.cfg,116,WSPassiveSearchEngineDiscoveryLnk,74f81ffd429dd9bbb0425b892a5f297cfa0a76334bf14e0724fd6658e266d1a9,gap,No verified resource equivalent,docs/architecture/plugin-support-decisions.csv,This specific legacy resource has no verified mapping; retained related techniques do not establish entry-level parity.
owtf/data/conf/resources.cfg,117,WSPassiveSearchEngineDiscoveryLnk,890c0b7d21c9775a214523001f56055a1909c2c7a20dff8f31e38c728fa198bb,gap,No verified resource equivalent,docs/architecture/plugin-support-decisions.csv,This specific legacy resource has no verified mapping; retained related techniques do not establish entry-level parity.
owtf/data/conf/resources.cfg,118,WSPassiveSearchEngineDiscoveryLnk,921db9c93de88a3606bf0dfc3666b0ff14114228853d8efe1b6f340343b0619b,gap,No verified resource equivalent,docs/architecture/plugin-support-decisions.csv,This specific legacy resource has no verified mapping; retained related techniques do not establish entry-level parity.
owtf/data/conf/resources.cfg,119,WSPassiveSearchEngineDiscoveryLnk,215971a74a7a67b7916e38de946041ed911d8c8b3fc4f8fd146f0a98ae56cc88,gap,No verified resource equivalent,docs/architecture/plugin-support-decisions.csv,This specific legacy resource has no verified mapping; retained related techniques do not establish entry-level parity.
owtf/data/conf/resources.cfg,120,WSPassiveSearchEngineDiscoveryLnk,91c07021e2c2d69775024c55a14039a28f620c291399c9f2497cc7a4f7d075e7,gap,No verified resource equivalent,docs/architecture/plugin-support-decisions.csv,This specific legacy resource has no verified mapping; retained related techniques do not establish entry-level parity.
owtf/data/conf/resources.cfg,121,WSPassiveSearchEngineDiscoveryLnk,44267b27364b1d21de510b30bef561a6852d2c73914704574a7244a2d6e81308,gap,No verified resource equivalent,docs/architecture/plugin-support-decisions.csv,This specific legacy resource has no verified mapping; retained related techniques do not establish entry-level parity.
owtf/data/conf/resources.cfg,122,SemiPassiveSearchEngineDiscoveryCmd,cebf1a3adfdf2871b9dcdcbab68ba396b4751fede82be4e78e59a7b1ffc6562e,partial,Retained technique replacement,plugins/web/OWTF-IG-002/semi_passive/plugin.yaml,Current technique exists; this individual legacy command and its options/output are not a proven one-to-one port.
owtf/data/conf/resources.cfg,124,SemiPassiveFingerPrint,384415b3a3fed50313d91aadb28f092cdb4ba618da60f14111101b9c5d880309,gap,No verified resource equivalent,docs/architecture/plugin-support-decisions.csv,This specific legacy resource has no verified mapping; retained related techniques do not establish entry-level parity.
owtf/data/conf/resources.cfg,126,SemiPassiveFingerPrint,71231d23a6d1b8a6bb2e3e9a5dd0dc7b57aa9b7c49c2e560a3ed0c4241431bc6,gap,No verified resource equivalent,docs/architecture/plugin-support-decisions.csv,This specific legacy resource has no verified mapping; retained related techniques do not establish entry-level parity.
owtf/data/conf/resources.cfg,129,SemiPassiveFingerPrint,8af6dc88aae1825261742c0cbcf38db377f6971331f81dc49adbdd2c30352b43,gap,No verified resource equivalent,docs/architecture/plugin-support-decisions.csv,This specific legacy resource has no verified mapping; retained related techniques do not establish entry-level parity.
owtf/data/conf/resources.cfg,130,SemiPassiveHTTPMethods,46c6be40357da710b558b7ec2bed264ca3b3118ad099337c1868b3dbac3c639c,gap,No verified resource equivalent,docs/architecture/plugin-support-decisions.csv,This specific legacy resource has no verified mapping; retained related techniques do not establish entry-level parity.
owtf/data/conf/resources.cfg,132,SemiPassiveHTTPMethods,dc7bd4ace76844a265b9e10c3d8755567eade3c35cf94802d8786385edff7c8f,gap,No verified resource equivalent,docs/architecture/plugin-support-decisions.csv,This specific legacy resource has no verified mapping; retained related techniques do not establish entry-level parity.
owtf/data/conf/resources.cfg,135,ActiveHTTPMethods,8ff51c43f0bdbdf1b2e8aeaaf578b7585cd1a2dbb0849b105661697436b95794,gap,No verified resource equivalent,docs/architecture/plugin-support-decisions.csv,This specific legacy resource has no verified mapping; retained related techniques do not establish entry-level parity.
owtf/data/conf/resources.cfg,136,ActiveHTTPMethods,e3b2953de075f7567e19cfe5b02615851fe0f4888a507a5f928c39ac3c03d859,gap,No verified resource equivalent,docs/architecture/plugin-support-decisions.csv,This specific legacy resource has no verified mapping; retained related techniques do not establish entry-level parity.
owtf/data/conf/resources.cfg,137,ActiveHTTPMethods,3955df67bff3b4fb04b2532f170134403def70d51120deef025669372bbd3f81,gap,No verified resource equivalent,docs/architecture/plugin-support-decisions.csv,This specific legacy resource has no verified mapping; retained related techniques do not establish entry-level parity.
owtf/data/conf/resources.cfg,139,ActiveHTTPMethods,ccee25de52309b90a45491810f2f070de5366360ea6ddfd56194b18c8e0aff03,gap,No verified resource equivalent,docs/architecture/plugin-support-decisions.csv,This specific legacy resource has no verified mapping; retained related techniques do not establish entry-level parity.
owtf/data/conf/resources.cfg,140,ActiveHTTPMethods,c43275bc284a7b788708a09dbbd1e3916f4dcc0046d18ce5caa2e27f54c2f07b,gap,No verified resource equivalent,docs/architecture/plugin-support-decisions.csv,This specific legacy resource has no verified mapping; retained related techniques do not establish entry-level parity.
owtf/data/conf/resources.cfg,142,ActiveInfrastructureConfigurationManagement,fdd6344c9f4d85020fdaf80e9662eca499346475749bed79f6eb5b79f74326db,partial,Retained technique replacement,plugins/web/OWTF-CM-003/active/plugin.yaml,Current technique exists; this individual legacy command and its options/output are not a proven one-to-one port.
owtf/data/conf/resources.cfg,143,ActiveInfrastructureConfigurationManagement,f4e6d82fb2bfeda8fb20df330dfdfe696d146f86419ba005b0ed43b1791b69f6,partial,Retained technique replacement,plugins/web/OWTF-CM-003/active/plugin.yaml,Current technique exists; this individual legacy command and its options/output are not a proven one-to-one port.
owtf/data/conf/resources.cfg,144,ActiveInfrastructureConfigurationManagement,56036cd84c5e79df3537172a8e0c4ee7d6422954491efb26f36a05cc67747d32,partial,Retained technique replacement,plugins/web/OWTF-CM-003/active/plugin.yaml,Current technique exists; this individual legacy command and its options/output are not a proven one-to-one port.
owtf/data/conf/resources.cfg,145,ActiveInfrastructureConfigurationManagement,7f21a2e1e0585caf72c77751e593045003e0fe9becfdc4833a9c7b4f898bbe99,partial,Retained technique replacement,plugins/web/OWTF-CM-003/active/plugin.yaml,Current technique exists; this individual legacy command and its options/output are not a proven one-to-one port.
owtf/data/conf/resources.cfg,146,ActiveInfrastructureConfigurationManagement,5bfebfc77e3a4923bff419db36733297df6e867710228a06581c017278cf8054,partial,Retained technique replacement,plugins/web/OWTF-CM-003/active/plugin.yaml,Current technique exists; this individual legacy command and its options/output are not a proven one-to-one port.
owtf/data/conf/resources.cfg,147,ActiveInfrastructureConfigurationManagement,151d3bb9c17ee91d4b8f19773b9d3616c49f9fff15a4e4a382be52a0901d82ec,partial,Retained technique replacement,plugins/web/OWTF-CM-003/active/plugin.yaml,Current technique exists; this individual legacy command and its options/output are not a proven one-to-one port.
owtf/data/conf/resources.cfg,148,ActiveInfrastructureConfigurationManagement,08d6fe10db195e5a340c6fe643eb55f57c0cb7fbaeec688fbac8a41e59defab4,partial,Retained technique replacement,plugins/web/OWTF-CM-003/active/plugin.yaml,Current technique exists; this individual legacy command and its options/output are not a proven one-to-one port.
owtf/data/conf/resources.cfg,153,ActiveFingerPrint,30b14011434d73b0dee94fa1ed9cb0df07dad9929d66e784f7fe167eec321bc6,partial,Retained technique replacement,plugins/web/OWTF-IG-004/active/plugin.yaml,Current technique exists; this individual legacy command and its options/output are not a proven one-to-one port.
owtf/data/conf/resources.cfg,154,CMS_FingerPrint_Drupal,cd84018b1fccae896dac6b5607c753517bbd4bf20a0d55423c456e63fbbeae92,gap,No verified resource equivalent,docs/architecture/plugin-support-decisions.csv,This specific legacy resource has no verified mapping; retained related techniques do not establish entry-level parity.
owtf/data/conf/resources.cfg,155,CMS_FingerPrint_Drupal,95a3f0ae0473a4dfec9f00cafa79b7902704e7fceb0b868d51371bb06927346e,gap,No verified resource equivalent,docs/architecture/plugin-support-decisions.csv,This specific legacy resource has no verified mapping; retained related techniques do not establish entry-level parity.
owtf/data/conf/resources.cfg,156,CMS_FingerPrint_Drupal,70fa6b436ac848beb1a8bce3e33f6d22cf72dfaad28e8e5a780979dd10e6b180,gap,No verified resource equivalent,docs/architecture/plugin-support-decisions.csv,This specific legacy resource has no verified mapping; retained related techniques do not establish entry-level parity.
owtf/data/conf/resources.cfg,157,CMS_FingerPrint_Drupal,d6f44e68a9bb8815a513c0791817a59d5437559c7bbcc047065a557d661412d7,gap,No verified resource equivalent,docs/architecture/plugin-support-decisions.csv,This specific legacy resource has no verified mapping; retained related techniques do not establish entry-level parity.
owtf/data/conf/resources.cfg,158,CMS_FingerPrint_WordPress,29db46ee487b2663778299b94a6be7f43853b7a48bb78a0a4e5e75b3362ad4a5,gap,No verified resource equivalent,docs/architecture/plugin-support-decisions.csv,This specific legacy resource has no verified mapping; retained related techniques do not establish entry-level parity.
owtf/data/conf/resources.cfg,159,CMS_FingerPrint_WordPress,bc7b9d230b03a8b7d5379870ba93933a1136e263889eef76417a7de04e2ef380,gap,No verified resource equivalent,docs/architecture/plugin-support-decisions.csv,This specific legacy resource has no verified mapping; retained related techniques do not establish entry-level parity.
owtf/data/conf/resources.cfg,160,CMS_FingerPrint_WordPress,b74c77696e5a690f59bef59cb242a6f4994bd15761d3c0447430f775e76a3b0c,gap,No verified resource equivalent,docs/architecture/plugin-support-decisions.csv,This specific legacy resource has no verified mapping; retained related techniques do not establish entry-level parity.
owtf/data/conf/resources.cfg,161,CMS_FingerPrint_WordPress,fed9398055d22aa109cbbbefcd81cffcb7a0b88be7978660b76ff713f7b4dcbe,gap,No verified resource equivalent,docs/architecture/plugin-support-decisions.csv,This specific legacy resource has no verified mapping; retained related techniques do not establish entry-level parity.
owtf/data/conf/resources.cfg,162,CMS_FingerPrint_WordPress,c2c0c2cb53d4779850f36d1c9cb1a22e2909a6d04b068c2af55f6843a51eb730,gap,No verified resource equivalent,docs/architecture/plugin-support-decisions.csv,This specific legacy resource has no verified mapping; retained related techniques do not establish entry-level parity.
owtf/data/conf/resources.cfg,163,CMS_FingerPrint_Joomla,768ed0e76a0960c67b6043fc4abcf02d2f043576a04ca023b6e4abe34ddf420b,gap,No verified resource equivalent,docs/architecture/plugin-support-decisions.csv,This specific legacy resource has no verified mapping; retained related techniques do not establish entry-level parity.
owtf/data/conf/resources.cfg,164,CMS_FingerPrint_Joomla,ac1a19f6efe58c69e7f03c83bf017075d2673eb5e472735848879951e0f7882d,gap,No verified resource equivalent,docs/architecture/plugin-support-decisions.csv,This specific legacy resource has no verified mapping; retained related techniques do not establish entry-level parity.
owtf/data/conf/resources.cfg,165,CMS_FingerPrint_Joomla,2c4b41c71a01fcfab17d8c7383545a111a5a647624533c8e2d6cd058e5ec814b,gap,No verified resource equivalent,docs/architecture/plugin-support-decisions.csv,This specific legacy resource has no verified mapping; retained related techniques do not establish entry-level parity.
owtf/data/conf/resources.cfg,166,CMS_FingerPrint_Joomla,ba96a83519b1f1aa50fddbfc7ab8ba0bbe8c15ecc024be8103318baf2838c225,gap,No verified resource equivalent,docs/architecture/plugin-support-decisions.csv,This specific legacy resource has no verified mapping; retained related techniques do not establish entry-level parity.
owtf/data/conf/resources.cfg,167,CMS_FingerPrint_Mambo,ed81019a99d776a33b694873039e13df7ae7c9e7081eae8d8c2418141c0ab591,gap,No verified resource equivalent,docs/architecture/plugin-support-decisions.csv,This specific legacy resource has no verified mapping; retained related techniques do not establish entry-level parity.
owtf/data/conf/resources.cfg,168,CMS_FingerPrint_All,e81cd0da355abe5c058b6e30700ee63fdf1cda1d5e8c912e3b11f81a9f414151,gap,No verified resource equivalent,docs/architecture/plugin-support-decisions.csv,This specific legacy resource has no verified mapping; retained related techniques do not establish entry-level parity.
owtf/data/conf/resources.cfg,169,Testing_for_Path_Traversal_All,b0289f2c8cc445ab0fc0428524b1303638690971269384d6cde7ef27fa80f196,gap,No verified resource equivalent,docs/architecture/plugin-support-decisions.csv,This specific legacy resource has no verified mapping; retained related techniques do not establish entry-level parity.
owtf/data/conf/resources.cfg,170,DomainBruteForcing,25ba71277c8cb12590077fbee1a7477095d799d9d96768e4a5ba3fd5cb802f6e,partial,Retained technique replacement,plugins/network/PTES-011/bruteforce/plugin.yaml,Current technique exists; this individual legacy command and its options/output are not a proven one-to-one port.
owtf/data/conf/resources.cfg,172,ActiveDiscovery,71d995f88c8300d83c54ee78ba1f83065ea182a92e44665d4ec81528e0b62b5d,partial,Retained technique replacement,plugins/web/OWTF-IG-005/active/plugin.yaml,Current technique exists; this individual legacy command and its options/output are not a proven one-to-one port.
owtf/data/conf/resources.cfg,173,ActiveDiscovery,21a3040d83df3f15eeb7bfe8ada99af615f9ad4d45946a98d25a1d381591e540,partial,Retained technique replacement,plugins/web/OWTF-IG-005/active/plugin.yaml,Current technique exists; this individual legacy command and its options/output are not a proven one-to-one port.
owtf/data/conf/resources.cfg,174,ActiveDiscovery,35a9052551c9294c4b8583db2522a39d66c47dcf8f210d5e54fac9a924ab4bd2,partial,Retained technique replacement,plugins/web/OWTF-IG-005/active/plugin.yaml,Current technique exists; this individual legacy command and its options/output are not a proven one-to-one port.
owtf/data/conf/resources.cfg,175,ActiveDiscovery,038b6d9ed068b4cd712afe7912d94edb09c319206625d27e3b569f590e8c3f0a,partial,Retained technique replacement,plugins/web/OWTF-IG-005/active/plugin.yaml,Current technique exists; this individual legacy command and its options/output are not a proven one-to-one port.
owtf/data/conf/resources.cfg,176,ActiveDiscovery,d7eb18116fd9a8a6b6be80973acfbbe9683909cba2d7e70bb783de519e1b12e7,partial,Retained technique replacement,plugins/web/OWTF-IG-005/active/plugin.yaml,Current technique exists; this individual legacy command and its options/output are not a proven one-to-one port.
owtf/data/conf/resources.cfg,179,ActiveSSLCmds,aaaac6522b3edc26eb7ccf2bfb63322940ed8d1e4dcbbc741a4248ffdd24ad80,partial,Retained technique replacement,plugins/web/OWTF-CM-001/active/plugin.yaml,Current technique exists; this individual legacy command and its options/output are not a proven one-to-one port.
owtf/data/conf/resources.cfg,180,ActiveSSLCmds,1dbd21a10511d991b342acedd7d33baf7146787d005bf00e69ebda9be964dd3d,partial,Retained technique replacement,plugins/web/OWTF-CM-001/active/plugin.yaml,Current technique exists; this individual legacy command and its options/output are not a proven one-to-one port.
owtf/data/conf/resources.cfg,181,ActiveSSLCmds,f3f068db65728b5ad95f3d422e49d1321a25c84da7d2f85aa2d9045893291f09,partial,Retained technique replacement,plugins/web/OWTF-CM-001/active/plugin.yaml,Current technique exists; this individual legacy command and its options/output are not a proven one-to-one port.
owtf/data/conf/resources.cfg,182,ActiveSSLCmds,1e187fe1dde3aa0d3706bd7c3c97a2048bf83c09229de513ca85c0c600ed5374,partial,Retained technique replacement,plugins/web/OWTF-CM-001/active/plugin.yaml,Current technique exists; this individual legacy command and its options/output are not a proven one-to-one port.
owtf/data/conf/resources.cfg,183,ActiveSSLCmds,b8fedc1ab0528bad8665e715db1d02e163f06329c902b6bb4f28e57235d04045,partial,Retained technique replacement,plugins/web/OWTF-CM-001/active/plugin.yaml,Current technique exists; this individual legacy command and its options/output are not a proven one-to-one port.
owtf/data/conf/resources.cfg,184,ActiveSSLCmds,a7535baf060270eb2f4d07c7e22f4dcc0d68e1de9ce1cda874135cb8cf2cec0f,partial,Retained technique replacement,plugins/web/OWTF-CM-001/active/plugin.yaml,Current technique exists; this individual legacy command and its options/output are not a proven one-to-one port.
owtf/data/conf/resources.cfg,188,Skipfish_Unauth,1c04894861b793128583b7b8b6782d2847c4411c5a4078fffa814897f12cae81,removed,Retired scanner integration,docs/architecture/plugin-support-decisions.csv,Parent Arachni; Skipfish; or W3AF integration was rejected.
owtf/data/conf/resources.cfg,191,Arachni_Unauth,3942ab9aafeda687f6fc113185beaa5472945787e2af1a9f11e3e394ce3915fa,removed,Retired scanner integration,docs/architecture/plugin-support-decisions.csv,Parent Arachni; Skipfish; or W3AF integration was rejected.
owtf/data/conf/resources.cfg,192,Arachni_Unauth,4ddfa2d2b3fcd34f56f1113ac681191acdb5ffc515d7dde30ecdaa2ebded32c4,removed,Retired scanner integration,docs/architecture/plugin-support-decisions.csv,Parent Arachni; Skipfish; or W3AF integration was rejected.
owtf/data/conf/resources.cfg,194,Nikto_Unauth,7531120554237742f4288b0b2d3b6bdd8b4314258494089f685490a596ae7b2e,partial,Retained technique replacement,plugins/web/OWTF-WVS-002/active/plugin.yaml,Current technique exists; this individual legacy command and its options/output are not a proven one-to-one port.
owtf/data/conf/resources.cfg,195,Nikto_Unauth,74a3555d000b0eb0385e02100c0679ff1692e09d50c8a4db89d80927cfbc26fc,partial,Retained technique replacement,plugins/web/OWTF-WVS-002/active/plugin.yaml,Current technique exists; this individual legacy command and its options/output are not a proven one-to-one port.
owtf/data/conf/resources.cfg,196,Nikto_Verify_Unauth,2ceadbd75139ce7f5ebd9769fd2b7615a39292c688bf07922649aae1de89c91b,partial,Retained technique replacement,plugins/web/OWTF-WVS-002/active/plugin.yaml,Current technique exists; this individual legacy command and its options/output are not a proven one-to-one port.
owtf/data/conf/resources.cfg,197,Wapiti_Unauth,b22b709946ea168274971aa9dc493918b4638e821ac93b6ad627128a67aa8747,partial,Retained technique replacement,plugins/web/OWTF-WVS-003/active/plugin.yaml,Current technique exists; this individual legacy command and its options/output are not a proven one-to-one port.
owtf/data/conf/resources.cfg,199,DirBusterNotInteractive,8a5a4b3038add54a3b9b2ffa4d17da30edfd1052f504683210f6f2f0bbaa62a6,gap,No verified resource equivalent,docs/architecture/plugin-support-decisions.csv,This specific legacy resource has no verified mapping; retained related techniques do not establish entry-level parity.
owtf/data/conf/resources.cfg,200,DirBusterInteractive,2b5f76d7ba03c13ee5f6242fca66c41e07717c240578436d8878c27be0956f03,gap,No verified resource equivalent,docs/architecture/plugin-support-decisions.csv,This specific legacy resource has no verified mapping; retained related techniques do not establish entry-level parity.
owtf/data/conf/resources.cfg,201,DirBuster_Extract_URLs,3a67f1ff05dac81cc11be22969f178f3a67a1272a6f212f938a7436e1dd473cb,gap,No verified resource equivalent,docs/architecture/plugin-support-decisions.csv,This specific legacy resource has no verified mapping; retained related techniques do not establish entry-level parity.
owtf/data/conf/resources.cfg,202,W3AF_Unauth,1481a55c5a99fc51227b2208f19b81e9ff93dddcd96d379c1ad5c20478ab46a5,removed,Retired scanner integration,docs/architecture/plugin-support-decisions.csv,Parent Arachni; Skipfish; or W3AF integration was rejected.
owtf/data/conf/resources.cfg,203,W3AF_Unauth,5c3542320a3391e268bd8185d02a21a80ac206646f77c865d848fda4a2e5d952,removed,Retired scanner integration,docs/architecture/plugin-support-decisions.csv,Parent Arachni; Skipfish; or W3AF integration was rejected.
owtf/data/conf/resources.cfg,204,WPScan_Unauth,4aea155c02573a07bfc121f296bcd5522052a93992566cbfcdc465cb53057c2b,gap,No verified resource equivalent,docs/architecture/plugin-support-decisions.csv,This specific legacy resource has no verified mapping; retained related techniques do not establish entry-level parity.
owtf/data/conf/resources.cfg,205,BruteForce_WPScan,33f1b8388a8820db9b78dd80ea20d7c529db4848894295bcd8b890b2e3ecaf0b,deferred,Credential attack work,docs/architecture/plugin-support-decisions.csv,Credential/community brute-force resources remain deferred.
owtf/data/conf/resources.cfg,206,BruteForce_WPScan,fa73ccf1243d6267541472986ff5e2fb73446162f3d77b817ebcfacc48f61be1,deferred,Credential attack work,docs/architecture/plugin-support-decisions.csv,Credential/community brute-force resources remain deferred.
owtf/data/conf/resources.cfg,207,DoS_HTTP_WIN,ba9b753bb76127362b1e47afbf214d8958466439734adb95b346a9154dde3960,removed,Generic DoS/exploit launcher retired,docs/architecture/plugin-support-decisions.csv,Resource belongs to a rejected launcher; command is not retained.
owtf/data/conf/resources.cfg,208,DoS_HTTP_WIN,c56ddc3a2a6c1981ef4907100c980495999760a4729cdc0ac7a34f4ff616c3b9,removed,Generic DoS/exploit launcher retired,docs/architecture/plugin-support-decisions.csv,Resource belongs to a rejected launcher; command is not retained.
owtf/data/conf/resources.cfg,209,DoS_HTTP,a1a3ddfd5649e087c1cde3e59d95f4bda3a9a32f6e3527b390bb7ef8580881c2,removed,Generic DoS/exploit launcher retired,docs/architecture/plugin-support-decisions.csv,Resource belongs to a rejected launcher; command is not retained.
owtf/data/conf/resources.cfg,210,DoS_HTTP,319d6020556d6e965a941f05e6cbfe3eca2bb92ee082b1978341709958f073fc,removed,Generic DoS/exploit launcher retired,docs/architecture/plugin-support-decisions.csv,Resource belongs to a rejected launcher; command is not retained.
owtf/data/conf/resources.cfg,211,DoS_HTTP,90d7aae1121b19bf2c6049ddb87d70f454a12857461ab5826ceecc1b8c60dfef,removed,Generic DoS/exploit launcher retired,docs/architecture/plugin-support-decisions.csv,Resource belongs to a rejected launcher; command is not retained.
owtf/data/conf/resources.cfg,212,DoS_HTTP,5e500e7a17e0fc5308b67370a3a7bbdece89e529b68f25e6a66d7422f2a87272,removed,Generic DoS/exploit launcher retired,docs/architecture/plugin-support-decisions.csv,Resource belongs to a rejected launcher; command is not retained.
owtf/data/conf/resources.cfg,213,DoS_HTTP,e0e6c40f84a84c39651ed4c9cb785e87d50730e39a25a8b52277d70593e9f8f1,removed,Generic DoS/exploit launcher retired,docs/architecture/plugin-support-decisions.csv,Resource belongs to a rejected launcher; command is not retained.
owtf/data/conf/resources.cfg,214,DoS_HTTP,82a1d8f8bcc33565f4a46c063e01d37078dc0b2e119a5c459b47a7755e465d19,removed,Generic DoS/exploit launcher retired,docs/architecture/plugin-support-decisions.csv,Resource belongs to a rejected launcher; command is not retained.
owtf/data/conf/resources.cfg,215,DoS_HTTP,2ecec40ee1f9f73eb29af9468754ef13114a5be61e8c91c96dda12c3b03b0431,removed,Generic DoS/exploit launcher retired,docs/architecture/plugin-support-decisions.csv,Resource belongs to a rejected launcher; command is not retained.
owtf/data/conf/resources.cfg,216,DoS_HTTP,24c5b1db2382969148251d08f1444a2cbda796b4161cd33adc8dc16663b98862,removed,Generic DoS/exploit launcher retired,docs/architecture/plugin-support-decisions.csv,Resource belongs to a rejected launcher; command is not retained.
owtf/data/conf/resources.cfg,217,DoS_HTTP,3fc8b77db12d1828bc2b585fc5d9d8ccd98b51d3efa5fec7c9c5663e13266991,removed,Generic DoS/exploit launcher retired,docs/architecture/plugin-support-decisions.csv,Resource belongs to a rejected launcher; command is not retained.
owtf/data/conf/resources.cfg,218,DoS_HTTP,e8d925030b50d8231058c9dd12eb3918ec3549e8a00d77de15277a386b451a9a,removed,Generic DoS/exploit launcher retired,docs/architecture/plugin-support-decisions.csv,Resource belongs to a rejected launcher; command is not retained.
owtf/data/conf/resources.cfg,219,DoS_HTTP,594b05e6f722b098d2c540f971db9427ebf04724773f354e8783fc9db5fc8586,removed,Generic DoS/exploit launcher retired,docs/architecture/plugin-support-decisions.csv,Resource belongs to a rejected launcher; command is not retained.
owtf/data/conf/resources.cfg,220,DoS_HTTP,a5d730fe4b01322c08d4c4464511efde20a54e47ba914d3be912a2b8e798c714,removed,Generic DoS/exploit launcher retired,docs/architecture/plugin-support-decisions.csv,Resource belongs to a rejected launcher; command is not retained.
owtf/data/conf/resources.cfg,221,DoS_HTTP,863249f6e1feac7896538dcc8a2d3e3b88e4775650667f74d931433e1ba86a1a,removed,Generic DoS/exploit launcher retired,docs/architecture/plugin-support-decisions.csv,Resource belongs to a rejected launcher; command is not retained.
owtf/data/conf/resources.cfg,222,DoS_DHCP,601f0c8632b5b03532b8930afdf9cda02b9f20aca27d9a384e5876704373c140,removed,Generic DoS/exploit launcher retired,docs/architecture/plugin-support-decisions.csv,Resource belongs to a rejected launcher; command is not retained.
owtf/data/conf/resources.cfg,223,DoS_NTFS,7371cd2d07037e4e644d53367b36365e06ccadfec706fe3a4c1f2880d0f7fb27,removed,Generic DoS/exploit launcher retired,docs/architecture/plugin-support-decisions.csv,Resource belongs to a rejected launcher; command is not retained.
owtf/data/conf/resources.cfg,224,DoS_HP,f1fd1a679fc97ed06033eb98348d60389e272b2fdf96f986d06534d12b2f287c,removed,Generic DoS/exploit launcher retired,docs/architecture/plugin-support-decisions.csv,Resource belongs to a rejected launcher; command is not retained.
owtf/data/conf/resources.cfg,225,DoS_MDNS,c47d8ae4f957de3d3cbab71f519a286b60b1b01c4b555f6607ffba3889f90096,removed,Generic DoS/exploit launcher retired,docs/architecture/plugin-support-decisions.csv,Resource belongs to a rejected launcher; command is not retained.
owtf/data/conf/resources.cfg,226,DoS_PPTP,64680d9cb9f1ab9586318c022dae052bca5b334e213d2084e3d8a91ff7532c03,removed,Generic DoS/exploit launcher retired,docs/architecture/plugin-support-decisions.csv,Resource belongs to a rejected launcher; command is not retained.
owtf/data/conf/resources.cfg,227,DoS_SAMBA,bca1d93821d3de419b827547ef961ccc5dd22075eb06ab4575a0c0149b922ddb,removed,Generic DoS/exploit launcher retired,docs/architecture/plugin-support-decisions.csv,Resource belongs to a rejected launcher; command is not retained.
owtf/data/conf/resources.cfg,228,DoS_SAMBA,6b1e57e916cf93f2eb91df0e66ffa22204eacb686241bd2ce723eb614005983c,removed,Generic DoS/exploit launcher retired,docs/architecture/plugin-support-decisions.csv,Resource belongs to a rejected launcher; command is not retained.
owtf/data/conf/resources.cfg,229,DoS_SCADA,e6385d21bdf1b37bdb14809cfdf012851c5137b587c9b6573b2b78cbe3d1b261,removed,Generic DoS/exploit launcher retired,docs/architecture/plugin-support-decisions.csv,Resource belongs to a rejected launcher; command is not retained.
owtf/data/conf/resources.cfg,230,DoS_SMTP,4ac9d2ec1299a98d2804db9e0f377b65eddaca41e7b8c3f53b8d9fe1675d3e7e,removed,Generic DoS/exploit launcher retired,docs/architecture/plugin-support-decisions.csv,Resource belongs to a rejected launcher; command is not retained.
owtf/data/conf/resources.cfg,231,DoS_SOLARIS,26317b0fa02fcb73078f385266c3bd55b9072c74e3891fffb4129592de85f452,removed,Generic DoS/exploit launcher retired,docs/architecture/plugin-support-decisions.csv,Resource belongs to a rejected launcher; command is not retained.
owtf/data/conf/resources.cfg,232,DoS_SSL,e7b8cf0cc0e1ba261d96c0deeb37a19d422d312618416a459cfec2c7bcb115f6,removed,Generic DoS/exploit launcher retired,docs/architecture/plugin-support-decisions.csv,Resource belongs to a rejected launcher; command is not retained.
owtf/data/conf/resources.cfg,233,DoS_SYSLOG,c59d3f4587f01b4f3e00215b55528643058988669b09b686ddeb6d97118e0b1b,removed,Generic DoS/exploit launcher retired,docs/architecture/plugin-support-decisions.csv,Resource belongs to a rejected launcher; command is not retained.
owtf/data/conf/resources.cfg,234,DoS_TCP,d996e4cf1121e836af22d845746fa63889fec83b19d2aedc81bc6ba2d45cb30a,removed,Generic DoS/exploit launcher retired,docs/architecture/plugin-support-decisions.csv,Resource belongs to a rejected launcher; command is not retained.
owtf/data/conf/resources.cfg,235,DoS_TCP,9d97398aeba2e7d0790e8270432262ab975078db61c9c600631a3ba18babc189,removed,Generic DoS/exploit launcher retired,docs/architecture/plugin-support-decisions.csv,Resource belongs to a rejected launcher; command is not retained.
owtf/data/conf/resources.cfg,236,DoS_WIFI,6c4c1d8bb0a2e01b04ce8399bf346fe3eb94dc8f9090965b813b9636986129a5,removed,Generic DoS/exploit launcher retired,docs/architecture/plugin-support-decisions.csv,Resource belongs to a rejected launcher; command is not retained.
owtf/data/conf/resources.cfg,237,DoS_WIFI,133373623a2e10735a389a3b1676f9a8a58224b7c8c51ae0ed989a2c83db7841,removed,Generic DoS/exploit launcher retired,docs/architecture/plugin-support-decisions.csv,Resource belongs to a rejected launcher; command is not retained.
owtf/data/conf/resources.cfg,238,DoS_WIFI,0bb0fbc5a2a2d22f4d434eb16833c4afacb05ec57221535cd28a473b86ee8f91,removed,Generic DoS/exploit launcher retired,docs/architecture/plugin-support-decisions.csv,Resource belongs to a rejected launcher; command is not retained.
owtf/data/conf/resources.cfg,239,DoS_WIFI,5848929c35aeddad9e3ec3b752d94d75ce5c6ccda11eeb9b29998a7dffda88ea,removed,Generic DoS/exploit launcher retired,docs/architecture/plugin-support-decisions.csv,Resource belongs to a rejected launcher; command is not retained.
owtf/data/conf/resources.cfg,240,DoS_WIFI,7767ce898817a47512d67c454f0c3b6312b709f53e1ee01a303487d08980a2e3,removed,Generic DoS/exploit launcher retired,docs/architecture/plugin-support-decisions.csv,Resource belongs to a rejected launcher; command is not retained.
owtf/data/conf/resources.cfg,241,DoS_WIFI,a3ef50e7cd6b66a36fd14ecab187b956643160a9a389aa1fb18cc89c722086c6,removed,Generic DoS/exploit launcher retired,docs/architecture/plugin-support-decisions.csv,Resource belongs to a rejected launcher; command is not retained.
owtf/data/conf/resources.cfg,242,DoS_WIFI,4367f9b5bd254d47448e069a9488ef5bded17ce0c112aaa0d61dea08c4f55da9,removed,Generic DoS/exploit launcher retired,docs/architecture/plugin-support-decisions.csv,Resource belongs to a rejected launcher; command is not retained.
owtf/data/conf/resources.cfg,243,DoS_WIFI,6efd898ac3a967cabef378df37a77968f55d18e724c16300c7c2f71e5db15743,removed,Generic DoS/exploit launcher retired,docs/architecture/plugin-support-decisions.csv,Resource belongs to a rejected launcher; command is not retained.
owtf/data/conf/resources.cfg,244,DoS_WIFI,cb48864e8255c57141690efeee141b9a86183a4ffb35068046171195a67fd430,removed,Generic DoS/exploit launcher retired,docs/architecture/plugin-support-decisions.csv,Resource belongs to a rejected launcher; command is not retained.
owtf/data/conf/resources.cfg,245,DoS_WIFI,fc2a76e147737b7f1e98419dbaa6c738d3ef8fc0e44e80b0382a604955cb62b0,removed,Generic DoS/exploit launcher retired,docs/architecture/plugin-support-decisions.csv,Resource belongs to a rejected launcher; command is not retained.
owtf/data/conf/resources.cfg,246,DoS_WIN_APPIAN,6b259f7e3998fee226071f1a9b855727e8e43e7a4cec4b57bbe4eaa5cba2a018,removed,Generic DoS/exploit launcher retired,docs/architecture/plugin-support-decisions.csv,Resource belongs to a rejected launcher; command is not retained.
owtf/data/conf/resources.cfg,247,DoS_WIN_BROWSER,14515b24ff5cdf3720bb90fc02a233321a08d4acaa736072dd8bc1df88b1d2ac,removed,Generic DoS/exploit launcher retired,docs/architecture/plugin-support-decisions.csv,Resource belongs to a rejected launcher; command is not retained.
owtf/data/conf/resources.cfg,248,DoS_WIN_FTP,1df918bd089580623112e7e8a7e93dc5c8f79338b204b14c291e24abf3aa0900,removed,Generic DoS/exploit launcher retired,docs/architecture/plugin-support-decisions.csv,Resource belongs to a rejected launcher; command is not retained.
owtf/data/conf/resources.cfg,249,DoS_WIN_FTP,2c04991d8c4203b47ffae6a7cb79d403686b0bd9e5563a2df454f42ce5f1830a,removed,Generic DoS/exploit launcher retired,docs/architecture/plugin-support-decisions.csv,Resource belongs to a rejected launcher; command is not retained.
owtf/data/conf/resources.cfg,250,DoS_WIN_FTP,7a5d4dd365ff571283166a5880d57d87e5d0694941ee46c58bb4a98b2f940d1d,removed,Generic DoS/exploit launcher retired,docs/architecture/plugin-support-decisions.csv,Resource belongs to a rejected launcher; command is not retained.
owtf/data/conf/resources.cfg,251,DoS_WIN_FTP,831f19dfeb837449e598d712423b9974ef8e5f501cf7784006b395c2c7e4aedb,removed,Generic DoS/exploit launcher retired,docs/architecture/plugin-support-decisions.csv,Resource belongs to a rejected launcher; command is not retained.
owtf/data/conf/resources.cfg,252,DoS_WIN_FTP,d87830d955eab409c118affbbe5946395cffde4db0b797721cff4c6feecc0ff5,removed,Generic DoS/exploit launcher retired,docs/architecture/plugin-support-decisions.csv,Resource belongs to a rejected launcher; command is not retained.
owtf/data/conf/resources.cfg,253,DoS_WIN_FTP,c495d2e3ca647428da72a6a449e742f340308e5cde57f62528af302bf1c937d9,removed,Generic DoS/exploit launcher retired,docs/architecture/plugin-support-decisions.csv,Resource belongs to a rejected launcher; command is not retained.
owtf/data/conf/resources.cfg,254,DoS_WIN_FTP,bf5843408ef2e80e0fa49523a6ed84ed64da82eaaa81a496fb79aae32b77eead,removed,Generic DoS/exploit launcher retired,docs/architecture/plugin-support-decisions.csv,Resource belongs to a rejected launcher; command is not retained.
owtf/data/conf/resources.cfg,255,DoS_WIN_FTP,8f8106838d6642f8c281531719ab5864ebe845c244cb9fe8cc1ba11dfe75be80,removed,Generic DoS/exploit launcher retired,docs/architecture/plugin-support-decisions.csv,Resource belongs to a rejected launcher; command is not retained.
owtf/data/conf/resources.cfg,256,DoS_WIN_FTP,980caffc29557c448aa91b85ba15c7c4c55a36be2c52c9d65f70f0d70c61db0e,removed,Generic DoS/exploit launcher retired,docs/architecture/plugin-support-decisions.csv,Resource belongs to a rejected launcher; command is not retained.
owtf/data/conf/resources.cfg,257,DoS_WIN_FTP,0d5634b4cd410dd4ccdf6ac59df0ee483513ad3622843c1296533247a1cd32bb,removed,Generic DoS/exploit launcher retired,docs/architecture/plugin-support-decisions.csv,Resource belongs to a rejected launcher; command is not retained.
owtf/data/conf/resources.cfg,258,DoS_WIN_FTP,056b829420552f4b03d7a64facd03bb40a2a3bb751c0870dc4756a82388dd46a,removed,Generic DoS/exploit launcher retired,docs/architecture/plugin-support-decisions.csv,Resource belongs to a rejected launcher; command is not retained.
owtf/data/conf/resources.cfg,259,DoS_KAILLERA,50bb92a3df2b35f7a9193960b25cc425e8c457e9683e5ac411900063f65f6338,removed,Generic DoS/exploit launcher retired,docs/architecture/plugin-support-decisions.csv,Resource belongs to a rejected launcher; command is not retained.
owtf/data/conf/resources.cfg,260,DoS_WIN_LLMNR,76449822ee1d509d463a8eb9b9f800691bdf76546fbdab661c14d9d9b0310400,removed,Generic DoS/exploit launcher retired,docs/architecture/plugin-support-decisions.csv,Resource belongs to a rejected launcher; command is not retained.
owtf/data/conf/resources.cfg,261,DoS_WIN_NAT,fffec7ac7f7831970e3a79cbf5b42e401d6df6f0d9a4259bcc5d6c5429e8edc2,removed,Generic DoS/exploit launcher retired,docs/architecture/plugin-support-decisions.csv,Resource belongs to a rejected launcher; command is not retained.
owtf/data/conf/resources.cfg,262,DoS_WIN_SMB,1903c71885a7a710694b8d9b926a7858fef89f6bda50f3a24c3a11577aa73524,removed,Generic DoS/exploit launcher retired,docs/architecture/plugin-support-decisions.csv,Resource belongs to a rejected launcher; command is not retained.
owtf/data/conf/resources.cfg,263,DoS_WIN_SMB,3789a9ed6f28475b3129c838f4a4f3f02fc754fa7b01e405ebb1833960f7960e,removed,Generic DoS/exploit launcher retired,docs/architecture/plugin-support-decisions.csv,Resource belongs to a rejected launcher; command is not retained.
owtf/data/conf/resources.cfg,264,DoS_WIN_SMB,de79c935bad5159bf32aebe2c9a76fcae4963cf862ff1b30ba7b35145f60338e,removed,Generic DoS/exploit launcher retired,docs/architecture/plugin-support-decisions.csv,Resource belongs to a rejected launcher; command is not retained.
owtf/data/conf/resources.cfg,265,DoS_WIN_SMB,8a1d0444086ee4f986c765429d24df21c3990621ed4077023806e912dfd6ccfa,removed,Generic DoS/exploit launcher retired,docs/architecture/plugin-support-decisions.csv,Resource belongs to a rejected launcher; command is not retained.
owtf/data/conf/resources.cfg,266,DoS_WIN_SMB,ca490286c174f9415274a3e7a157c934c95905df63741e9e7f649fe6e3defc60,removed,Generic DoS/exploit launcher retired,docs/architecture/plugin-support-decisions.csv,Resource belongs to a rejected launcher; command is not retained.
owtf/data/conf/resources.cfg,267,DoS_WIN_SMB,87690e8f2317c09801add8bd1a68600f9bf67ba7a63652d9f3996c35d153b9b9,removed,Generic DoS/exploit launcher retired,docs/architecture/plugin-support-decisions.csv,Resource belongs to a rejected launcher; command is not retained.
owtf/data/conf/resources.cfg,268,DoS_WIN_SMB,0e5ce087d473cf528f04448d02e2329bcd58621c97e2fa09ae81c1c9b9eb7a69,removed,Generic DoS/exploit launcher retired,docs/architecture/plugin-support-decisions.csv,Resource belongs to a rejected launcher; command is not retained.
owtf/data/conf/resources.cfg,269,DoS_WIN_SMB,f1a887d1d7d992d9b2d51c43ca82d37aa55f93764aa55e3def944ad4316d3b65,removed,Generic DoS/exploit launcher retired,docs/architecture/plugin-support-decisions.csv,Resource belongs to a rejected launcher; command is not retained.
owtf/data/conf/resources.cfg,270,DoS_WIN_SMB,e9f6a6d3404b38954aa18d32115c579992541990b3e1bb97904efbcd60e437f6,removed,Generic DoS/exploit launcher retired,docs/architecture/plugin-support-decisions.csv,Resource belongs to a rejected launcher; command is not retained.
owtf/data/conf/resources.cfg,271,DoS_WIN_SMB,f41bd1c19758204bde9d75517a1f6a849f601d4fa7a42c5f26da88dcf30a573f,removed,Generic DoS/exploit launcher retired,docs/architecture/plugin-support-decisions.csv,Resource belongs to a rejected launcher; command is not retained.
owtf/data/conf/resources.cfg,272,DoS_WIN_SMB,9f6ba821a9ff4f4eac173096cff960f6ea9ffddd3d1f5e33c498974d4040b634,removed,Generic DoS/exploit launcher retired,docs/architecture/plugin-support-decisions.csv,Resource belongs to a rejected launcher; command is not retained.
owtf/data/conf/resources.cfg,273,DoS_WIN_SMTP,c1f26c827cc37c81d4ff774a08cbb9d2c04bb3f0ade51401153911841820f011,removed,Generic DoS/exploit launcher retired,docs/architecture/plugin-support-decisions.csv,Resource belongs to a rejected launcher; command is not retained.
owtf/data/conf/resources.cfg,274,DoS_WIN_TFTP,d57c9a5eb9b9451e001220d05241fc9c7c6bbed1e7bfbf704d8aca54ac202a39,removed,Generic DoS/exploit launcher retired,docs/architecture/plugin-support-decisions.csv,Resource belongs to a rejected launcher; command is not retained.
owtf/data/conf/resources.cfg,275,DoS_WIN_TFTP,87f19d38b90331a34ddb68d3c4c4ae34240e50f6a6824fc0c7f315c95b5848b6,removed,Generic DoS/exploit launcher retired,docs/architecture/plugin-support-decisions.csv,Resource belongs to a rejected launcher; command is not retained.
owtf/data/conf/resources.cfg,276,DoS_WIRESHARK,2a5fd6e9eda9a5c7b84cc1193c3467e1899e2ad04e9ee442d591cd7fbeeec568,removed,Generic DoS/exploit launcher retired,docs/architecture/plugin-support-decisions.csv,Resource belongs to a rejected launcher; command is not retained.
owtf/data/conf/resources.cfg,277,DoS_WIRESHARK,e54895abf39a18838a33ef4c1122d28da4e857a6e183b241308960ce3f3fa19b,removed,Generic DoS/exploit launcher retired,docs/architecture/plugin-support-decisions.csv,Resource belongs to a rejected launcher; command is not retained.
owtf/data/conf/resources.cfg,278,DoS_WIRESHARK,495cd96d42ed259af898c79548eb366eb891b18c3d1ff8e02b18d017ecb7417f,removed,Generic DoS/exploit launcher retired,docs/architecture/plugin-support-decisions.csv,Resource belongs to a rejected launcher; command is not retained.
owtf/data/conf/resources.cfg,282,PassBruteForce_hydra_RDP,17039f7b31687dfdb4380c72e2c355220cf31efdb008cbdb241bbb44d89c8fa2,deferred,Credential attack work,docs/architecture/plugin-support-decisions.csv,Credential/community brute-force resources remain deferred.
owtf/data/conf/resources.cfg,283,PassBruteForce_hydra_LDAP2,9351826a211c26ea05bcf4345a6008f65f0bc652459aed0d4ff384ed4ff50838,deferred,Credential attack work,docs/architecture/plugin-support-decisions.csv,Credential/community brute-force resources remain deferred.
owtf/data/conf/resources.cfg,284,PassBruteForce_hydra_LDAP3,8a86bba84c18516afeaa2551ac768261d17f35ccf35d86885a74e9a8c5e1a272,deferred,Credential attack work,docs/architecture/plugin-support-decisions.csv,Credential/community brute-force resources remain deferred.
owtf/data/conf/resources.cfg,285,PassBruteForce_hydra_MSSQL,433d701e5339f0e0f8458d3a19ba915d43cb68f1741a55db57bb7113f01a87b9,deferred,Credential attack work,docs/architecture/plugin-support-decisions.csv,Credential/community brute-force resources remain deferred.
owtf/data/conf/resources.cfg,286,PassBruteForce_hydra_MYSQL,58a43f3404bd484f18cf0f2609dcfe76cf09225411c69b2399ce7bc29089eabf,deferred,Credential attack work,docs/architecture/plugin-support-decisions.csv,Credential/community brute-force resources remain deferred.
owtf/data/conf/resources.cfg,287,PassBruteForce_hydra_CISCO,9f4721cc153b149c51dcad0af75d6856c7153881d380c663934bc30b8cdec7fa,deferred,Credential attack work,docs/architecture/plugin-support-decisions.csv,Credential/community brute-force resources remain deferred.
owtf/data/conf/resources.cfg,288,PassBruteForce_hydra_CISCO-ENABLE,d1bfab96e01d75a85024c4da488f69f01d4f118be52a3a5d778ec593c9841627,deferred,Credential attack work,docs/architecture/plugin-support-decisions.csv,Credential/community brute-force resources remain deferred.
owtf/data/conf/resources.cfg,289,PassBruteForce_hydra_CVS,aec51c7f275b4c7fe1fac42e7cf2942273a8c2a77c88675d806345a8150dbcb2,deferred,Credential attack work,docs/architecture/plugin-support-decisions.csv,Credential/community brute-force resources remain deferred.
owtf/data/conf/resources.cfg,290,PassBruteForce_hydra_Firebird,97a858ff14233c7d8994fa55281cda5d53fa3179b203186a7a83f6863bf27904,deferred,Credential attack work,docs/architecture/plugin-support-decisions.csv,Credential/community brute-force resources remain deferred.
owtf/data/conf/resources.cfg,291,PassBruteForce_hydra_FTP,f328ec022b4d59d762292779effd6f4cae622101af270f96a27008935334a62d,deferred,Credential attack work,docs/architecture/plugin-support-decisions.csv,Credential/community brute-force resources remain deferred.
owtf/data/conf/resources.cfg,292,PassBruteForce_hydra_FTPS,bded184140a4a82adad3f2bb24502c32e457e070702b5b9c09f2d50a23eef10c,deferred,Credential attack work,docs/architecture/plugin-support-decisions.csv,Credential/community brute-force resources remain deferred.
owtf/data/conf/resources.cfg,294,PassBruteForce_hydra_HTTP-PROXY,f9d527f20080907bf5aba630af777277ae58d85baed10686dfdcfea446446e8e,deferred,Credential attack work,docs/architecture/plugin-support-decisions.csv,Credential/community brute-force resources remain deferred.
owtf/data/conf/resources.cfg,295,PassBruteForce_hydra_ICQ,1f611cb6aac8bbd40cd47f8149e999538248e464e748fd3f4bc805e988b511af,deferred,Credential attack work,docs/architecture/plugin-support-decisions.csv,Credential/community brute-force resources remain deferred.
owtf/data/conf/resources.cfg,296,PassBruteForce_hydra_IMAP,c4566f105b00ef835c1cb66c0be809e369f6a87e90a7fd8ea8a6605c3e609499,deferred,Credential attack work,docs/architecture/plugin-support-decisions.csv,Credential/community brute-force resources remain deferred.
owtf/data/conf/resources.cfg,297,PassBruteForce_hydra_IRC,9e49b8e407fc832e560ee5cbedc26c5a746674f244e5b0ec3242097c8deff421,deferred,Credential attack work,docs/architecture/plugin-support-decisions.csv,Credential/community brute-force resources remain deferred.
owtf/data/conf/resources.cfg,298,PassBruteForce_hydra_NCP,56248af260183784681bbab78e8ecc1cff0b66b2eb6b4618ef1a084928a43f45,deferred,Credential attack work,docs/architecture/plugin-support-decisions.csv,Credential/community brute-force resources remain deferred.
owtf/data/conf/resources.cfg,299,PassBruteForce_hydra_NNTP,2a153ac3b719000e1bbd93d0b7266e8664f684a4ce5b58c18b83e576005fb9fe,deferred,Credential attack work,docs/architecture/plugin-support-decisions.csv,Credential/community brute-force resources remain deferred.
owtf/data/conf/resources.cfg,300,PassBruteForce_hydra_ORACLE-LISTENER,8bb359d1c52bb9b851343166f057c935c0418620aed2c1fbf9484c0cdc6aea6b,deferred,Credential attack work,docs/architecture/plugin-support-decisions.csv,Credential/community brute-force resources remain deferred.
owtf/data/conf/resources.cfg,301,PassBruteForce_hydra_ORACLE-SID,b6998d52f8e63a385a866654a861093b3f379f53db9212f28109314f6444b2bd,deferred,Credential attack work,docs/architecture/plugin-support-decisions.csv,Credential/community brute-force resources remain deferred.
owtf/data/conf/resources.cfg,302,PassBruteForce_hydra_PCANYWHERE,cf7936c506e48202b3b0f0e02625db1e02f73a08897db115eec43eab67e37110,deferred,Credential attack work,docs/architecture/plugin-support-decisions.csv,Credential/community brute-force resources remain deferred.
owtf/data/conf/resources.cfg,303,PassBruteForce_hydra_PCNFS,f6a0fb07ecd6cbd4a9f22ce41bf4ef5e782f76335cb9c9f41b1b955a8a003791,deferred,Credential attack work,docs/architecture/plugin-support-decisions.csv,Credential/community brute-force resources remain deferred.
owtf/data/conf/resources.cfg,304,PassBruteForce_hydra_POP3,51aef067cef64c8e3f5dd7457723e841ee8e65ff684ec3038cc073c8e01bc099,deferred,Credential attack work,docs/architecture/plugin-support-decisions.csv,Credential/community brute-force resources remain deferred.
owtf/data/conf/resources.cfg,305,PassBruteForce_hydra_POSTGRES,67359a4b7d3110c84ddf705a94a8e95eb32e02c67bbfd4989947f34a5453824e,deferred,Credential attack work,docs/architecture/plugin-support-decisions.csv,Credential/community brute-force resources remain deferred.
owtf/data/conf/resources.cfg,306,PassBruteForce_hydra_REXEC,8bc5e6b1273743f86c9cb4ba13dad69cc72b6996f70b802b00c117b11ef18674,deferred,Credential attack work,docs/architecture/plugin-support-decisions.csv,Credential/community brute-force resources remain deferred.
owtf/data/conf/resources.cfg,307,PassBruteForce_hydra_RLOGIN,f39600f165abbb6fc0274030e244e3e04ce0123e1cb4367cdd7a4b720279f474,deferred,Credential attack work,docs/architecture/plugin-support-decisions.csv,Credential/community brute-force resources remain deferred.
owtf/data/conf/resources.cfg,308,PassBruteForce_hydra_RSH,3964484a8f998ca1689d169d4c91f0bb8edb8cb6226f0974ed2c1a0431b3f5e5,deferred,Credential attack work,docs/architecture/plugin-support-decisions.csv,Credential/community brute-force resources remain deferred.
owtf/data/conf/resources.cfg,309,PassBruteForce_hydra_SIP,8f9ec57999fdce3af05e3740691c8490b245715f71bd262fc15fee8ab26e5b91,deferred,Credential attack work,docs/architecture/plugin-support-decisions.csv,Credential/community brute-force resources remain deferred.
owtf/data/conf/resources.cfg,310,PassBruteForce_hydra_SMB,10fe9658783be0cfb4b37eb1ffa5c81b70b86af418c8a7cfd604ac3ab85ed9e3,deferred,Credential attack work,docs/architecture/plugin-support-decisions.csv,Credential/community brute-force resources remain deferred.
owtf/data/conf/resources.cfg,311,PassBruteForce_hydra_SMTP,600ca656a7fafa2ce6fc28ab576acbdb277e04059f0f5e0392a31b65bbe93e73,deferred,Credential attack work,docs/architecture/plugin-support-decisions.csv,Credential/community brute-force resources remain deferred.
owtf/data/conf/resources.cfg,312,PassBruteForce_hydra_SNMP,3c95042c3ba2fe588d430c54637ddacf72d6e0fa7f54fc1da2ea0c700b3e9832,deferred,Credential attack work,docs/architecture/plugin-support-decisions.csv,Credential/community brute-force resources remain deferred.
owtf/data/conf/resources.cfg,313,PassBruteForce_hydra_SOCKS5,03e5edf6e1fc34c761784867452f8622c2edb955196169c221949c5761c773f8,deferred,Credential attack work,docs/architecture/plugin-support-decisions.csv,Credential/community brute-force resources remain deferred.
owtf/data/conf/resources.cfg,314,PassBruteForce_hydra_SSH,a96bf09e7403cd99b55da29329bcef3bc9a62cf8bc5fb86184bae7b2aff65701,deferred,Credential attack work,docs/architecture/plugin-support-decisions.csv,Credential/community brute-force resources remain deferred.
owtf/data/conf/resources.cfg,315,PassBruteForce_hydra_SVN,035c7371d1a79ef6119df7643a740857e980c2dc7ee7022f1fe6e7ef02e0043c,deferred,Credential attack work,docs/architecture/plugin-support-decisions.csv,Credential/community brute-force resources remain deferred.
owtf/data/conf/resources.cfg,316,PassBruteForce_hydra_TEAMSPEAK,04aa2db0a2e1a56969146d8c0d0b0889040df5eb0fdeeb271382666e0b0bb840,deferred,Credential attack work,docs/architecture/plugin-support-decisions.csv,Credential/community brute-force resources remain deferred.
owtf/data/conf/resources.cfg,317,PassBruteForce_hydra_TELNET,f9ca837eab0972edec3a4c785d1ada4136d74a6c800477656f9836b64784c2b5,deferred,Credential attack work,docs/architecture/plugin-support-decisions.csv,Credential/community brute-force resources remain deferred.
owtf/data/conf/resources.cfg,318,PassBruteForce_hydra_VMAUTHD,9bc87d33e44c124f0f563e8084560db9abfd29a4228b83a28b36ec94e2d38b57,deferred,Credential attack work,docs/architecture/plugin-support-decisions.csv,Credential/community brute-force resources remain deferred.
owtf/data/conf/resources.cfg,319,PassBruteForce_hydra_VNC,513c618d3501abb266572439c2a5277ef73af741cb904801f088fdea8f7b723f,deferred,Credential attack work,docs/architecture/plugin-support-decisions.csv,Credential/community brute-force resources remain deferred.
owtf/data/conf/resources.cfg,320,PassBruteForce_hydra_XMPP,0f15779856cb273d9bfe61b24efcb13fe6517b916c3fd768a7f36c9f853c8f82,deferred,Credential attack work,docs/architecture/plugin-support-decisions.csv,Credential/community brute-force resources remain deferred.
owtf/data/conf/resources.cfg,321,LaunchExploit_AIX_RPC,d77e39384a7d454cac7725cbfcfbb53dab71f42ef3429bb49b95d171ded981a3,removed,Generic DoS/exploit launcher retired,docs/architecture/plugin-support-decisions.csv,Resource belongs to a rejected launcher; command is not retained.
owtf/data/conf/resources.cfg,322,LaunchExploit_AIX_RPC,bf1f154ed7b87a07f6f41aadbe1e50330d97f7d34de4114a00bfb8ed7a3037ce,removed,Generic DoS/exploit launcher retired,docs/architecture/plugin-support-decisions.csv,Resource belongs to a rejected launcher; command is not retained.
owtf/data/conf/resources.cfg,323,LaunchExploit_BSDI_SOFTCART,8fd42037bafd38dc6e3bd3c1d7fb43bf9d55e10941d0e18c9a0ad89ace07591d,removed,Generic DoS/exploit launcher retired,docs/architecture/plugin-support-decisions.csv,Resource belongs to a rejected launcher; command is not retained.
owtf/data/conf/resources.cfg,324,LaunchExploit_DIALUP_MULTI,78f3724f837d2f52bc4fe851a56bc800ed5366742c7be8a871c7a45cd400ed74,removed,Generic DoS/exploit launcher retired,docs/architecture/plugin-support-decisions.csv,Resource belongs to a rejected launcher; command is not retained.
owtf/data/conf/resources.cfg,325,LaunchExploit_FREEBSD_FTP,96a04e507d8436b21eeb96bd26855549cb02ee10afd26fb4c55e7f86414c847d,removed,Generic DoS/exploit launcher retired,docs/architecture/plugin-support-decisions.csv,Resource belongs to a rejected launcher; command is not retained.
owtf/data/conf/resources.cfg,326,LaunchExploit_FREEBSD_SAMBA,760709c3dd878bc2759dcd9ef1f26d4f6045df8cfa4268571d1b6a1d09e0fa7e,removed,Generic DoS/exploit launcher retired,docs/architecture/plugin-support-decisions.csv,Resource belongs to a rejected launcher; command is not retained.
owtf/data/conf/resources.cfg,327,LaunchExploit_FREEBSD_TACACS,07fb2462ef51434c391747f99b17fb2b2f236ef939a225e69f33cd4ceeb8465e,removed,Generic DoS/exploit launcher retired,docs/architecture/plugin-support-decisions.csv,Resource belongs to a rejected launcher; command is not retained.
owtf/data/conf/resources.cfg,328,LaunchExploit_HPUX_LPD,fb9bfd0cadb7e19d15a0fe51ae77f4e5e07d2476ae64de9bc5125cb29eea723f,removed,Generic DoS/exploit launcher retired,docs/architecture/plugin-support-decisions.csv,Resource belongs to a rejected launcher; command is not retained.
owtf/data/conf/resources.cfg,329,LaunchExploit_IRIX_LPD,8656e4e6cb8a615bb63012f4989e8294543fcbf2feed35e2abce51c3195996b5,removed,Generic DoS/exploit launcher retired,docs/architecture/plugin-support-decisions.csv,Resource belongs to a rejected launcher; command is not retained.
owtf/data/conf/resources.cfg,330,LaunchExploit_LINUX_FTP,ef878b15fca8c96dd017170c35df03b80e47787da7df7c08ce4bf0be61984861,removed,Generic DoS/exploit launcher retired,docs/architecture/plugin-support-decisions.csv,Resource belongs to a rejected launcher; command is not retained.
owtf/data/conf/resources.cfg,331,LaunchExploit_LINUX_FTP,efdccb94f9d9ef9fdde76ff688f47d7d806803909a09939f156474c93cb203c2,removed,Generic DoS/exploit launcher retired,docs/architecture/plugin-support-decisions.csv,Resource belongs to a rejected launcher; command is not retained.
owtf/data/conf/resources.cfg,332,LaunchExploit_LINUX_GAMES,535f766f775a9618d8f2db02ffae382e33398f36b702523779473cb2d341dbe8,removed,Generic DoS/exploit launcher retired,docs/architecture/plugin-support-decisions.csv,Resource belongs to a rejected launcher; command is not retained.
owtf/data/conf/resources.cfg,333,LaunchExploit_LINUX_HTTP,7076aee12fa2d782c91fd1039b83e77eab96409b13c88a889a448e5220ef9ace,removed,Generic DoS/exploit launcher retired,docs/architecture/plugin-support-decisions.csv,Resource belongs to a rejected launcher; command is not retained.
owtf/data/conf/resources.cfg,334,LaunchExploit_LINUX_HTTP,af5523dd7704822467f53db7d6da96cea72a90b4f671513fa603116146e78265,removed,Generic DoS/exploit launcher retired,docs/architecture/plugin-support-decisions.csv,Resource belongs to a rejected launcher; command is not retained.
owtf/data/conf/resources.cfg,335,LaunchExploit_LINUX_HTTP,8b25ad7a8f806a414365f5a83eb73a22aef2d01554e0a2f23059a9088d72cdec,removed,Generic DoS/exploit launcher retired,docs/architecture/plugin-support-decisions.csv,Resource belongs to a rejected launcher; command is not retained.
owtf/data/conf/resources.cfg,336,LaunchExploit_LINUX_HTTP,9971843a7b05c532cb372635050d9b71b0a86d9eb0ab1a59feb8aaeda66d941b,removed,Generic DoS/exploit launcher retired,docs/architecture/plugin-support-decisions.csv,Resource belongs to a rejected launcher; command is not retained.
owtf/data/conf/resources.cfg,337,LaunchExploit_LINUX_HTTP,eace912e7893ee65c29e2994310d6d8a00ee4c9c393477d1c310be40f476a475,removed,Generic DoS/exploit launcher retired,docs/architecture/plugin-support-decisions.csv,Resource belongs to a rejected launcher; command is not retained.
owtf/data/conf/resources.cfg,338,LaunchExploit_LINUX_HTTP,e070daf94da93bfed51995961ee1f901b7f5fbc869cae6e770a6b3970fc6c277,removed,Generic DoS/exploit launcher retired,docs/architecture/plugin-support-decisions.csv,Resource belongs to a rejected launcher; command is not retained.
owtf/data/conf/resources.cfg,339,LaunchExploit_LINUX_IDS,03cee14ed8c8d010ba91803200f9c31055b046781313109ba8769a3904056ccf,removed,Generic DoS/exploit launcher retired,docs/architecture/plugin-support-decisions.csv,Resource belongs to a rejected launcher; command is not retained.
owtf/data/conf/resources.cfg,340,LaunchExploit_LINUX_IMAP,883317f2eeb487d40fa55c5995d56487efc1095e8aee23158ad3566feaf86bdc,removed,Generic DoS/exploit launcher retired,docs/architecture/plugin-support-decisions.csv,Resource belongs to a rejected launcher; command is not retained.
owtf/data/conf/resources.cfg,341,LaunchExploit_LINUX_MADWIFI,e24c29bfd3319002c495fecca4681a280dd45d686924257685fdd386513beebc,removed,Generic DoS/exploit launcher retired,docs/architecture/plugin-support-decisions.csv,Resource belongs to a rejected launcher; command is not retained.
owtf/data/conf/resources.cfg,342,LaunchExploit_LINUX_MISC,588a95490637c33e134b1be8765735aa17ea860841650618b63366273b49b2f1,removed,Generic DoS/exploit launcher retired,docs/architecture/plugin-support-decisions.csv,Resource belongs to a rejected launcher; command is not retained.
owtf/data/conf/resources.cfg,343,LaunchExploit_LINUX_MISC,d048eb5bc8822fefa35299e5989237efebb2b5480a79ae58f9209834ec3797cc,removed,Generic DoS/exploit launcher retired,docs/architecture/plugin-support-decisions.csv,Resource belongs to a rejected launcher; command is not retained.
owtf/data/conf/resources.cfg,344,LaunchExploit_LINUX_MISC,5b948f9e56aacc2aadc88f07987e1a455212c6efce17ed767ba96f800279175b,removed,Generic DoS/exploit launcher retired,docs/architecture/plugin-support-decisions.csv,Resource belongs to a rejected launcher; command is not retained.
owtf/data/conf/resources.cfg,345,LaunchExploit_LINUX_MISC,b6ea93ad72685700da42da3b5104b57c2f04baab3146896a76e5dc8db71e4bc0,removed,Generic DoS/exploit launcher retired,docs/architecture/plugin-support-decisions.csv,Resource belongs to a rejected launcher; command is not retained.
owtf/data/conf/resources.cfg,346,LaunchExploit_LINUX_MISC,607b8e29c6fc948e0645873edf17b791cfc88a376602288cdf6874017f648038,removed,Generic DoS/exploit launcher retired,docs/architecture/plugin-support-decisions.csv,Resource belongs to a rejected launcher; command is not retained.
owtf/data/conf/resources.cfg,347,LaunchExploit_LINUX_MISC,742e315fa8eb5ef98424cf3a8b2281215e594dbf8c4d1408f751d6ab232f771d,removed,Generic DoS/exploit launcher retired,docs/architecture/plugin-support-decisions.csv,Resource belongs to a rejected launcher; command is not retained.
owtf/data/conf/resources.cfg,348,LaunchExploit_LINUX_MISC,7dd2cd01b77f8068b1ec521f590550ee7dd90b11cbd83a64d9909136a4ab96b2,removed,Generic DoS/exploit launcher retired,docs/architecture/plugin-support-decisions.csv,Resource belongs to a rejected launcher; command is not retained.
owtf/data/conf/resources.cfg,349,LaunchExploit_LINUX_MISC,f87b0a927e454bdff7dbb4f954dc6618639711dacd904b914546f8e5437109bf,removed,Generic DoS/exploit launcher retired,docs/architecture/plugin-support-decisions.csv,Resource belongs to a rejected launcher; command is not retained.
owtf/data/conf/resources.cfg,350,LaunchExploit_LINUX_MISC,2592cf8b197bbf1f9d7b502b59c24517b4c83f948707dc11d8cff251da0bb99e,removed,Generic DoS/exploit launcher retired,docs/architecture/plugin-support-decisions.csv,Resource belongs to a rejected launcher; command is not retained.
owtf/data/conf/resources.cfg,351,LaunchExploit_LINUX_MISC,149be4d2e198985a57ee298c8d90be4faf43b4da778497476714a7055adadbeb,removed,Generic DoS/exploit launcher retired,docs/architecture/plugin-support-decisions.csv,Resource belongs to a rejected launcher; command is not retained.
owtf/data/conf/resources.cfg,352,LaunchExploit_LINUX_MYSQL,67648221f8c1146d174f74fefc52764a8f41ca4a0729d8eb626d6730413b1d2e,removed,Generic DoS/exploit launcher retired,docs/architecture/plugin-support-decisions.csv,Resource belongs to a rejected launcher; command is not retained.
owtf/data/conf/resources.cfg,353,LaunchExploit_LINUX_MYSQL,ca10b77b86ff5b6e7d75121448c71b6a82aa4a997358d4f48738d67eb130262a,removed,Generic DoS/exploit launcher retired,docs/architecture/plugin-support-decisions.csv,Resource belongs to a rejected launcher; command is not retained.
owtf/data/conf/resources.cfg,354,LaunchExploit_LINUX_POP3,48d8d6641099e4481bab87af041a3805bfe39ef3a4519d5419271bcc87eb732f,removed,Generic DoS/exploit launcher retired,docs/architecture/plugin-support-decisions.csv,Resource belongs to a rejected launcher; command is not retained.
owtf/data/conf/resources.cfg,355,LaunchExploit_LINUX_PPTP,eae41bddb808c07bdf9d4f24fa2a3e18a0103180d0a3381d926efee4117be682,removed,Generic DoS/exploit launcher retired,docs/architecture/plugin-support-decisions.csv,Resource belongs to a rejected launcher; command is not retained.
owtf/data/conf/resources.cfg,356,LaunchExploit_LINUX_PROXY,18d29db1e7ffdbb4160d7db4ae1844f225d8b5189fdb56ea5b5f3fd22345c33f,removed,Generic DoS/exploit launcher retired,docs/architecture/plugin-support-decisions.csv,Resource belongs to a rejected launcher; command is not retained.
owtf/data/conf/resources.cfg,357,LaunchExploit_LINUX_SAMBA,9b96ddf0f7c680c54ebd87755765a1e2550de260f3e2a84369c454f399012739,removed,Generic DoS/exploit launcher retired,docs/architecture/plugin-support-decisions.csv,Resource belongs to a rejected launcher; command is not retained.
owtf/data/conf/resources.cfg,358,LaunchExploit_LINUX_SAMBA,c1d8ed7f925d4e5f77d5baa8a9e8b3ee52f5b124acb4e7c75772293a9de95aa7,removed,Generic DoS/exploit launcher retired,docs/architecture/plugin-support-decisions.csv,Resource belongs to a rejected launcher; command is not retained.
owtf/data/conf/resources.cfg,359,LaunchExploit_LINUX_SAMBA,0f6d541a176eb15bf345b2277878e3656862292078e6517a99306bfd4272aefc,removed,Generic DoS/exploit launcher retired,docs/architecture/plugin-support-decisions.csv,Resource belongs to a rejected launcher; command is not retained.
owtf/data/conf/resources.cfg,360,LaunchExploit_MULTI_BROWSER,ad7e265da6c5e81f5daad0a8b3fc92dafa15def30e9282820510af1a7f89c81b,removed,Generic DoS/exploit launcher retired,docs/architecture/plugin-support-decisions.csv,Resource belongs to a rejected launcher; command is not retained.
owtf/data/conf/resources.cfg,361,LaunchExploit_MULTI_BROWSER,d3dd2abe3d38e58bc29280db9f95c1988241ab91e9c29a60e809efa09fbf2481,removed,Generic DoS/exploit launcher retired,docs/architecture/plugin-support-decisions.csv,Resource belongs to a rejected launcher; command is not retained.
owtf/data/conf/resources.cfg,362,LaunchExploit_MULTI_BROWSER,35de9a4cdf25c4ca56141f4e0cfe52c3e79c891c7ed47694a430cf4f16272553,removed,Generic DoS/exploit launcher retired,docs/architecture/plugin-support-decisions.csv,Resource belongs to a rejected launcher; command is not retained.
owtf/data/conf/resources.cfg,363,LaunchExploit_MULTI_BROWSER,59bdbf7be0c48bcd51d4933c15856317e8ae4236006683a3d5fc87e6db421bdb,removed,Generic DoS/exploit launcher retired,docs/architecture/plugin-support-decisions.csv,Resource belongs to a rejected launcher; command is not retained.
owtf/data/conf/resources.cfg,364,LaunchExploit_MULTI_BROWSER,e9776fe17846e428b7f2b54bcac765a07c7ed1baf3d845c6e4ed602b36f69db3,removed,Generic DoS/exploit launcher retired,docs/architecture/plugin-support-decisions.csv,Resource belongs to a rejected launcher; command is not retained.
owtf/data/conf/resources.cfg,365,LaunchExploit_MULTI_BROWSER,15ccbc4a5f3ffdc451f77cdfdcdf82d5f2b4dd4fb8bb23ed9b31e560a635176a,removed,Generic DoS/exploit launcher retired,docs/architecture/plugin-support-decisions.csv,Resource belongs to a rejected launcher; command is not retained.
owtf/data/conf/resources.cfg,366,LaunchExploit_MULTI_BROWSER,d4b370374eb893eec0ed6f99831b6fb5d12a1596d60f5771ddf1c554c362d97f,removed,Generic DoS/exploit launcher retired,docs/architecture/plugin-support-decisions.csv,Resource belongs to a rejected launcher; command is not retained.
owtf/data/conf/resources.cfg,367,LaunchExploit_MULTI_BROWSER,ca29d2f897ea83ca049f3a533273e8a9233ed7ff375b97f91be23e47725e4469,removed,Generic DoS/exploit launcher retired,docs/architecture/plugin-support-decisions.csv,Resource belongs to a rejected launcher; command is not retained.
owtf/data/conf/resources.cfg,368,LaunchExploit_MULTI_BROWSER,0a2a9dfee5c83e7b6ae7613568b69c4c7999bbb7b23cb728046bc1eab3a6db18,removed,Generic DoS/exploit launcher retired,docs/architecture/plugin-support-decisions.csv,Resource belongs to a rejected launcher; command is not retained.
owtf/data/conf/resources.cfg,369,LaunchExploit_MULTI_BROWSER,c763786020112a93411e2e6d8289eb710685d7ba7acf232d9399bdb74a4f3f3f,removed,Generic DoS/exploit launcher retired,docs/architecture/plugin-support-decisions.csv,Resource belongs to a rejected launcher; command is not retained.
owtf/data/conf/resources.cfg,370,LaunchExploit_MULTI_BROWSER,1aa5729292adacd20759b5c3f25608daf4b33ca485de6791baafc035596dc112,removed,Generic DoS/exploit launcher retired,docs/architecture/plugin-support-decisions.csv,Resource belongs to a rejected launcher; command is not retained.
owtf/data/conf/resources.cfg,371,LaunchExploit_MULTI_BROWSER,94554a14b1766e3e228ab1d1819efddbf0712d37a66959abaffed4a4e34858c8,removed,Generic DoS/exploit launcher retired,docs/architecture/plugin-support-decisions.csv,Resource belongs to a rejected launcher; command is not retained.
owtf/data/conf/resources.cfg,372,LaunchExploit_MULTI_BROWSER,5a63aa6c0355327033333dbbf81879a2dfc20ce23f41912e9b8aff4e3c88ce83,removed,Generic DoS/exploit launcher retired,docs/architecture/plugin-support-decisions.csv,Resource belongs to a rejected launcher; command is not retained.
owtf/data/conf/resources.cfg,373,LaunchExploit_MULTI_BROWSER,473acea6a67d421a8d4bb086e2ecb6d9efb100d284a79c892abbfce61d98b4de,removed,Generic DoS/exploit launcher retired,docs/architecture/plugin-support-decisions.csv,Resource belongs to a rejected launcher; command is not retained.
owtf/data/conf/resources.cfg,374,LaunchExploit_MULTI_BROWSER,2c097695192f58d4c44732e6d72ccaf56c022ae39193892c450e1ab50c1759af,removed,Generic DoS/exploit launcher retired,docs/architecture/plugin-support-decisions.csv,Resource belongs to a rejected launcher; command is not retained.
owtf/data/conf/resources.cfg,375,LaunchExploit_MULTI_FILEFORMAT,1a716ec1e0831f9279311a790e19589154c061c4dc96501fa4587c0ba3984d84,removed,Generic DoS/exploit launcher retired,docs/architecture/plugin-support-decisions.csv,Resource belongs to a rejected launcher; command is not retained.
owtf/data/conf/resources.cfg,376,LaunchExploit_MULTI_FILEFORMAT,a03db06d1b0cda4e2fe5e08b0e17799211bc2873378b897d6e5e1dfe3ab5ba4a,removed,Generic DoS/exploit launcher retired,docs/architecture/plugin-support-decisions.csv,Resource belongs to a rejected launcher; command is not retained.
owtf/data/conf/resources.cfg,377,LaunchExploit_MULTI_FILEFORMAT,f9cabe51f6fbc46c85a9af2841ff7d9262e525e14b03b63663f531d3a76170b1,removed,Generic DoS/exploit launcher retired,docs/architecture/plugin-support-decisions.csv,Resource belongs to a rejected launcher; command is not retained.
owtf/data/conf/resources.cfg,378,LaunchExploit_MULTI_FTP,3d9242366e119fba0e4191f71e6d6611e263a7e57526b56c4af4e5a525d1f75c,removed,Generic DoS/exploit launcher retired,docs/architecture/plugin-support-decisions.csv,Resource belongs to a rejected launcher; command is not retained.
owtf/data/conf/resources.cfg,379,LaunchExploit_MULTI_HANDLER,ca7ac04d1a4f220ec9e82d817396d56d804a86b7f9775b2ccc880cf99d8a3efc,removed,Generic DoS/exploit launcher retired,docs/architecture/plugin-support-decisions.csv,Resource belongs to a rejected launcher; command is not retained.
owtf/data/conf/resources.cfg,380,LaunchExploit_MULTI_HTTP,c787fc83e6f2766120a8928f80632cd3036bb7114b67e2354df2de5be394b59d,removed,Generic DoS/exploit launcher retired,docs/architecture/plugin-support-decisions.csv,Resource belongs to a rejected launcher; command is not retained.
owtf/data/conf/resources.cfg,381,LaunchExploit_MULTI_HTTP,209c44eff138c653f2be4a6c872dc7fd1a4725fe60edbf10148c88c5e9d09f2f,removed,Generic DoS/exploit launcher retired,docs/architecture/plugin-support-decisions.csv,Resource belongs to a rejected launcher; command is not retained.
owtf/data/conf/resources.cfg,382,LaunchExploit_MULTI_HTTP,d5eccd2059777290eb1f382b681539f6e619b392ac216c74234c58917e316482,removed,Generic DoS/exploit launcher retired,docs/architecture/plugin-support-decisions.csv,Resource belongs to a rejected launcher; command is not retained.
owtf/data/conf/resources.cfg,383,LaunchExploit_MULTI_HTTP,e124e2f3b980eb575b11ba35613e63b1852aa6f863c9add3544ec16304a9bec8,removed,Generic DoS/exploit launcher retired,docs/architecture/plugin-support-decisions.csv,Resource belongs to a rejected launcher; command is not retained.
owtf/data/conf/resources.cfg,384,LaunchExploit_MULTI_HTTP,056026a00aa8455c5c2f4583bf62852a693ff5d37fb0f532f0039a5d3e96ee93,removed,Generic DoS/exploit launcher retired,docs/architecture/plugin-support-decisions.csv,Resource belongs to a rejected launcher; command is not retained.
owtf/data/conf/resources.cfg,385,LaunchExploit_MULTI_HTTP,9b1412c2dda47ab0d6f9211748cbaae472c30b08c82d443914056ef1d74305ac,removed,Generic DoS/exploit launcher retired,docs/architecture/plugin-support-decisions.csv,Resource belongs to a rejected launcher; command is not retained.
owtf/data/conf/resources.cfg,386,LaunchExploit_MULTI_HTTP,0e1681d91f96c796c4149e0beee5dd3bb091afb7668d49ffd2c3bf154012fea6,removed,Generic DoS/exploit launcher retired,docs/architecture/plugin-support-decisions.csv,Resource belongs to a rejected launcher; command is not retained.
owtf/data/conf/resources.cfg,387,LaunchExploit_MULTI_HTTP,e38b4796dd840496d3951e19172b5f0a576a8d78b3039754527c591f9f10824b,removed,Generic DoS/exploit launcher retired,docs/architecture/plugin-support-decisions.csv,Resource belongs to a rejected launcher; command is not retained.
owtf/data/conf/resources.cfg,388,LaunchExploit_MULTI_HTTP,d3d4a9b0a2d8782e8b01bac33be69a401a47a4741c65073249b582bc7bcfef8d,removed,Generic DoS/exploit launcher retired,docs/architecture/plugin-support-decisions.csv,Resource belongs to a rejected launcher; command is not retained.
owtf/data/conf/resources.cfg,389,LaunchExploit_MULTI_HTTP,36ba9fa5235c6845ae980cf04cfec38f9e602118385d9a5554478d97087622fb,removed,Generic DoS/exploit launcher retired,docs/architecture/plugin-support-decisions.csv,Resource belongs to a rejected launcher; command is not retained.
owtf/data/conf/resources.cfg,390,LaunchExploit_MULTI_HTTP,2e4e49d4478710c77e073a22068a3b69237c3f31383268015125cfb763d0b0f6,removed,Generic DoS/exploit launcher retired,docs/architecture/plugin-support-decisions.csv,Resource belongs to a rejected launcher; command is not retained.
owtf/data/conf/resources.cfg,391,LaunchExploit_MULTI_HTTP,6e5f67afe72b4ca6b65843644445fbab943162b20d65e60019aa2539bca2c791,removed,Generic DoS/exploit launcher retired,docs/architecture/plugin-support-decisions.csv,Resource belongs to a rejected launcher; command is not retained.
owtf/data/conf/resources.cfg,392,LaunchExploit_MULTI_HTTP,adc2578617151994c05355cc5f593abee9e437f132579ce56ea34a1ebd9f1026,removed,Generic DoS/exploit launcher retired,docs/architecture/plugin-support-decisions.csv,Resource belongs to a rejected launcher; command is not retained.
owtf/data/conf/resources.cfg,393,LaunchExploit_MULTI_HTTP,989813ad7b596607a50f3cc41708269f737a0201755f4778adb5aef474d3d98e,removed,Generic DoS/exploit launcher retired,docs/architecture/plugin-support-decisions.csv,Resource belongs to a rejected launcher; command is not retained.
owtf/data/conf/resources.cfg,394,LaunchExploit_MULTI_HTTP,8a58fc45873ed8a32960610820ff01d31c6ed9e81d8a0637c6d5e3ba4b41bdce,removed,Generic DoS/exploit launcher retired,docs/architecture/plugin-support-decisions.csv,Resource belongs to a rejected launcher; command is not retained.
owtf/data/conf/resources.cfg,395,LaunchExploit_MULTI_HTTP,b9b766491817c421979beb94b8b2fcc4e3493fada737c5564b14b74d6fb4c872,removed,Generic DoS/exploit launcher retired,docs/architecture/plugin-support-decisions.csv,Resource belongs to a rejected launcher; command is not retained.
owtf/data/conf/resources.cfg,396,LaunchExploit_MULTI_HTTP,a9cb05458a7bb04d5b075298ab80ad2dafa534e455179c718b1e0e2385229740,removed,Generic DoS/exploit launcher retired,docs/architecture/plugin-support-decisions.csv,Resource belongs to a rejected launcher; command is not retained.
owtf/data/conf/resources.cfg,397,LaunchExploit_MULTI_HTTP,d691b56547bedd3b5f7c7a5c5c617a484fe6f1288243aeea29a6530bd448211e,removed,Generic DoS/exploit launcher retired,docs/architecture/plugin-support-decisions.csv,Resource belongs to a rejected launcher; command is not retained.
owtf/data/conf/resources.cfg,398,LaunchExploit_MULTI_MISC,9575aa320136db9edf3951c6f37691f65f3de43512c2821c59166eae139f657e,removed,Generic DoS/exploit launcher retired,docs/architecture/plugin-support-decisions.csv,Resource belongs to a rejected launcher; command is not retained.
owtf/data/conf/resources.cfg,399,LaunchExploit_MULTI_MISC,e0c0cde46020df3ec6be7e63013b9b48a26d5d87439510c6f1c94048c5fa5db1,removed,Generic DoS/exploit launcher retired,docs/architecture/plugin-support-decisions.csv,Resource belongs to a rejected launcher; command is not retained.
owtf/data/conf/resources.cfg,400,LaunchExploit_MULTI_MISC,1ff2fdbb06eed222f20a5dc5ca9bbf53460b54cd7ec304db5035e42d1bbfac38,removed,Generic DoS/exploit launcher retired,docs/architecture/plugin-support-decisions.csv,Resource belongs to a rejected launcher; command is not retained.
owtf/data/conf/resources.cfg,401,LaunchExploit_MULTI_MISC,8ab1887074290d859090cb6f8faf97a110081177ffbbad6673c2e83843c07319,removed,Generic DoS/exploit launcher retired,docs/architecture/plugin-support-decisions.csv,Resource belongs to a rejected launcher; command is not retained.
owtf/data/conf/resources.cfg,402,LaunchExploit_MULTI_MISC,9a94f5fedbae12f6aebbd661bfc5fd08c5d8d8bf8f28c9484b791d090c1652a7,removed,Generic DoS/exploit launcher retired,docs/architecture/plugin-support-decisions.csv,Resource belongs to a rejected launcher; command is not retained.
owtf/data/conf/resources.cfg,403,LaunchExploit_MULTI_MISC,bff6674f0fa84c3545628946a1639777865c03827929b00207ac7ad3f96a620f,removed,Generic DoS/exploit launcher retired,docs/architecture/plugin-support-decisions.csv,Resource belongs to a rejected launcher; command is not retained.
owtf/data/conf/resources.cfg,404,LaunchExploit_MULTI_NTP,f80bf9790acb1f9932f5dd53f2984a52e33d2f18b68a4d769a75c6ebe97c05a0,removed,Generic DoS/exploit launcher retired,docs/architecture/plugin-support-decisions.csv,Resource belongs to a rejected launcher; command is not retained.
owtf/data/conf/resources.cfg,405,LaunchExploit_MULTI_PHP,0d7be88b6e7005d57b3cef5962474b132381c383c55181e7851f72eb68120782,removed,Generic DoS/exploit launcher retired,docs/architecture/plugin-support-decisions.csv,Resource belongs to a rejected launcher; command is not retained.
owtf/data/conf/resources.cfg,406,LaunchExploit_MULTI_REALSERVER,f857272995e62b04441383816ff58f6b61f827156807438a796d3f8399b1c06b,removed,Generic DoS/exploit launcher retired,docs/architecture/plugin-support-decisions.csv,Resource belongs to a rejected launcher; command is not retained.
owtf/data/conf/resources.cfg,407,LaunchExploit_MULTI_SAMBA,f16b034ee5ba13f44b0d107184f624dc98d24bf37b34cba2c8719eb7d123c4c6,removed,Generic DoS/exploit launcher retired,docs/architecture/plugin-support-decisions.csv,Resource belongs to a rejected launcher; command is not retained.
owtf/data/conf/resources.cfg,408,LaunchExploit_MULTI_SAMBA,76fdb914d1fe423ea5f867bb13a298f696ca2e9eb808c14502287398ffdf9fbe,removed,Generic DoS/exploit launcher retired,docs/architecture/plugin-support-decisions.csv,Resource belongs to a rejected launcher; command is not retained.
owtf/data/conf/resources.cfg,409,LaunchExploit_MULTI_SVN,b12587f378df2807599cf387c60cadf05d02a906e89d2808449f0a643715b2c1,removed,Generic DoS/exploit launcher retired,docs/architecture/plugin-support-decisions.csv,Resource belongs to a rejected launcher; command is not retained.
owtf/data/conf/resources.cfg,410,LaunchExploit_MULTI_WYSE,c5824035151f1a3857f18c20602b1433edfaaa9528072530f25b030dd489b4cb,removed,Generic DoS/exploit launcher retired,docs/architecture/plugin-support-decisions.csv,Resource belongs to a rejected launcher; command is not retained.
owtf/data/conf/resources.cfg,411,LaunchExploit_NETWARE_SMB,142ad384857563fff49ac23827d2e6a8d0cf3fda95a1172a3b41528f4bbb79cf,removed,Generic DoS/exploit launcher retired,docs/architecture/plugin-support-decisions.csv,Resource belongs to a rejected launcher; command is not retained.
owtf/data/conf/resources.cfg,412,LaunchExploit_NETWARE_SUNRPC,9fae9411110882d736b5a3081d26c2739dadd867633e3c0025eb6b460577e178,removed,Generic DoS/exploit launcher retired,docs/architecture/plugin-support-decisions.csv,Resource belongs to a rejected launcher; command is not retained.
owtf/data/conf/resources.cfg,413,LaunchExploit_OSX_AFP,586fd1f4fe11ddd36f52287d1b152f5ef06de7a86ecb9f381f6f254b39561efb,removed,Generic DoS/exploit launcher retired,docs/architecture/plugin-support-decisions.csv,Resource belongs to a rejected launcher; command is not retained.
owtf/data/conf/resources.cfg,414,LaunchExploit_OSX_ARKEIA,189804dc7b2fdeb86755954378dfd4f9cf55685bbe8963d92383d021dd37085f,removed,Generic DoS/exploit launcher retired,docs/architecture/plugin-support-decisions.csv,Resource belongs to a rejected launcher; command is not retained.
owtf/data/conf/resources.cfg,415,LaunchExploit_OSX_ARMLE,7a6ecf4fa4df3190dce5a5fd46a21d81edb73d656b7ae0750aa89a77771397a6,removed,Generic DoS/exploit launcher retired,docs/architecture/plugin-support-decisions.csv,Resource belongs to a rejected launcher; command is not retained.
owtf/data/conf/resources.cfg,416,LaunchExploit_OSX_BROWSER,3ae15ce2d02fdc41bdcbaa4587b9bc66de4ec6e333e143dc868c6cdd024c3dc8,removed,Generic DoS/exploit launcher retired,docs/architecture/plugin-support-decisions.csv,Resource belongs to a rejected launcher; command is not retained.
owtf/data/conf/resources.cfg,417,LaunchExploit_OSX_BROWSER,639fb11f2e7872e2835ab4b5016d43193d6c03e9929942c9cd5ffefa30ff2fef,removed,Generic DoS/exploit launcher retired,docs/architecture/plugin-support-decisions.csv,Resource belongs to a rejected launcher; command is not retained.
owtf/data/conf/resources.cfg,418,LaunchExploit_OSX_BROWSER,d2205a21007e165b472f0f329b0f522a324c33ef9751bfdcaad2a750a84a3d87,removed,Generic DoS/exploit launcher retired,docs/architecture/plugin-support-decisions.csv,Resource belongs to a rejected launcher; command is not retained.
owtf/data/conf/resources.cfg,419,LaunchExploit_OSX_BROWSER,bac7b833f8336a5da4ce66769206eda5fecc785d0fd4ed56ea3ca76891bada07,removed,Generic DoS/exploit launcher retired,docs/architecture/plugin-support-decisions.csv,Resource belongs to a rejected launcher; command is not retained.
owtf/data/conf/resources.cfg,420,LaunchExploit_OSX_EMAIL,e9c213f32b3fd597c9496025c672ed004b9e2170145e5bca76c5943feca266d5,removed,Generic DoS/exploit launcher retired,docs/architecture/plugin-support-decisions.csv,Resource belongs to a rejected launcher; command is not retained.
owtf/data/conf/resources.cfg,421,LaunchExploit_OSX_EMAIL,5b6527a07270cc1160f33352cacdbeee1ed0f0935dc930b3590b67987eadae77,removed,Generic DoS/exploit launcher retired,docs/architecture/plugin-support-decisions.csv,Resource belongs to a rejected launcher; command is not retained.
owtf/data/conf/resources.cfg,422,LaunchExploit_OSX_FTP,8cfd96543a2e06c4a7d92875bdf642bdc2aa7dcb2048bc584864c3b987d96d95,removed,Generic DoS/exploit launcher retired,docs/architecture/plugin-support-decisions.csv,Resource belongs to a rejected launcher; command is not retained.
owtf/data/conf/resources.cfg,423,LaunchExploit_OSX_HTTP,1ca75585c3de86eea0c6e62a62287f591f610cada81a720341e958c657a10113,removed,Generic DoS/exploit launcher retired,docs/architecture/plugin-support-decisions.csv,Resource belongs to a rejected launcher; command is not retained.
owtf/data/conf/resources.cfg,424,LaunchExploit_OSX_MDNS,b89a9a80338fd2399f7c44c23f2c85dd3188678b7637e89e245bba224126dfb4,removed,Generic DoS/exploit launcher retired,docs/architecture/plugin-support-decisions.csv,Resource belongs to a rejected launcher; command is not retained.
owtf/data/conf/resources.cfg,425,LaunchExploit_OSX_MISC,394a52240cc8c3cfaff279b211ca24d14438f7925df3c57bf9252ee7a0b8789b,removed,Generic DoS/exploit launcher retired,docs/architecture/plugin-support-decisions.csv,Resource belongs to a rejected launcher; command is not retained.
owtf/data/conf/resources.cfg,426,LaunchExploit_OSX_RTSP,8b258fd666360058cf690b779abd1328fabde2d00ea58500607da2f24da0d2d2,removed,Generic DoS/exploit launcher retired,docs/architecture/plugin-support-decisions.csv,Resource belongs to a rejected launcher; command is not retained.
owtf/data/conf/resources.cfg,427,LaunchExploit_OSX_SAMBA,b9806717182fb59bee686d75f73dd3895bc7a912bb623f7d22766c1d0945c926,removed,Generic DoS/exploit launcher retired,docs/architecture/plugin-support-decisions.csv,Resource belongs to a rejected launcher; command is not retained.
owtf/data/conf/resources.cfg,428,LaunchExploit_OSX_SAMBA,786e38e6ab254320f07454769acfb3af7e37cfe8271b1712d2de2dbdf0a06891,removed,Generic DoS/exploit launcher retired,docs/architecture/plugin-support-decisions.csv,Resource belongs to a rejected launcher; command is not retained.
owtf/data/conf/resources.cfg,429,LaunchExploit_SOLARIS_DTSPCD,737c9b1e9ce9a2cd974fd07680591dfb8d615bbfed87ea4708db0678dfc6e833,removed,Generic DoS/exploit launcher retired,docs/architecture/plugin-support-decisions.csv,Resource belongs to a rejected launcher; command is not retained.
owtf/data/conf/resources.cfg,430,LaunchExploit_SOLARIS_LPD,5ae87e00d3bde2de437dd2ae03f3818241968b227efc049b67d0d5d046bd9a30,removed,Generic DoS/exploit launcher retired,docs/architecture/plugin-support-decisions.csv,Resource belongs to a rejected launcher; command is not retained.
owtf/data/conf/resources.cfg,431,LaunchExploit_SOLARIS_SAMBA,b335d5d038d93dc6dd90bb7a96713cec39024cda86ddeae862e676b542f74aa0,removed,Generic DoS/exploit launcher retired,docs/architecture/plugin-support-decisions.csv,Resource belongs to a rejected launcher; command is not retained.
owtf/data/conf/resources.cfg,432,LaunchExploit_SOLARIS_SAMBA,76aa99c65bdcde534b3ed753d16b71ac34e5d7baac0c1621e8ab0577c5da4c68,removed,Generic DoS/exploit launcher retired,docs/architecture/plugin-support-decisions.csv,Resource belongs to a rejected launcher; command is not retained.
owtf/data/conf/resources.cfg,433,LaunchExploit_SOLARIS_SUNRPC,3a67fe48adc4e226504654107167015aff2b60b02988bacce931007a64a770cc,removed,Generic DoS/exploit launcher retired,docs/architecture/plugin-support-decisions.csv,Resource belongs to a rejected launcher; command is not retained.
owtf/data/conf/resources.cfg,434,LaunchExploit_SOLARIS_SUNRPC,dbe8acb9e05507fb97f836ceeffcac1d76bb615cd47b804d15a5e6e606b05912,removed,Generic DoS/exploit launcher retired,docs/architecture/plugin-support-decisions.csv,Resource belongs to a rejected launcher; command is not retained.
owtf/data/conf/resources.cfg,435,LaunchExploit_SOLARIS_SUNRPC,7e59cbc220a2326eda653f57a727539cce14cefffbf24b4d0c76f68b58c4352b,removed,Generic DoS/exploit launcher retired,docs/architecture/plugin-support-decisions.csv,Resource belongs to a rejected launcher; command is not retained.
owtf/data/conf/resources.cfg,436,LaunchExploit_SOLARIS_TELNET,bfc0b0c45a919338c4b735e7d236deea87b6fe2fba19da631c5935a75538133a,removed,Generic DoS/exploit launcher retired,docs/architecture/plugin-support-decisions.csv,Resource belongs to a rejected launcher; command is not retained.
owtf/data/conf/resources.cfg,437,LaunchExploit_SOLARIS_TELNET,398b9186660117789b10ca890c8b5e304209233da0069a91bf41416949781660,removed,Generic DoS/exploit launcher retired,docs/architecture/plugin-support-decisions.csv,Resource belongs to a rejected launcher; command is not retained.
owtf/data/conf/resources.cfg,438,LaunchExploit_UNIX_FTP,980083d50b96ce44a5f8c298e8b6b1c295e4017702a5ee5a32ac47a5565295a4,removed,Generic DoS/exploit launcher retired,docs/architecture/plugin-support-decisions.csv,Resource belongs to a rejected launcher; command is not retained.
owtf/data/conf/resources.cfg,439,LaunchExploit_UNIX_FTP,a77e9e2b84a90930d7f78731049539473f88a68beb186353231e0d8d1ad5c83d,removed,Generic DoS/exploit launcher retired,docs/architecture/plugin-support-decisions.csv,Resource belongs to a rejected launcher; command is not retained.
owtf/data/conf/resources.cfg,440,LaunchExploit_UNIX_HTTP,67e42ddd498773870ddbd5cd31845ad1acae80607d818678a9c97ee13f7950df,removed,Generic DoS/exploit launcher retired,docs/architecture/plugin-support-decisions.csv,Resource belongs to a rejected launcher; command is not retained.
owtf/data/conf/resources.cfg,441,LaunchExploit_UNIX_HTTP,9db7a8d31e6c2356c62a6ecf6ccf6b030502168d6e43ac75bcc96d86625e46eb,removed,Generic DoS/exploit launcher retired,docs/architecture/plugin-support-decisions.csv,Resource belongs to a rejected launcher; command is not retained.
owtf/data/conf/resources.cfg,442,LaunchExploit_UNIX_HTTP,8086f1561438131055ceec1415397a297dce8d9087a3702fe4dbc8f44f2a799e,removed,Generic DoS/exploit launcher retired,docs/architecture/plugin-support-decisions.csv,Resource belongs to a rejected launcher; command is not retained.
owtf/data/conf/resources.cfg,443,LaunchExploit_UNIX_IRC,4b05d647bd2892d7906dcc72d6fb21a0ab5fd583daab831087e1896092cd68a9,removed,Generic DoS/exploit launcher retired,docs/architecture/plugin-support-decisions.csv,Resource belongs to a rejected launcher; command is not retained.
owtf/data/conf/resources.cfg,444,LaunchExploit_UNIX_MISC,2889368a16392bed2d6b27dee121034fc8070e8ae8de6ad632f7b09bc4bbdda5,removed,Generic DoS/exploit launcher retired,docs/architecture/plugin-support-decisions.csv,Resource belongs to a rejected launcher; command is not retained.
owtf/data/conf/resources.cfg,445,LaunchExploit_UNIX_MISC,57736c359d0d9f5477cbf14a2e6cab2fdf12836ef34b66c88c91e67104d957ea,removed,Generic DoS/exploit launcher retired,docs/architecture/plugin-support-decisions.csv,Resource belongs to a rejected launcher; command is not retained.
owtf/data/conf/resources.cfg,446,LaunchExploit_UNIX_MISC,fcccbedb244f814645357650925fb68d8f431fc89d7c07f1c32b2b3e9aaf4fa0,removed,Generic DoS/exploit launcher retired,docs/architecture/plugin-support-decisions.csv,Resource belongs to a rejected launcher; command is not retained.
owtf/data/conf/resources.cfg,447,LaunchExploit_UNIX_SMTP,0bed557977fe6d162eca587346ddacbd355b1db7de0fe6f4a517e273628222cb,removed,Generic DoS/exploit launcher retired,docs/architecture/plugin-support-decisions.csv,Resource belongs to a rejected launcher; command is not retained.
owtf/data/conf/resources.cfg,448,LaunchExploit_UNIX_SMTP,0c67e1b8900ac88c060ed230df90e92848925f887638ea02be8e36c810777b5f,removed,Generic DoS/exploit launcher retired,docs/architecture/plugin-support-decisions.csv,Resource belongs to a rejected launcher; command is not retained.
owtf/data/conf/resources.cfg,449,LaunchExploit_UNIX_WEBAPP,e770cf20839b3c333129040da91a15e1f06b58612a3a0e5be7db9fbb3cf6d588,removed,Generic DoS/exploit launcher retired,docs/architecture/plugin-support-decisions.csv,Resource belongs to a rejected launcher; command is not retained.
owtf/data/conf/resources.cfg,450,LaunchExploit_UNIX_WEBAPP,6ba6dac43a44dd1bf6ec4b61997e92000329fa2ade3ae2d36e172e277f14d233,removed,Generic DoS/exploit launcher retired,docs/architecture/plugin-support-decisions.csv,Resource belongs to a rejected launcher; command is not retained.
owtf/data/conf/resources.cfg,451,LaunchExploit_UNIX_WEBAPP,9b829abe9df67721098ba42282f34ddec8890ab53c2cfaafef0918f3575f23bd,removed,Generic DoS/exploit launcher retired,docs/architecture/plugin-support-decisions.csv,Resource belongs to a rejected launcher; command is not retained.
owtf/data/conf/resources.cfg,452,LaunchExploit_UNIX_WEBAPP,0c3db156015534da9b2bab4011bb00fd9e829bb43d1cc62e25a752391eb4ebaa,removed,Generic DoS/exploit launcher retired,docs/architecture/plugin-support-decisions.csv,Resource belongs to a rejected launcher; command is not retained.
owtf/data/conf/resources.cfg,453,LaunchExploit_UNIX_WEBAPP,a6cf662e21a17ba4815500de596ffff841d2baa709d1d0a444c50bcfa72e704c,removed,Generic DoS/exploit launcher retired,docs/architecture/plugin-support-decisions.csv,Resource belongs to a rejected launcher; command is not retained.
owtf/data/conf/resources.cfg,454,LaunchExploit_UNIX_WEBAPP,4bcc5068041fe07932d72ed3e6c5e95b0f1934810c4f80ab59bdcd149d4d82cd,removed,Generic DoS/exploit launcher retired,docs/architecture/plugin-support-decisions.csv,Resource belongs to a rejected launcher; command is not retained.
owtf/data/conf/resources.cfg,455,LaunchExploit_UNIX_WEBAPP,e8686f316fa5e7161d91eaea191b2aa1823cb51dc08a997307d5960f86def598,removed,Generic DoS/exploit launcher retired,docs/architecture/plugin-support-decisions.csv,Resource belongs to a rejected launcher; command is not retained.
owtf/data/conf/resources.cfg,456,LaunchExploit_UNIX_WEBAPP,01fcfd692be1ff74cef06b965915544d6e5f2c408157e811e2dadf2b8d8b4017,removed,Generic DoS/exploit launcher retired,docs/architecture/plugin-support-decisions.csv,Resource belongs to a rejected launcher; command is not retained.
owtf/data/conf/resources.cfg,457,LaunchExploit_UNIX_WEBAPP,69d1fea56ed59d28ec30c7c2a35308fded6707e8867d4bad8a79c4b3d8cf8f86,removed,Generic DoS/exploit launcher retired,docs/architecture/plugin-support-decisions.csv,Resource belongs to a rejected launcher; command is not retained.
owtf/data/conf/resources.cfg,458,LaunchExploit_UNIX_WEBAPP,781b2f09caae315856fb0f708264107de2a31b36dc5d3164d4bedb153be32f4b,removed,Generic DoS/exploit launcher retired,docs/architecture/plugin-support-decisions.csv,Resource belongs to a rejected launcher; command is not retained.
owtf/data/conf/resources.cfg,459,LaunchExploit_UNIX_WEBAPP,8668b4f83edbe8bc0d9cb02a1de4f252e61cb5bd7b9e8740d6e4488743382f61,removed,Generic DoS/exploit launcher retired,docs/architecture/plugin-support-decisions.csv,Resource belongs to a rejected launcher; command is not retained.
owtf/data/conf/resources.cfg,460,LaunchExploit_UNIX_WEBAPP,a92a9d2b560b9e1ee7933f0b497f95dcb0b1d95ab82a4dba3549fb0435318766,removed,Generic DoS/exploit launcher retired,docs/architecture/plugin-support-decisions.csv,Resource belongs to a rejected launcher; command is not retained.
owtf/data/conf/resources.cfg,461,LaunchExploit_UNIX_WEBAPP,8e94ec87bfc1a76607e6a4cda762d9acc2e88e3ccf5eb5260b2b88c8d07b768a,removed,Generic DoS/exploit launcher retired,docs/architecture/plugin-support-decisions.csv,Resource belongs to a rejected launcher; command is not retained.
owtf/data/conf/resources.cfg,462,LaunchExploit_UNIX_WEBAPP,7794c1959140aec5c4986850ac6100ff1a6ba6902d392a1ddddf5b34eb32b6e3,removed,Generic DoS/exploit launcher retired,docs/architecture/plugin-support-decisions.csv,Resource belongs to a rejected launcher; command is not retained.
owtf/data/conf/resources.cfg,463,LaunchExploit_UNIX_WEBAPP,28b75855f594eabcdb8b33edaf842e67afbd2f78544fce3513a1c2b6136d848d,removed,Generic DoS/exploit launcher retired,docs/architecture/plugin-support-decisions.csv,Resource belongs to a rejected launcher; command is not retained.
owtf/data/conf/resources.cfg,464,LaunchExploit_UNIX_WEBAPP,b23ce0e2aa8267ab89069ce163cd1d1e1ce240b937eb07ce3f70d5283999f573,removed,Generic DoS/exploit launcher retired,docs/architecture/plugin-support-decisions.csv,Resource belongs to a rejected launcher; command is not retained.
owtf/data/conf/resources.cfg,465,LaunchExploit_UNIX_WEBAPP,77ead95364a9486ac5fda0d4bbe6fd6dd6d4139f9d382b34009a4b0acd435fd8,removed,Generic DoS/exploit launcher retired,docs/architecture/plugin-support-decisions.csv,Resource belongs to a rejected launcher; command is not retained.
owtf/data/conf/resources.cfg,466,LaunchExploit_UNIX_WEBAPP,bded39ef9e7d48da3be1baed1b86962447b7126c8f427c573c89fc26d6e4364c,removed,Generic DoS/exploit launcher retired,docs/architecture/plugin-support-decisions.csv,Resource belongs to a rejected launcher; command is not retained.
owtf/data/conf/resources.cfg,467,LaunchExploit_UNIX_WEBAPP,70b904f0583e38cf4476fb426e1e458917bdb7ba7505c468f4e7ddce5188e69c,removed,Generic DoS/exploit launcher retired,docs/architecture/plugin-support-decisions.csv,Resource belongs to a rejected launcher; command is not retained.
owtf/data/conf/resources.cfg,468,LaunchExploit_UNIX_WEBAPP,c6a87ed0a79c445b31be9706ef965bd3c56928a2d9e4410321600ac0d6abf645,removed,Generic DoS/exploit launcher retired,docs/architecture/plugin-support-decisions.csv,Resource belongs to a rejected launcher; command is not retained.
owtf/data/conf/resources.cfg,469,LaunchExploit_UNIX_WEBAPP,1d2f8e380db0e45e76b6ce7bc563a22b54f4746d00005fe9d169217b4a84ed81,removed,Generic DoS/exploit launcher retired,docs/architecture/plugin-support-decisions.csv,Resource belongs to a rejected launcher; command is not retained.
owtf/data/conf/resources.cfg,470,LaunchExploit_UNIX_WEBAPP,29267367819f9ac2a123a88309758b3f924c0c9152daa2466ee6d56947055f09,removed,Generic DoS/exploit launcher retired,docs/architecture/plugin-support-decisions.csv,Resource belongs to a rejected launcher; command is not retained.
owtf/data/conf/resources.cfg,471,LaunchExploit_UNIX_WEBAPP,da9daff68270e81ba6e6873d66f92473a59a4e94eaa912fc8af41c03c05a07a2,removed,Generic DoS/exploit launcher retired,docs/architecture/plugin-support-decisions.csv,Resource belongs to a rejected launcher; command is not retained.
owtf/data/conf/resources.cfg,472,LaunchExploit_UNIX_WEBAPP,12ff7994ae5e621d02c476091264d3fb874e1164b959bf9619cfd82a8f944e61,removed,Generic DoS/exploit launcher retired,docs/architecture/plugin-support-decisions.csv,Resource belongs to a rejected launcher; command is not retained.
owtf/data/conf/resources.cfg,473,LaunchExploit_UNIX_WEBAPP,10095a855240522f7377d2f4cc1d1314c7d3c9d05266cfd290719537a5a3c916,removed,Generic DoS/exploit launcher retired,docs/architecture/plugin-support-decisions.csv,Resource belongs to a rejected launcher; command is not retained.
owtf/data/conf/resources.cfg,474,LaunchExploit_UNIX_WEBAPP,4a2def659050eaf0756c68efae4de37d183a3aac8b58a5afa9a3c469e27d52d2,removed,Generic DoS/exploit launcher retired,docs/architecture/plugin-support-decisions.csv,Resource belongs to a rejected launcher; command is not retained.
owtf/data/conf/resources.cfg,475,LaunchExploit_UNIX_WEBAPP,36fe654100beb79a296cedd4c87defd61ee495b6a6308eeeb3bce4cb6a67b29e,removed,Generic DoS/exploit launcher retired,docs/architecture/plugin-support-decisions.csv,Resource belongs to a rejected launcher; command is not retained.
owtf/data/conf/resources.cfg,476,LaunchExploit_UNIX_WEBAPP,d40ad14a277b6cdb29473e0fde7a3f153741e2caa5c1ccca43af57dea9ea238f,removed,Generic DoS/exploit launcher retired,docs/architecture/plugin-support-decisions.csv,Resource belongs to a rejected launcher; command is not retained.
owtf/data/conf/resources.cfg,477,LaunchExploit_UNIX_WEBAPP,d0afafbb825fe4abc4fc40ab97465bd66e9ec57f69f1e50fca4571a3d879a7d7,removed,Generic DoS/exploit launcher retired,docs/architecture/plugin-support-decisions.csv,Resource belongs to a rejected launcher; command is not retained.
owtf/data/conf/resources.cfg,478,LaunchExploit_UNIX_WEBAPP,66cad2ef3c3d3831a835146bc92baa1d696e8f8613d910d00b15e97116e4ff5e,removed,Generic DoS/exploit launcher retired,docs/architecture/plugin-support-decisions.csv,Resource belongs to a rejected launcher; command is not retained.
owtf/data/conf/resources.cfg,479,LaunchExploit_UNIX_WEBAPP,e156c567a712bc3d3a77053150ab6f6c118007ef4ba8b6737bc7e4ebb8cc53f4,removed,Generic DoS/exploit launcher retired,docs/architecture/plugin-support-decisions.csv,Resource belongs to a rejected launcher; command is not retained.
owtf/data/conf/resources.cfg,480,LaunchExploit_UNIX_WEBAPP,caaef0bc57768d5be115ad6ecd90a94ee536f4199b35b2766f78a132e8cad231,removed,Generic DoS/exploit launcher retired,docs/architecture/plugin-support-decisions.csv,Resource belongs to a rejected launcher; command is not retained.
owtf/data/conf/resources.cfg,481,LaunchExploit_UNIX_WEBAPP,6ae6b72acea4240c3ed6233dde6269f827a5f779a3108bc75bde6290a10bb4b0,removed,Generic DoS/exploit launcher retired,docs/architecture/plugin-support-decisions.csv,Resource belongs to a rejected launcher; command is not retained.
owtf/data/conf/resources.cfg,482,LaunchExploit_UNIX_WEBAPP,79cbd7801a2a4b94f6325a5bb46ad6445f6de8278edc6aa8fa5e85d2ef5afd11,removed,Generic DoS/exploit launcher retired,docs/architecture/plugin-support-decisions.csv,Resource belongs to a rejected launcher; command is not retained.
owtf/data/conf/resources.cfg,483,LaunchExploit_UNIX_WEBAPP,e176c716aac0f5dbac3feb07049e648cedf55671256f616d42ebc33d879c8717,removed,Generic DoS/exploit launcher retired,docs/architecture/plugin-support-decisions.csv,Resource belongs to a rejected launcher; command is not retained.
owtf/data/conf/resources.cfg,484,LaunchExploit_UNIX_WEBAPP,d7560a4698787baac3fc98699a22b3d033493a37bc3be5e73ad8ef0a83c1343b,removed,Generic DoS/exploit launcher retired,docs/architecture/plugin-support-decisions.csv,Resource belongs to a rejected launcher; command is not retained.
owtf/data/conf/resources.cfg,485,LaunchExploit_UNIX_WEBAPP,f2b9e8c0c9e86ec10bb4c989b589ce7d135d914806bcdb2e89d994bf8dad2af1,removed,Generic DoS/exploit launcher retired,docs/architecture/plugin-support-decisions.csv,Resource belongs to a rejected launcher; command is not retained.
owtf/data/conf/resources.cfg,486,LaunchExploit_UNIX_WEBAPP,5110943c5fcec3638405c37c581186d4d9ddd9721f7331df0b23c904dced5f21,removed,Generic DoS/exploit launcher retired,docs/architecture/plugin-support-decisions.csv,Resource belongs to a rejected launcher; command is not retained.
owtf/data/conf/resources.cfg,487,LaunchExploit_UNIX_WEBAPP,e7f9a632e66a176ce40b830ebf84ab87da8dacafc4425074a092e68f1d493123,removed,Generic DoS/exploit launcher retired,docs/architecture/plugin-support-decisions.csv,Resource belongs to a rejected launcher; command is not retained.
owtf/data/conf/resources.cfg,488,LaunchExploit_WINDOWS_ANTIVIRUS,3d43911b7956279334f54b068f60d3073e5cb54a54ff39502c2cc54a81bf8dbc,removed,Generic DoS/exploit launcher retired,docs/architecture/plugin-support-decisions.csv,Resource belongs to a rejected launcher; command is not retained.
owtf/data/conf/resources.cfg,489,LaunchExploit_WINDOWS_ANTIVIRUS,a71e0761bd5929c77c33917df8b7e8367439c3994384a6c323e217e6f59bfede,removed,Generic DoS/exploit launcher retired,docs/architecture/plugin-support-decisions.csv,Resource belongs to a rejected launcher; command is not retained.
owtf/data/conf/resources.cfg,490,LaunchExploit_WINDOWS_ANTIVIRUS,9faf6f3e465cf38e0dfd8a2889ee3e0760ab192a99d4a1c82adb9bf7cfeba1a8,removed,Generic DoS/exploit launcher retired,docs/architecture/plugin-support-decisions.csv,Resource belongs to a rejected launcher; command is not retained.
owtf/data/conf/resources.cfg,491,LaunchExploit_WINDOWS_ANTIVIRUS,e709e5a8a4b20055cb58c90c19de21f6d5bf9bd872cd118711412ef8cce5b5f1,removed,Generic DoS/exploit launcher retired,docs/architecture/plugin-support-decisions.csv,Resource belongs to a rejected launcher; command is not retained.
owtf/data/conf/resources.cfg,492,LaunchExploit_WINDOWS_ANTIVIRUS,7743b3f6b3be1ab79312c80676f87b6821bbbbbdfaea0a5085259160091f4287,removed,Generic DoS/exploit launcher retired,docs/architecture/plugin-support-decisions.csv,Resource belongs to a rejected launcher; command is not retained.
owtf/data/conf/resources.cfg,493,LaunchExploit_WINDOWS_ANTIVIRUS,816ad169326b752ecd7cdaadb4760a183ff202433a5a4e02d76578fb4c4cead5,removed,Generic DoS/exploit launcher retired,docs/architecture/plugin-support-decisions.csv,Resource belongs to a rejected launcher; command is not retained.
owtf/data/conf/resources.cfg,494,LaunchExploit_WINDOWS_ANTIVIRUS,735cd1933b7a0d7b9b9d6fbc7bb9d3bff3d3fb28e17c1e28b8ff55e0ebc8eca3,removed,Generic DoS/exploit launcher retired,docs/architecture/plugin-support-decisions.csv,Resource belongs to a rejected launcher; command is not retained.
owtf/data/conf/resources.cfg,495,LaunchExploit_WINDOWS_ARKEIA,c8bc4ced01e22c94df98f3e00a5a41421d9b9c93581811eddaab6ec7d3b5fec8,removed,Generic DoS/exploit launcher retired,docs/architecture/plugin-support-decisions.csv,Resource belongs to a rejected launcher; command is not retained.
owtf/data/conf/resources.cfg,496,LaunchExploit_WINDOWS_BACKDOOR,9b07c6ebbc4eeb0e646c0a45be58d4836a597d61905d45ed9fa1e75156a86da9,removed,Generic DoS/exploit launcher retired,docs/architecture/plugin-support-decisions.csv,Resource belongs to a rejected launcher; command is not retained.
owtf/data/conf/resources.cfg,497,LaunchExploit_WINDOWS_BACKUPEXEC,8b3f6bb46e2cf95cc9c7f1d01e3ba0f0636006e000beadd083f950604259208c,removed,Generic DoS/exploit launcher retired,docs/architecture/plugin-support-decisions.csv,Resource belongs to a rejected launcher; command is not retained.
owtf/data/conf/resources.cfg,498,LaunchExploit_WINDOWS_BACKUPEXEC,8c1b8f6df3d94d8b36a1898f12480c252b515cc3f9b4130268ab4de3bdc4d720,removed,Generic DoS/exploit launcher retired,docs/architecture/plugin-support-decisions.csv,Resource belongs to a rejected launcher; command is not retained.
owtf/data/conf/resources.cfg,499,LaunchExploit_WINDOWS_BRIGHTSTOR,563943f47036d80e8ded1cc6c06ee0d48aebfc5ebea96ac60e5e96890cf347a0,removed,Generic DoS/exploit launcher retired,docs/architecture/plugin-support-decisions.csv,Resource belongs to a rejected launcher; command is not retained.
owtf/data/conf/resources.cfg,500,LaunchExploit_WINDOWS_BRIGHTSTOR,82044baea55985760e255ce39442577398475e8cd0e1a9ff8e5e31fe0d72b030,removed,Generic DoS/exploit launcher retired,docs/architecture/plugin-support-decisions.csv,Resource belongs to a rejected launcher; command is not retained.
owtf/data/conf/resources.cfg,501,LaunchExploit_WINDOWS_BRIGHTSTOR,9157f5e184ae5fc4b843fead7cf0f35951baef96d74c53b92e5337345751d746,removed,Generic DoS/exploit launcher retired,docs/architecture/plugin-support-decisions.csv,Resource belongs to a rejected launcher; command is not retained.
owtf/data/conf/resources.cfg,502,LaunchExploit_WINDOWS_BRIGHTSTOR,67df4cb8b7e7b328637e68734d44401826418b6cfb39429bc5975d9f9269441d,removed,Generic DoS/exploit launcher retired,docs/architecture/plugin-support-decisions.csv,Resource belongs to a rejected launcher; command is not retained.
owtf/data/conf/resources.cfg,503,LaunchExploit_WINDOWS_BRIGHTSTOR,0a4b64b3002de49119be29f31d946bf912d7046f725362b1889d1f10a7999120,removed,Generic DoS/exploit launcher retired,docs/architecture/plugin-support-decisions.csv,Resource belongs to a rejected launcher; command is not retained.
owtf/data/conf/resources.cfg,504,LaunchExploit_WINDOWS_BRIGHTSTOR,cc081bcf163c1d933f71bb778f41f92865e2964eb2664dbb3bee6b173f3f4bab,removed,Generic DoS/exploit launcher retired,docs/architecture/plugin-support-decisions.csv,Resource belongs to a rejected launcher; command is not retained.
owtf/data/conf/resources.cfg,505,LaunchExploit_WINDOWS_BRIGHTSTOR,a7d16b561c046696e28e2ba987c84030f86ff274417ae7208b35dd8de8968aec,removed,Generic DoS/exploit launcher retired,docs/architecture/plugin-support-decisions.csv,Resource belongs to a rejected launcher; command is not retained.
owtf/data/conf/resources.cfg,506,LaunchExploit_WINDOWS_BRIGHTSTOR,cf2f3d56955e73a279b003939c448d43e29202dcfad0c71d3f42dbf690e397de,removed,Generic DoS/exploit launcher retired,docs/architecture/plugin-support-decisions.csv,Resource belongs to a rejected launcher; command is not retained.
owtf/data/conf/resources.cfg,507,LaunchExploit_WINDOWS_BRIGHTSTOR,61a6c34638b4ea4ccd32bcaebc90cede31143195b0d1a6156091307ddfed501f,removed,Generic DoS/exploit launcher retired,docs/architecture/plugin-support-decisions.csv,Resource belongs to a rejected launcher; command is not retained.
owtf/data/conf/resources.cfg,508,LaunchExploit_WINDOWS_BRIGHTSTOR,704d020bd0b96bd9857940e8862ed2b0d92b21f11a964ecdcf3bf219f6e38ae3,removed,Generic DoS/exploit launcher retired,docs/architecture/plugin-support-decisions.csv,Resource belongs to a rejected launcher; command is not retained.
owtf/data/conf/resources.cfg,509,LaunchExploit_WINDOWS_BRIGHTSTOR,33b678eb4b1d5f56d9329dbc4cae2205e527ca286d89201ab5a9c439cd3e570a,removed,Generic DoS/exploit launcher retired,docs/architecture/plugin-support-decisions.csv,Resource belongs to a rejected launcher; command is not retained.
owtf/data/conf/resources.cfg,510,LaunchExploit_WINDOWS_BRIGHTSTOR,8836fb8ffd0225c8a04a1de08504c505469c52312f7015d8a91a9ac088d1f3bf,removed,Generic DoS/exploit launcher retired,docs/architecture/plugin-support-decisions.csv,Resource belongs to a rejected launcher; command is not retained.
owtf/data/conf/resources.cfg,511,LaunchExploit_WINDOWS_BRIGHTSTOR,79b8b351b24e5394c2354787778971a3c869ca18d31b8e23044e1dbc54e96c38,removed,Generic DoS/exploit launcher retired,docs/architecture/plugin-support-decisions.csv,Resource belongs to a rejected launcher; command is not retained.
owtf/data/conf/resources.cfg,512,LaunchExploit_WINDOWS_BRIGHTSTOR,33d79373dd8c8aef97a8bcf34512409a2717e08f4a0688ef2478547503195610,removed,Generic DoS/exploit launcher retired,docs/architecture/plugin-support-decisions.csv,Resource belongs to a rejected launcher; command is not retained.
owtf/data/conf/resources.cfg,513,LaunchExploit_WINDOWS_BRIGHTSTOR,23baf023b0812288236516eae5c40b9e9df0e4c6bcb499a62e3db3986ede4d34,removed,Generic DoS/exploit launcher retired,docs/architecture/plugin-support-decisions.csv,Resource belongs to a rejected launcher; command is not retained.
owtf/data/conf/resources.cfg,514,LaunchExploit_WINDOWS_BRIGHTSTOR,31da2aa267f03b65d8c542b414ec24895ee72a15192773d5cfafb9e8c334e482,removed,Generic DoS/exploit launcher retired,docs/architecture/plugin-support-decisions.csv,Resource belongs to a rejected launcher; command is not retained.
owtf/data/conf/resources.cfg,515,LaunchExploit_WINDOWS_BRIGHTSTOR,103aef2d48384d0982d21221048a984c15fca8daa3560d5709b451dccddca9fd,removed,Generic DoS/exploit launcher retired,docs/architecture/plugin-support-decisions.csv,Resource belongs to a rejected launcher; command is not retained.
owtf/data/conf/resources.cfg,516,LaunchExploit_WINDOWS_BRIGHTSTOR,7f5694697d1b1b07daac7fec41652aa626f894c622dc92869889770f0a804eb8,removed,Generic DoS/exploit launcher retired,docs/architecture/plugin-support-decisions.csv,Resource belongs to a rejected launcher; command is not retained.
owtf/data/conf/resources.cfg,517,LaunchExploit_WINDOWS_BRIGHTSTOR,7f2709bfc0d4973a21317b970001b4a3246275920931854fa13d9a5276a2f860,removed,Generic DoS/exploit launcher retired,docs/architecture/plugin-support-decisions.csv,Resource belongs to a rejected launcher; command is not retained.
owtf/data/conf/resources.cfg,518,LaunchExploit_WINDOWS_BROWSER,25ef72c8fca7ecbcc0890e424b0273337696884a2dc040deb754c2e0a19ed4f3,removed,Generic DoS/exploit launcher retired,docs/architecture/plugin-support-decisions.csv,Resource belongs to a rejected launcher; command is not retained.
owtf/data/conf/resources.cfg,519,LaunchExploit_WINDOWS_BROWSER,b2cc3852ce6a9aec85b53440738c82cb07e8a6f9d3f8b8711c05163f7ab5e749,removed,Generic DoS/exploit launcher retired,docs/architecture/plugin-support-decisions.csv,Resource belongs to a rejected launcher; command is not retained.
owtf/data/conf/resources.cfg,520,LaunchExploit_WINDOWS_BROWSER,5384a7efd3c623c69278b0594888bb14267eea0c0ed051c604f0ca88b12c887e,removed,Generic DoS/exploit launcher retired,docs/architecture/plugin-support-decisions.csv,Resource belongs to a rejected launcher; command is not retained.
owtf/data/conf/resources.cfg,521,LaunchExploit_WINDOWS_BROWSER,4625114d0f4a0702a90a6f58b834a9aba9a9a70bb546492b382fe17a5745bd24,removed,Generic DoS/exploit launcher retired,docs/architecture/plugin-support-decisions.csv,Resource belongs to a rejected launcher; command is not retained.
owtf/data/conf/resources.cfg,522,LaunchExploit_WINDOWS_BROWSER,af5417f9568f488f8a99bf006186fbb54e54993be40da320df5f152acfdf60e4,removed,Generic DoS/exploit launcher retired,docs/architecture/plugin-support-decisions.csv,Resource belongs to a rejected launcher; command is not retained.
owtf/data/conf/resources.cfg,523,LaunchExploit_WINDOWS_BROWSER,97183011f2c8851d348407f70f2271d33970afd2d707455e9c1de5c003f509f6,removed,Generic DoS/exploit launcher retired,docs/architecture/plugin-support-decisions.csv,Resource belongs to a rejected launcher; command is not retained.
owtf/data/conf/resources.cfg,524,LaunchExploit_WINDOWS_BROWSER,438de4d9139f2d747e4051211350bddaa0c8873859bfa2c3fc1746cae315b3b1,removed,Generic DoS/exploit launcher retired,docs/architecture/plugin-support-decisions.csv,Resource belongs to a rejected launcher; command is not retained.
owtf/data/conf/resources.cfg,525,LaunchExploit_WINDOWS_BROWSER,405c646fb7c5be39462ab41dd046304c8eeae11288129ff08735bd63c891064d,removed,Generic DoS/exploit launcher retired,docs/architecture/plugin-support-decisions.csv,Resource belongs to a rejected launcher; command is not retained.
owtf/data/conf/resources.cfg,526,LaunchExploit_WINDOWS_BROWSER,a4ca2e33a916438f9c9ee691dd3a223f944e75797e693c2c8ebd94342d0e860f,removed,Generic DoS/exploit launcher retired,docs/architecture/plugin-support-decisions.csv,Resource belongs to a rejected launcher; command is not retained.
owtf/data/conf/resources.cfg,527,LaunchExploit_WINDOWS_BROWSER,0e3bda0785740dcbfd5dd1ea5cfa3f48eaa51fa545c1e5a6d54588e78557965e,removed,Generic DoS/exploit launcher retired,docs/architecture/plugin-support-decisions.csv,Resource belongs to a rejected launcher; command is not retained.
owtf/data/conf/resources.cfg,528,LaunchExploit_WINDOWS_BROWSER,50c1191f4a4cb28ff3d75c74a3a117b8b492e69fde85ee15b6066d8a155dd869,removed,Generic DoS/exploit launcher retired,docs/architecture/plugin-support-decisions.csv,Resource belongs to a rejected launcher; command is not retained.
owtf/data/conf/resources.cfg,529,LaunchExploit_WINDOWS_BROWSER,dc75aa493449a28d9d0a2e42812ea0da37584041b6a9ad83481fbab96739b512,removed,Generic DoS/exploit launcher retired,docs/architecture/plugin-support-decisions.csv,Resource belongs to a rejected launcher; command is not retained.
owtf/data/conf/resources.cfg,530,LaunchExploit_WINDOWS_BROWSER,f5df3e306691d556de514497d302cbf0b79eca8b56772bfc2e9eca35c144f026,removed,Generic DoS/exploit launcher retired,docs/architecture/plugin-support-decisions.csv,Resource belongs to a rejected launcher; command is not retained.
owtf/data/conf/resources.cfg,531,LaunchExploit_WINDOWS_BROWSER,eb958297e8e065f855da857962aca40ab76d4668bcbf3b47b6c73bf683463877,removed,Generic DoS/exploit launcher retired,docs/architecture/plugin-support-decisions.csv,Resource belongs to a rejected launcher; command is not retained.
owtf/data/conf/resources.cfg,532,LaunchExploit_WINDOWS_BROWSER,5a5f1466bf73add3808e49f5bd68e7391a0eb7c05f7820c6832366f8c7c770d1,removed,Generic DoS/exploit launcher retired,docs/architecture/plugin-support-decisions.csv,Resource belongs to a rejected launcher; command is not retained.
owtf/data/conf/resources.cfg,533,LaunchExploit_WINDOWS_BROWSER,8baf9466a0e7024dbe8f00ee205a44fb9f54af30904870bd4a0dfe71aad82c62,removed,Generic DoS/exploit launcher retired,docs/architecture/plugin-support-decisions.csv,Resource belongs to a rejected launcher; command is not retained.
owtf/data/conf/resources.cfg,534,LaunchExploit_WINDOWS_BROWSER,6a87dd60c1fd5aa9614b902033a38d5a29d929f28d9ff96b6d4bf817558f6bf2,removed,Generic DoS/exploit launcher retired,docs/architecture/plugin-support-decisions.csv,Resource belongs to a rejected launcher; command is not retained.
owtf/data/conf/resources.cfg,535,LaunchExploit_WINDOWS_BROWSER,17f0ac5661442e2f1fb129fd0dba8631dc044010b07e6fbb2bbee7227f372cf4,removed,Generic DoS/exploit launcher retired,docs/architecture/plugin-support-decisions.csv,Resource belongs to a rejected launcher; command is not retained.
owtf/data/conf/resources.cfg,536,LaunchExploit_WINDOWS_BROWSER,35a32e6e9a2d964556f052dcf9954f761125b7f08d73cc739df63cb8683b1f69,removed,Generic DoS/exploit launcher retired,docs/architecture/plugin-support-decisions.csv,Resource belongs to a rejected launcher; command is not retained.
owtf/data/conf/resources.cfg,537,LaunchExploit_WINDOWS_BROWSER,15b99ee5b03012c3fae1bcdbb167af4dd5809137620e98da3338457e12c46077,removed,Generic DoS/exploit launcher retired,docs/architecture/plugin-support-decisions.csv,Resource belongs to a rejected launcher; command is not retained.
owtf/data/conf/resources.cfg,538,LaunchExploit_WINDOWS_BROWSER,b6a6925bf2c5efd5634abcca07fa35e2c55e0ff262f74480b821147680af311a,removed,Generic DoS/exploit launcher retired,docs/architecture/plugin-support-decisions.csv,Resource belongs to a rejected launcher; command is not retained.
owtf/data/conf/resources.cfg,539,LaunchExploit_WINDOWS_BROWSER,0762eb8fff826c3d8d28dab870e6c7788a4d87f16645e1519fe6ea5820d5d24a,removed,Generic DoS/exploit launcher retired,docs/architecture/plugin-support-decisions.csv,Resource belongs to a rejected launcher; command is not retained.
owtf/data/conf/resources.cfg,540,LaunchExploit_WINDOWS_BROWSER,b11d4bbab8681813e136a405b04bdf41c96fccaba5e6f3579363064ecb489d87,removed,Generic DoS/exploit launcher retired,docs/architecture/plugin-support-decisions.csv,Resource belongs to a rejected launcher; command is not retained.
owtf/data/conf/resources.cfg,541,LaunchExploit_WINDOWS_BROWSER,25970bfb7cc0527115762744f5e6c07cad63aaf157e9ae5ad16d03d6563da4f5,removed,Generic DoS/exploit launcher retired,docs/architecture/plugin-support-decisions.csv,Resource belongs to a rejected launcher; command is not retained.
owtf/data/conf/resources.cfg,542,LaunchExploit_WINDOWS_BROWSER,1ac7665e0f159cc3f6a8521c1a7af26a7f1d2e4142b09fb8eba2a68f2319e17c,removed,Generic DoS/exploit launcher retired,docs/architecture/plugin-support-decisions.csv,Resource belongs to a rejected launcher; command is not retained.
owtf/data/conf/resources.cfg,543,LaunchExploit_WINDOWS_BROWSER,f88249bad11e068348f33b22c22083c60733a4d031da271f7c6725a9de88a4b6,removed,Generic DoS/exploit launcher retired,docs/architecture/plugin-support-decisions.csv,Resource belongs to a rejected launcher; command is not retained.
owtf/data/conf/resources.cfg,544,LaunchExploit_WINDOWS_BROWSER,ffedb599de8d338450b7525c62dbd2c67d6114c74a4a0fef8654aac5359a189f,removed,Generic DoS/exploit launcher retired,docs/architecture/plugin-support-decisions.csv,Resource belongs to a rejected launcher; command is not retained.
owtf/data/conf/resources.cfg,545,LaunchExploit_WINDOWS_BROWSER,741a1e6ed3fdd1bd716c6759be7be801740e70b55569f88f6623e223ac6616d0,removed,Generic DoS/exploit launcher retired,docs/architecture/plugin-support-decisions.csv,Resource belongs to a rejected launcher; command is not retained.
owtf/data/conf/resources.cfg,546,LaunchExploit_WINDOWS_BROWSER,835911951c0b98e48877737b5c1676796bfdd07373e3f2cd575039b74497b7f6,removed,Generic DoS/exploit launcher retired,docs/architecture/plugin-support-decisions.csv,Resource belongs to a rejected launcher; command is not retained.
owtf/data/conf/resources.cfg,547,LaunchExploit_WINDOWS_BROWSER,e4841f71ffe4b155575b006e400bf814a053d5c4497231bf8f07ba6391fc7c92,removed,Generic DoS/exploit launcher retired,docs/architecture/plugin-support-decisions.csv,Resource belongs to a rejected launcher; command is not retained.
owtf/data/conf/resources.cfg,548,LaunchExploit_WINDOWS_BROWSER,d42273dec9aa7e07eb53566b16fb4db4a43b407403844a53c222f77a4c79809f,removed,Generic DoS/exploit launcher retired,docs/architecture/plugin-support-decisions.csv,Resource belongs to a rejected launcher; command is not retained.
owtf/data/conf/resources.cfg,549,LaunchExploit_WINDOWS_BROWSER,f9bf3c234a618a18bc5fcd82a2666c98cf1084ec8152781b147ef380c356df51,removed,Generic DoS/exploit launcher retired,docs/architecture/plugin-support-decisions.csv,Resource belongs to a rejected launcher; command is not retained.
owtf/data/conf/resources.cfg,550,LaunchExploit_WINDOWS_BROWSER,2c3e45d4cf5b8e1efc9ac3cc2563bab546a3edfbc5634c426bc26be52914606a,removed,Generic DoS/exploit launcher retired,docs/architecture/plugin-support-decisions.csv,Resource belongs to a rejected launcher; command is not retained.
owtf/data/conf/resources.cfg,551,LaunchExploit_WINDOWS_BROWSER,0ef82735aa05bcb4cc4c36760c58052fe1ab181d5f80e9f9bd41822e9fa96f39,removed,Generic DoS/exploit launcher retired,docs/architecture/plugin-support-decisions.csv,Resource belongs to a rejected launcher; command is not retained.
owtf/data/conf/resources.cfg,552,LaunchExploit_WINDOWS_BROWSER,1cc04c173916f883aeeb6cac950c47d8c62f3ecf3a3c4bedebcd1b5b0b3a50e9,removed,Generic DoS/exploit launcher retired,docs/architecture/plugin-support-decisions.csv,Resource belongs to a rejected launcher; command is not retained.
owtf/data/conf/resources.cfg,553,LaunchExploit_WINDOWS_BROWSER,e5ca03af7806f7628fd3d84a17f3ef2058d4ad5f50f5b241395ba3d6c2326e13,removed,Generic DoS/exploit launcher retired,docs/architecture/plugin-support-decisions.csv,Resource belongs to a rejected launcher; command is not retained.
owtf/data/conf/resources.cfg,554,LaunchExploit_WINDOWS_BROWSER,18305eacf3e09ae40f3bdd43c423a927d215e56f49225afb9bf4f4eb19f62336,removed,Generic DoS/exploit launcher retired,docs/architecture/plugin-support-decisions.csv,Resource belongs to a rejected launcher; command is not retained.
owtf/data/conf/resources.cfg,555,LaunchExploit_WINDOWS_BROWSER,0c793f2529dbf19d868b76596b759771875de348676f3a89b4194e8499f5e69c,removed,Generic DoS/exploit launcher retired,docs/architecture/plugin-support-decisions.csv,Resource belongs to a rejected launcher; command is not retained.
owtf/data/conf/resources.cfg,556,LaunchExploit_WINDOWS_BROWSER,a9a5eed38f2ca545d63e797d856e500cb23f13c1c39ee30e0dfd29c5b84af45f,removed,Generic DoS/exploit launcher retired,docs/architecture/plugin-support-decisions.csv,Resource belongs to a rejected launcher; command is not retained.
owtf/data/conf/resources.cfg,557,LaunchExploit_WINDOWS_BROWSER,187284629926c81f280bfde6d9d378e395f6f8ce6a2b4396837dc0325bcbbf32,removed,Generic DoS/exploit launcher retired,docs/architecture/plugin-support-decisions.csv,Resource belongs to a rejected launcher; command is not retained.
owtf/data/conf/resources.cfg,558,LaunchExploit_WINDOWS_BROWSER,807461a80bf8e1e9cdf05ecb16a84984ba8d04b1a0d8b8b707c9ec468c294a3f,removed,Generic DoS/exploit launcher retired,docs/architecture/plugin-support-decisions.csv,Resource belongs to a rejected launcher; command is not retained.
owtf/data/conf/resources.cfg,559,LaunchExploit_WINDOWS_BROWSER,6b214595f00cc427663da2c8a2f48c3d357dbde109ff6e9a2487e879762b3cbe,removed,Generic DoS/exploit launcher retired,docs/architecture/plugin-support-decisions.csv,Resource belongs to a rejected launcher; command is not retained.
owtf/data/conf/resources.cfg,560,LaunchExploit_WINDOWS_BROWSER,882048359ce03f2cb7ccc0f494c34b50024ac85a084e8417b29d888d887c3310,removed,Generic DoS/exploit launcher retired,docs/architecture/plugin-support-decisions.csv,Resource belongs to a rejected launcher; command is not retained.
owtf/data/conf/resources.cfg,561,LaunchExploit_WINDOWS_BROWSER,98fe54cba98dccebfe2a43c31969cf289a918a1532a59381c2ec59baa70a4907,removed,Generic DoS/exploit launcher retired,docs/architecture/plugin-support-decisions.csv,Resource belongs to a rejected launcher; command is not retained.
owtf/data/conf/resources.cfg,562,LaunchExploit_WINDOWS_BROWSER,006665d2ad5a06535cb74014daa117c2394748b4de6e12086ccc2a0169f149fe,removed,Generic DoS/exploit launcher retired,docs/architecture/plugin-support-decisions.csv,Resource belongs to a rejected launcher; command is not retained.
owtf/data/conf/resources.cfg,563,LaunchExploit_WINDOWS_BROWSER,9743fce3730a35f4517d57e1a8b5d551a9110cf00ed77642afa746ad668a4ecb,removed,Generic DoS/exploit launcher retired,docs/architecture/plugin-support-decisions.csv,Resource belongs to a rejected launcher; command is not retained.
owtf/data/conf/resources.cfg,564,LaunchExploit_WINDOWS_BROWSER,ec4e07b51408b9237a10b7072ae86e326a9c2412a053fc56a283c90f1a4506ce,removed,Generic DoS/exploit launcher retired,docs/architecture/plugin-support-decisions.csv,Resource belongs to a rejected launcher; command is not retained.
owtf/data/conf/resources.cfg,565,LaunchExploit_WINDOWS_BROWSER,0880750df9bce8cd176ad537eee59c8d18cd9a16a570e22c4a4e5aa965c92171,removed,Generic DoS/exploit launcher retired,docs/architecture/plugin-support-decisions.csv,Resource belongs to a rejected launcher; command is not retained.
owtf/data/conf/resources.cfg,566,LaunchExploit_WINDOWS_BROWSER,15f77e48a35fb2bcbf67d0395a9724365212869d1d3c6b9f6efc1626cdf010d8,removed,Generic DoS/exploit launcher retired,docs/architecture/plugin-support-decisions.csv,Resource belongs to a rejected launcher; command is not retained.
owtf/data/conf/resources.cfg,567,LaunchExploit_WINDOWS_BROWSER,00aae8447d36cafd63a0bf2444ecf14093bae5e3e7deb6f2324455e89ee60854,removed,Generic DoS/exploit launcher retired,docs/architecture/plugin-support-decisions.csv,Resource belongs to a rejected launcher; command is not retained.
owtf/data/conf/resources.cfg,568,LaunchExploit_WINDOWS_BROWSER,1daa0b156b17c1b8378139ab1e095fb9229c6bebf735ff16c836721589125a0d,removed,Generic DoS/exploit launcher retired,docs/architecture/plugin-support-decisions.csv,Resource belongs to a rejected launcher; command is not retained.
owtf/data/conf/resources.cfg,569,LaunchExploit_WINDOWS_BROWSER,e28ff641a444249eaedf0603d723b265d6480923ba55ababc027103c1e00943c,removed,Generic DoS/exploit launcher retired,docs/architecture/plugin-support-decisions.csv,Resource belongs to a rejected launcher; command is not retained.
owtf/data/conf/resources.cfg,570,LaunchExploit_WINDOWS_BROWSER,12e4380341bfec7af30c45c3ef44a94f15bc97fb174a32a58e9798ab0c4bd8c9,removed,Generic DoS/exploit launcher retired,docs/architecture/plugin-support-decisions.csv,Resource belongs to a rejected launcher; command is not retained.
owtf/data/conf/resources.cfg,571,LaunchExploit_WINDOWS_BROWSER,ec6f5fdbcf0cf9440e667eb62cbca2a1ee9e5e4ceb250a3a0cfa9fadba9a3927,removed,Generic DoS/exploit launcher retired,docs/architecture/plugin-support-decisions.csv,Resource belongs to a rejected launcher; command is not retained.
owtf/data/conf/resources.cfg,572,LaunchExploit_WINDOWS_BROWSER,6030ac9183d8485bd07279bf8e2153f138c5b3cdbf2205220f06c236c10caf3b,removed,Generic DoS/exploit launcher retired,docs/architecture/plugin-support-decisions.csv,Resource belongs to a rejected launcher; command is not retained.
owtf/data/conf/resources.cfg,573,LaunchExploit_WINDOWS_BROWSER,ea45f457991f2915492425d77e94d3c92a1804fc7cf68faa33e569377b5d17c5,removed,Generic DoS/exploit launcher retired,docs/architecture/plugin-support-decisions.csv,Resource belongs to a rejected launcher; command is not retained.
owtf/data/conf/resources.cfg,574,LaunchExploit_WINDOWS_BROWSER,e3110666842dd723c074a051257a6e29e260c1e76c7770c5f0b73052ffc1fcd0,removed,Generic DoS/exploit launcher retired,docs/architecture/plugin-support-decisions.csv,Resource belongs to a rejected launcher; command is not retained.
owtf/data/conf/resources.cfg,575,LaunchExploit_WINDOWS_BROWSER,4c59edbf186fbb769df39c6136427d24657e0072342ba5e91059527883afbaf6,removed,Generic DoS/exploit launcher retired,docs/architecture/plugin-support-decisions.csv,Resource belongs to a rejected launcher; command is not retained.
owtf/data/conf/resources.cfg,576,LaunchExploit_WINDOWS_BROWSER,9a98c004edad4716ce60d2f1185f633246fff164c7d0a9a4bf985fc870c27b8e,removed,Generic DoS/exploit launcher retired,docs/architecture/plugin-support-decisions.csv,Resource belongs to a rejected launcher; command is not retained.
owtf/data/conf/resources.cfg,577,LaunchExploit_WINDOWS_BROWSER,34eb847b44e26832fad8ce7be389566b46d6790b4991daa1bcd39f87f1af9a53,removed,Generic DoS/exploit launcher retired,docs/architecture/plugin-support-decisions.csv,Resource belongs to a rejected launcher; command is not retained.
owtf/data/conf/resources.cfg,578,LaunchExploit_WINDOWS_BROWSER,857a62cc98c2b74a75ac2497589527bd415f2842276a5a728da7e20e2879264a,removed,Generic DoS/exploit launcher retired,docs/architecture/plugin-support-decisions.csv,Resource belongs to a rejected launcher; command is not retained.
owtf/data/conf/resources.cfg,579,LaunchExploit_WINDOWS_BROWSER,ac836a4749f02f9330df304b67f69a79996aa8c38ec492924abcf92e5d004c39,removed,Generic DoS/exploit launcher retired,docs/architecture/plugin-support-decisions.csv,Resource belongs to a rejected launcher; command is not retained.
owtf/data/conf/resources.cfg,580,LaunchExploit_WINDOWS_BROWSER,66330e7871ee28d94170fb8fc51d39c43859a0d5a2c02c486951f2d74799c356,removed,Generic DoS/exploit launcher retired,docs/architecture/plugin-support-decisions.csv,Resource belongs to a rejected launcher; command is not retained.
owtf/data/conf/resources.cfg,581,LaunchExploit_WINDOWS_BROWSER,2c883abc09fe4026a967cef8660087d59c907a00a5b78885484881a8e02d7845,removed,Generic DoS/exploit launcher retired,docs/architecture/plugin-support-decisions.csv,Resource belongs to a rejected launcher; command is not retained.
owtf/data/conf/resources.cfg,582,LaunchExploit_WINDOWS_BROWSER,0898ba481cfb29dfdd2d4bb8ad59306e9f3bb83f6f31c912431521c67ee58811,removed,Generic DoS/exploit launcher retired,docs/architecture/plugin-support-decisions.csv,Resource belongs to a rejected launcher; command is not retained.
owtf/data/conf/resources.cfg,583,LaunchExploit_WINDOWS_BROWSER,49916f08c1f1d06d76b1ab3dbf7b62c0b23bce4fad2c87b28bf44b885752bb38,removed,Generic DoS/exploit launcher retired,docs/architecture/plugin-support-decisions.csv,Resource belongs to a rejected launcher; command is not retained.
owtf/data/conf/resources.cfg,584,LaunchExploit_WINDOWS_BROWSER,b04f8b7ffad8ffe8f2d3f1b3c283502169df19fa5f9d8ee532e56284cd381dc3,removed,Generic DoS/exploit launcher retired,docs/architecture/plugin-support-decisions.csv,Resource belongs to a rejected launcher; command is not retained.
owtf/data/conf/resources.cfg,585,LaunchExploit_WINDOWS_BROWSER,278afe27f95c59a940fe472c74e918e1e45409b5b172ed0ccf52daa978f24024,removed,Generic DoS/exploit launcher retired,docs/architecture/plugin-support-decisions.csv,Resource belongs to a rejected launcher; command is not retained.
owtf/data/conf/resources.cfg,586,LaunchExploit_WINDOWS_BROWSER,32b704c3b44e843dad8e74171412196349456c49c1c0dcb41e0c9d84ceb3eb69,removed,Generic DoS/exploit launcher retired,docs/architecture/plugin-support-decisions.csv,Resource belongs to a rejected launcher; command is not retained.
owtf/data/conf/resources.cfg,587,LaunchExploit_WINDOWS_BROWSER,c3a520007cd33ddcae59eaa21c7bc64289dabfff08d6b3f43815c318dab4c82a,removed,Generic DoS/exploit launcher retired,docs/architecture/plugin-support-decisions.csv,Resource belongs to a rejected launcher; command is not retained.
owtf/data/conf/resources.cfg,588,LaunchExploit_WINDOWS_BROWSER,c017f2a02f463e87debad84d3aca3928d5b7bceea3df74d9dff21ac852e3cec8,removed,Generic DoS/exploit launcher retired,docs/architecture/plugin-support-decisions.csv,Resource belongs to a rejected launcher; command is not retained.
owtf/data/conf/resources.cfg,589,LaunchExploit_WINDOWS_BROWSER,247512512829753df4df0b7275b0eb76e8595a494803cb9ae414e53d268c094a,removed,Generic DoS/exploit launcher retired,docs/architecture/plugin-support-decisions.csv,Resource belongs to a rejected launcher; command is not retained.
owtf/data/conf/resources.cfg,590,LaunchExploit_WINDOWS_BROWSER,8741ad5422d57eef51d6bdf7bf44062057450a4c870fcd646e994be02accc454,removed,Generic DoS/exploit launcher retired,docs/architecture/plugin-support-decisions.csv,Resource belongs to a rejected launcher; command is not retained.
owtf/data/conf/resources.cfg,591,LaunchExploit_WINDOWS_BROWSER,995a6bf5ccd1661aef5bf75386567be15d82c4696d3ce409949c3e0ebb0251c9,removed,Generic DoS/exploit launcher retired,docs/architecture/plugin-support-decisions.csv,Resource belongs to a rejected launcher; command is not retained.
owtf/data/conf/resources.cfg,592,LaunchExploit_WINDOWS_BROWSER,cc87eab930c24a3690c0e89d5da8cce160f786b7e21e1d937c538edad835c3da,removed,Generic DoS/exploit launcher retired,docs/architecture/plugin-support-decisions.csv,Resource belongs to a rejected launcher; command is not retained.
owtf/data/conf/resources.cfg,593,LaunchExploit_WINDOWS_BROWSER,c182126b49a349d667ad4d0aab0fe598c32e0ff5298b0b614a5b26d16f210d54,removed,Generic DoS/exploit launcher retired,docs/architecture/plugin-support-decisions.csv,Resource belongs to a rejected launcher; command is not retained.
owtf/data/conf/resources.cfg,594,LaunchExploit_WINDOWS_BROWSER,98591aa174b5066ebb0714787a6da0d60be0a2de53b3b315c07d9642af30ba74,removed,Generic DoS/exploit launcher retired,docs/architecture/plugin-support-decisions.csv,Resource belongs to a rejected launcher; command is not retained.
owtf/data/conf/resources.cfg,595,LaunchExploit_WINDOWS_BROWSER,b5cd3b5743e6986f36213e10a4a8ffc0a008b19611d16041380752cd5e7386b5,removed,Generic DoS/exploit launcher retired,docs/architecture/plugin-support-decisions.csv,Resource belongs to a rejected launcher; command is not retained.
owtf/data/conf/resources.cfg,596,LaunchExploit_WINDOWS_BROWSER,60c512d75c76d18c1d45ab3df52d7f0ca42dae80fff93f05e1a4a8a33f754877,removed,Generic DoS/exploit launcher retired,docs/architecture/plugin-support-decisions.csv,Resource belongs to a rejected launcher; command is not retained.
owtf/data/conf/resources.cfg,597,LaunchExploit_WINDOWS_BROWSER,2724f9eddc673c100c679aa7e6022d5b6ac96a6da8d7c24fb54d6ba43bb4a894,removed,Generic DoS/exploit launcher retired,docs/architecture/plugin-support-decisions.csv,Resource belongs to a rejected launcher; command is not retained.
owtf/data/conf/resources.cfg,598,LaunchExploit_WINDOWS_BROWSER,1b4923be3a7aeada74ccccbe0fc6db116cbe4546e3a76bb875059e644cc0dce1,removed,Generic DoS/exploit launcher retired,docs/architecture/plugin-support-decisions.csv,Resource belongs to a rejected launcher; command is not retained.
owtf/data/conf/resources.cfg,599,LaunchExploit_WINDOWS_BROWSER,1056dfe948c294fd2ea2c51b3c7a9658db774e994c023b91be6a55e6cdaec743,removed,Generic DoS/exploit launcher retired,docs/architecture/plugin-support-decisions.csv,Resource belongs to a rejected launcher; command is not retained.
owtf/data/conf/resources.cfg,600,LaunchExploit_WINDOWS_BROWSER,38cc5464284c80b9432887f351ceb9d769edd515a97f77c91c055b85697a065d,removed,Generic DoS/exploit launcher retired,docs/architecture/plugin-support-decisions.csv,Resource belongs to a rejected launcher; command is not retained.
owtf/data/conf/resources.cfg,601,LaunchExploit_WINDOWS_BROWSER,e16f77cbc5716ec674597e28001115e4def9d39fc3cdb27df916e5e3fdfd66e7,removed,Generic DoS/exploit launcher retired,docs/architecture/plugin-support-decisions.csv,Resource belongs to a rejected launcher; command is not retained.
owtf/data/conf/resources.cfg,602,LaunchExploit_WINDOWS_BROWSER,a33a24f4fd1a317a87b284a744bd49bf7b7bd49a63f9babf4bd85498559a794e,removed,Generic DoS/exploit launcher retired,docs/architecture/plugin-support-decisions.csv,Resource belongs to a rejected launcher; command is not retained.
owtf/data/conf/resources.cfg,603,LaunchExploit_WINDOWS_BROWSER,3d4aaf3b42efe6fac6fd248a1bb4df42cb262cfd9fefb52ed04ffe343d5ce9da,removed,Generic DoS/exploit launcher retired,docs/architecture/plugin-support-decisions.csv,Resource belongs to a rejected launcher; command is not retained.
owtf/data/conf/resources.cfg,604,LaunchExploit_WINDOWS_BROWSER,cf56ea31bd84fb8372cc27977f1094286e42b829c467e5a58aacf24dbded24ff,removed,Generic DoS/exploit launcher retired,docs/architecture/plugin-support-decisions.csv,Resource belongs to a rejected launcher; command is not retained.
owtf/data/conf/resources.cfg,605,LaunchExploit_WINDOWS_BROWSER,3ef80988bcce85891d8113acefb22308762698f7f2aa0381500ad32dee6e80ec,removed,Generic DoS/exploit launcher retired,docs/architecture/plugin-support-decisions.csv,Resource belongs to a rejected launcher; command is not retained.
owtf/data/conf/resources.cfg,606,LaunchExploit_WINDOWS_BROWSER,7e6d51f7111c081fbf88d2a3b408f15e4fb233076b4fbddcbad1638bb3b40905,removed,Generic DoS/exploit launcher retired,docs/architecture/plugin-support-decisions.csv,Resource belongs to a rejected launcher; command is not retained.
owtf/data/conf/resources.cfg,607,LaunchExploit_WINDOWS_BROWSER,ba1100961f6e2d9c4b41efca64964325884bb24e67bb6470c819d265059961f6,removed,Generic DoS/exploit launcher retired,docs/architecture/plugin-support-decisions.csv,Resource belongs to a rejected launcher; command is not retained.
owtf/data/conf/resources.cfg,608,LaunchExploit_WINDOWS_BROWSER,1a1a84979d2c30b7d1477d0cb38b6a3562e1de9e8205f929b6a9e7827d710eba,removed,Generic DoS/exploit launcher retired,docs/architecture/plugin-support-decisions.csv,Resource belongs to a rejected launcher; command is not retained.
owtf/data/conf/resources.cfg,609,LaunchExploit_WINDOWS_BROWSER,d83c38905a54ebbca00909eea67cb978128b82a0e690f1ff6dc33517238fe8fd,removed,Generic DoS/exploit launcher retired,docs/architecture/plugin-support-decisions.csv,Resource belongs to a rejected launcher; command is not retained.
owtf/data/conf/resources.cfg,610,LaunchExploit_WINDOWS_BROWSER,293bc1c64da1d31812ebb12d9fd9caddb51e4238a4b734e5bf8bd3afadf3afcd,removed,Generic DoS/exploit launcher retired,docs/architecture/plugin-support-decisions.csv,Resource belongs to a rejected launcher; command is not retained.
owtf/data/conf/resources.cfg,611,LaunchExploit_WINDOWS_BROWSER,ba6d386860934742a5001b00e5ecd59d29958f2650eb3bf9c609529841c57058,removed,Generic DoS/exploit launcher retired,docs/architecture/plugin-support-decisions.csv,Resource belongs to a rejected launcher; command is not retained.
owtf/data/conf/resources.cfg,612,LaunchExploit_WINDOWS_BROWSER,6d74376622a771386d69e900de7a06c9b24edb75316c6f390a03e0afaa248205,removed,Generic DoS/exploit launcher retired,docs/architecture/plugin-support-decisions.csv,Resource belongs to a rejected launcher; command is not retained.
owtf/data/conf/resources.cfg,613,LaunchExploit_WINDOWS_BROWSER,90322773ed44087f36eddb3eb853ec0a4c145220d44217f0080634d81192a3f4,removed,Generic DoS/exploit launcher retired,docs/architecture/plugin-support-decisions.csv,Resource belongs to a rejected launcher; command is not retained.
owtf/data/conf/resources.cfg,614,LaunchExploit_WINDOWS_BROWSER,3d512d14d0db43ce14b334daa15c175d6d89067c3e675e766d45cb0aeb1e172f,removed,Generic DoS/exploit launcher retired,docs/architecture/plugin-support-decisions.csv,Resource belongs to a rejected launcher; command is not retained.
owtf/data/conf/resources.cfg,615,LaunchExploit_WINDOWS_BROWSER,574477812b8bfaa950da82b239f9fbed70eab20744421e9dedcbe84e1b59771f,removed,Generic DoS/exploit launcher retired,docs/architecture/plugin-support-decisions.csv,Resource belongs to a rejected launcher; command is not retained.
owtf/data/conf/resources.cfg,616,LaunchExploit_WINDOWS_BROWSER,00bb92adfc5bfa0b8da8f6b6e9d9ade71d9cd0980f6b418a62656488c43a049a,removed,Generic DoS/exploit launcher retired,docs/architecture/plugin-support-decisions.csv,Resource belongs to a rejected launcher; command is not retained.
owtf/data/conf/resources.cfg,617,LaunchExploit_WINDOWS_BROWSER,31577452d2b4ecaf1a4c0bc868f4c654ce724ff25026d5510ed4e583be675b21,removed,Generic DoS/exploit launcher retired,docs/architecture/plugin-support-decisions.csv,Resource belongs to a rejected launcher; command is not retained.
owtf/data/conf/resources.cfg,618,LaunchExploit_WINDOWS_BROWSER,02cb9fc3a31a587f0fcf1ec088790d7a36112200011d27edcd0d28eabc74c40b,removed,Generic DoS/exploit launcher retired,docs/architecture/plugin-support-decisions.csv,Resource belongs to a rejected launcher; command is not retained.
owtf/data/conf/resources.cfg,619,LaunchExploit_WINDOWS_BROWSER,6b2864fb1f6027ffef92e2db8ed0905c0ad964a2002f1a2f19823f0839172f17,removed,Generic DoS/exploit launcher retired,docs/architecture/plugin-support-decisions.csv,Resource belongs to a rejected launcher; command is not retained.
owtf/data/conf/resources.cfg,620,LaunchExploit_WINDOWS_BROWSER,5d1f9c75f0de053112fa944525c573d5a6ebfc797319775e28a52d82b029ba32,removed,Generic DoS/exploit launcher retired,docs/architecture/plugin-support-decisions.csv,Resource belongs to a rejected launcher; command is not retained.
owtf/data/conf/resources.cfg,621,LaunchExploit_WINDOWS_BROWSER,571962a30d7f16d8129839c461adc9358884f7f238fc85773d6916443dc56323,removed,Generic DoS/exploit launcher retired,docs/architecture/plugin-support-decisions.csv,Resource belongs to a rejected launcher; command is not retained.
owtf/data/conf/resources.cfg,622,LaunchExploit_WINDOWS_BROWSER,c23b9de1460d962a81af42d403cc04607b6f48de69083606fea4d371e7eddd31,removed,Generic DoS/exploit launcher retired,docs/architecture/plugin-support-decisions.csv,Resource belongs to a rejected launcher; command is not retained.
owtf/data/conf/resources.cfg,623,LaunchExploit_WINDOWS_BROWSER,7fcb2915a4de950500053b6e7ca9188c54367e69564251b74a1b9ea90ccbfc93,removed,Generic DoS/exploit launcher retired,docs/architecture/plugin-support-decisions.csv,Resource belongs to a rejected launcher; command is not retained.
owtf/data/conf/resources.cfg,624,LaunchExploit_WINDOWS_BROWSER,7311871788df650b97ece71650e1bdd747bb9bfd83992a8d0420fda664fad1ba,removed,Generic DoS/exploit launcher retired,docs/architecture/plugin-support-decisions.csv,Resource belongs to a rejected launcher; command is not retained.
owtf/data/conf/resources.cfg,625,LaunchExploit_WINDOWS_BROWSER,933d2687bba117dc4a1ac378f5b7dc8f7671a7dd5a3c2c51ae911413c8814dfd,removed,Generic DoS/exploit launcher retired,docs/architecture/plugin-support-decisions.csv,Resource belongs to a rejected launcher; command is not retained.
owtf/data/conf/resources.cfg,626,LaunchExploit_WINDOWS_BROWSER,b1a67a512e31d4131a2d63b4f2f68d634cde4e14fdcee785738e9ec345ae1869,removed,Generic DoS/exploit launcher retired,docs/architecture/plugin-support-decisions.csv,Resource belongs to a rejected launcher; command is not retained.
owtf/data/conf/resources.cfg,627,LaunchExploit_WINDOWS_BROWSER,84d22726ca2a6409fa60ad02f81a8ef7ce1df3d5ff9283b94765ec4b215b89c7,removed,Generic DoS/exploit launcher retired,docs/architecture/plugin-support-decisions.csv,Resource belongs to a rejected launcher; command is not retained.
owtf/data/conf/resources.cfg,628,LaunchExploit_WINDOWS_BROWSER,221638665977e66d2cbe701a87835104d4cf515c75a1cb7d045cc44f713433eb,removed,Generic DoS/exploit launcher retired,docs/architecture/plugin-support-decisions.csv,Resource belongs to a rejected launcher; command is not retained.
owtf/data/conf/resources.cfg,629,LaunchExploit_WINDOWS_BROWSER,61b634334577ff7b30fdcb313eb6820e42a57b911a3dc6c18fcb9511a856c26f,removed,Generic DoS/exploit launcher retired,docs/architecture/plugin-support-decisions.csv,Resource belongs to a rejected launcher; command is not retained.
owtf/data/conf/resources.cfg,630,LaunchExploit_WINDOWS_BROWSER,74479ba795ce3a93374acc4ba2f60eb1450df05dc071a1e7c2724dc56957d9ce,removed,Generic DoS/exploit launcher retired,docs/architecture/plugin-support-decisions.csv,Resource belongs to a rejected launcher; command is not retained.
owtf/data/conf/resources.cfg,631,LaunchExploit_WINDOWS_BROWSER,a01c4f79243afee889f098c34462aaec5951092e746ccdb3f70d3c671af144d7,removed,Generic DoS/exploit launcher retired,docs/architecture/plugin-support-decisions.csv,Resource belongs to a rejected launcher; command is not retained.
owtf/data/conf/resources.cfg,632,LaunchExploit_WINDOWS_BROWSER,2e4d0e9800101f4119afb11aeb511effa6794bd6a44a4c6a425cdc8d1adce7f2,removed,Generic DoS/exploit launcher retired,docs/architecture/plugin-support-decisions.csv,Resource belongs to a rejected launcher; command is not retained.
owtf/data/conf/resources.cfg,633,LaunchExploit_WINDOWS_BROWSER,4e57903807b91cfee477d62a846b4e45a3e4f7df7cc783ed821a9b4695550ebf,removed,Generic DoS/exploit launcher retired,docs/architecture/plugin-support-decisions.csv,Resource belongs to a rejected launcher; command is not retained.
owtf/data/conf/resources.cfg,634,LaunchExploit_WINDOWS_BROWSER,23ef3360b74a8c5d872d2c33e5b6432bc068ca9839713d3248c796c4f145479f,removed,Generic DoS/exploit launcher retired,docs/architecture/plugin-support-decisions.csv,Resource belongs to a rejected launcher; command is not retained.
owtf/data/conf/resources.cfg,635,LaunchExploit_WINDOWS_BROWSER,5c3a3195ee8f2435dde6358605588c7a258d7b05323f1f5b88f70200f6e1b4cf,removed,Generic DoS/exploit launcher retired,docs/architecture/plugin-support-decisions.csv,Resource belongs to a rejected launcher; command is not retained.
owtf/data/conf/resources.cfg,636,LaunchExploit_WINDOWS_BROWSER,94704d14fd85ae542aa8add2a534bea74262913cbe7d5749cf4441d313c6c4c9,removed,Generic DoS/exploit launcher retired,docs/architecture/plugin-support-decisions.csv,Resource belongs to a rejected launcher; command is not retained.
owtf/data/conf/resources.cfg,637,LaunchExploit_WINDOWS_BROWSER,4bea04b042fff56cbccca5151cee0c710b291077cbe169577d4b0edab08ace19,removed,Generic DoS/exploit launcher retired,docs/architecture/plugin-support-decisions.csv,Resource belongs to a rejected launcher; command is not retained.
owtf/data/conf/resources.cfg,638,LaunchExploit_WINDOWS_BROWSER,1f864153981b83d04df0072220516f151694da6bd46b718c8d02b9329ebd9aad,removed,Generic DoS/exploit launcher retired,docs/architecture/plugin-support-decisions.csv,Resource belongs to a rejected launcher; command is not retained.
owtf/data/conf/resources.cfg,639,LaunchExploit_WINDOWS_BROWSER,fcd7b22ab9be4b35189e3804eacd8c833abad2f7b541616f1e31d952baeb1956,removed,Generic DoS/exploit launcher retired,docs/architecture/plugin-support-decisions.csv,Resource belongs to a rejected launcher; command is not retained.
owtf/data/conf/resources.cfg,640,LaunchExploit_WINDOWS_BROWSER,494367edae7be9b400b6114b66d1385e73cff562d100c232db54654fb08a0b40,removed,Generic DoS/exploit launcher retired,docs/architecture/plugin-support-decisions.csv,Resource belongs to a rejected launcher; command is not retained.
owtf/data/conf/resources.cfg,641,LaunchExploit_WINDOWS_BROWSER,2d35e4c8b19033939a8467b439881365523c609e2b2a33860c42856a7332b9c2,removed,Generic DoS/exploit launcher retired,docs/architecture/plugin-support-decisions.csv,Resource belongs to a rejected launcher; command is not retained.
owtf/data/conf/resources.cfg,642,LaunchExploit_WINDOWS_BROWSER,8d7970c5ab9a708dd4ed3cb684e528a71f97436c6bfee8e7c451c6b5db14131c,removed,Generic DoS/exploit launcher retired,docs/architecture/plugin-support-decisions.csv,Resource belongs to a rejected launcher; command is not retained.
owtf/data/conf/resources.cfg,643,LaunchExploit_WINDOWS_BROWSER,aef02e99a214a615d17a607d2bcb62d9a28e6a90e3b0a899f91cfbcdd4a38137,removed,Generic DoS/exploit launcher retired,docs/architecture/plugin-support-decisions.csv,Resource belongs to a rejected launcher; command is not retained.
owtf/data/conf/resources.cfg,644,LaunchExploit_WINDOWS_BROWSER,cfae7202f11eaa636db973c78e02903c2fafdde4110c909a0fd8fdb16c0a62fb,removed,Generic DoS/exploit launcher retired,docs/architecture/plugin-support-decisions.csv,Resource belongs to a rejected launcher; command is not retained.
owtf/data/conf/resources.cfg,645,LaunchExploit_WINDOWS_BROWSER,dc7aa5bea54ab789d031dd7d3950c11781aaa75620afac415db5efa8e03c1c71,removed,Generic DoS/exploit launcher retired,docs/architecture/plugin-support-decisions.csv,Resource belongs to a rejected launcher; command is not retained.
owtf/data/conf/resources.cfg,646,LaunchExploit_WINDOWS_BROWSER,c9658d3d4fc686245997fbd9bb054264e625084eb1bec5f233e245157b23394c,removed,Generic DoS/exploit launcher retired,docs/architecture/plugin-support-decisions.csv,Resource belongs to a rejected launcher; command is not retained.
owtf/data/conf/resources.cfg,647,LaunchExploit_WINDOWS_BROWSER,d0c3248908a061f471887a1d4193d327bb9bec5016522630024faef453fb83c1,removed,Generic DoS/exploit launcher retired,docs/architecture/plugin-support-decisions.csv,Resource belongs to a rejected launcher; command is not retained.
owtf/data/conf/resources.cfg,648,LaunchExploit_WINDOWS_BROWSER,c1bbfcbc88d6e40df972f9555fe179b0cbb205c6f6c64f31581343601b4840cf,removed,Generic DoS/exploit launcher retired,docs/architecture/plugin-support-decisions.csv,Resource belongs to a rejected launcher; command is not retained.
owtf/data/conf/resources.cfg,649,LaunchExploit_WINDOWS_BROWSER,1acc1b708bde326a5fa281ce50e790d5606d7a036e423d46be1dd2bff218d113,removed,Generic DoS/exploit launcher retired,docs/architecture/plugin-support-decisions.csv,Resource belongs to a rejected launcher; command is not retained.
owtf/data/conf/resources.cfg,650,LaunchExploit_WINDOWS_BROWSER,4b9cbfc0d8ccd17c3c712e56a668c365d82e904d3f4025acd3dd143327ac27ec,removed,Generic DoS/exploit launcher retired,docs/architecture/plugin-support-decisions.csv,Resource belongs to a rejected launcher; command is not retained.
owtf/data/conf/resources.cfg,651,LaunchExploit_WINDOWS_BROWSER,60bb1954a5dffc4149188167adc54a893b6040a5fe2bf826734ca610c5e17232,removed,Generic DoS/exploit launcher retired,docs/architecture/plugin-support-decisions.csv,Resource belongs to a rejected launcher; command is not retained.
owtf/data/conf/resources.cfg,652,LaunchExploit_WINDOWS_BROWSER,8a19f4151570aa5d2d3609487bbbb12c981cfb8f4e3d04098cc259e8cd483377,removed,Generic DoS/exploit launcher retired,docs/architecture/plugin-support-decisions.csv,Resource belongs to a rejected launcher; command is not retained.
owtf/data/conf/resources.cfg,653,LaunchExploit_WINDOWS_BROWSER,19e7aa1bcd5b4c7361d45937e2a38bc744c5b7df60abe531665f1443c74b62b3,removed,Generic DoS/exploit launcher retired,docs/architecture/plugin-support-decisions.csv,Resource belongs to a rejected launcher; command is not retained.
owtf/data/conf/resources.cfg,654,LaunchExploit_WINDOWS_BROWSER,f28b6a4ea11c1bfb7be6c76c9e4b3e33e17f02e2c9d79a298f49afa7bb631a9f,removed,Generic DoS/exploit launcher retired,docs/architecture/plugin-support-decisions.csv,Resource belongs to a rejected launcher; command is not retained.
owtf/data/conf/resources.cfg,655,LaunchExploit_WINDOWS_BROWSER,0a73044c2336863de00fe1cd85bc0d7012c6c86543bafce2a4cdb462ae4e298a,removed,Generic DoS/exploit launcher retired,docs/architecture/plugin-support-decisions.csv,Resource belongs to a rejected launcher; command is not retained.
owtf/data/conf/resources.cfg,656,LaunchExploit_WINDOWS_BROWSER,d5f223b1e5344be2e6a207f9517941b29ad38fe70c18c54b09a598e9f5ff039c,removed,Generic DoS/exploit launcher retired,docs/architecture/plugin-support-decisions.csv,Resource belongs to a rejected launcher; command is not retained.
owtf/data/conf/resources.cfg,657,LaunchExploit_WINDOWS_BROWSER,41dc817018ca4a7c68a5e9df1b672ab84d1636ce3cb96222460ed5e2043278a0,removed,Generic DoS/exploit launcher retired,docs/architecture/plugin-support-decisions.csv,Resource belongs to a rejected launcher; command is not retained.
owtf/data/conf/resources.cfg,658,LaunchExploit_WINDOWS_BROWSER,de42bd664e112fc569b23e1773895e16674237fceb974fc0211ce491c42630f0,removed,Generic DoS/exploit launcher retired,docs/architecture/plugin-support-decisions.csv,Resource belongs to a rejected launcher; command is not retained.
owtf/data/conf/resources.cfg,659,LaunchExploit_WINDOWS_BROWSER,941331b9bc872dec8cb79240ff2455fb33db9dc3705248a1b4c8543c1546e26e,removed,Generic DoS/exploit launcher retired,docs/architecture/plugin-support-decisions.csv,Resource belongs to a rejected launcher; command is not retained.
owtf/data/conf/resources.cfg,660,LaunchExploit_WINDOWS_BROWSER,59184925d297b04574f7c9e045e51752f8d55a9fbee5c9f1bcccd99e91857634,removed,Generic DoS/exploit launcher retired,docs/architecture/plugin-support-decisions.csv,Resource belongs to a rejected launcher; command is not retained.
owtf/data/conf/resources.cfg,661,LaunchExploit_WINDOWS_BROWSER,03db875861a4b66114ad5726a6cdcc4296de0e228a5ccb11e8c9ad0630e5e06e,removed,Generic DoS/exploit launcher retired,docs/architecture/plugin-support-decisions.csv,Resource belongs to a rejected launcher; command is not retained.
owtf/data/conf/resources.cfg,662,LaunchExploit_WINDOWS_BROWSER,509ad5d1e5df809c743b17dd48ef11e29000fc8ce25ce5fd948bbcc685013ed2,removed,Generic DoS/exploit launcher retired,docs/architecture/plugin-support-decisions.csv,Resource belongs to a rejected launcher; command is not retained.
owtf/data/conf/resources.cfg,663,LaunchExploit_WINDOWS_BROWSER,3dcba094f1ae23f496e6e17f017b7538f3753b64d9dab7989d678fabdcfce4fe,removed,Generic DoS/exploit launcher retired,docs/architecture/plugin-support-decisions.csv,Resource belongs to a rejected launcher; command is not retained.
owtf/data/conf/resources.cfg,664,LaunchExploit_WINDOWS_BROWSER,27b993258a13df68a1b6d29544089192ea8e496c61e00b2001c9e41fa438e545,removed,Generic DoS/exploit launcher retired,docs/architecture/plugin-support-decisions.csv,Resource belongs to a rejected launcher; command is not retained.
owtf/data/conf/resources.cfg,665,LaunchExploit_WINDOWS_DCERPC,4f4574e7f1528983665ea413ed882ad396501bc9f054ee084bba36aa9dae9ded,removed,Generic DoS/exploit launcher retired,docs/architecture/plugin-support-decisions.csv,Resource belongs to a rejected launcher; command is not retained.
owtf/data/conf/resources.cfg,666,LaunchExploit_WINDOWS_DCERPC,cd047acecd7393f41d89d9136c17b8b5dc5537ef07b6ea7b70bfc13a985757d7,removed,Generic DoS/exploit launcher retired,docs/architecture/plugin-support-decisions.csv,Resource belongs to a rejected launcher; command is not retained.
owtf/data/conf/resources.cfg,667,LaunchExploit_WINDOWS_DCERPC,00331b86f424d0cddb22bce387d4c2b01137ab8e1ee96f7870ce3fceacb18c83,removed,Generic DoS/exploit launcher retired,docs/architecture/plugin-support-decisions.csv,Resource belongs to a rejected launcher; command is not retained.
owtf/data/conf/resources.cfg,668,LaunchExploit_WINDOWS_DCERPC,a8a7af2029b52e5ce06e330fb3b604930aab5a2410475b626ab9b7cb9a77f744,removed,Generic DoS/exploit launcher retired,docs/architecture/plugin-support-decisions.csv,Resource belongs to a rejected launcher; command is not retained.
owtf/data/conf/resources.cfg,669,LaunchExploit_WINDOWS_DRIVER,3e105c6abfafd0c2fd6164a2bd8ecb9d1125c824fbaa0e44641ca8b3e3d322a6,removed,Generic DoS/exploit launcher retired,docs/architecture/plugin-support-decisions.csv,Resource belongs to a rejected launcher; command is not retained.
owtf/data/conf/resources.cfg,670,LaunchExploit_WINDOWS_DRIVER,c2534e6333729bcf94016743820965bff61d4af49ea607faba7eefb7bd736266,removed,Generic DoS/exploit launcher retired,docs/architecture/plugin-support-decisions.csv,Resource belongs to a rejected launcher; command is not retained.
owtf/data/conf/resources.cfg,671,LaunchExploit_WINDOWS_DRIVER,cb04a45fb362af9cf32d089291d05a96f9b7d65114ccb242b64604a1957b7bda,removed,Generic DoS/exploit launcher retired,docs/architecture/plugin-support-decisions.csv,Resource belongs to a rejected launcher; command is not retained.
owtf/data/conf/resources.cfg,672,LaunchExploit_WINDOWS_EMAIL,66c9d14b8280c9d351f15914fa36fb3d7146553bb8e50b06ef6b66ea17ae02e7,removed,Generic DoS/exploit launcher retired,docs/architecture/plugin-support-decisions.csv,Resource belongs to a rejected launcher; command is not retained.
owtf/data/conf/resources.cfg,673,LaunchExploit_WINDOWS_EMAIL,0cc2c6bc40697b8682bd59caa51aaa0646b4ccbcdf160380b18f0e86f9fce716,removed,Generic DoS/exploit launcher retired,docs/architecture/plugin-support-decisions.csv,Resource belongs to a rejected launcher; command is not retained.
owtf/data/conf/resources.cfg,674,LaunchExploit_WINDOWS_EMAIL,a15c45d647fa94f7c4426f87d742c8800cf70ee4bfd9443aa35ee7b53db68626,removed,Generic DoS/exploit launcher retired,docs/architecture/plugin-support-decisions.csv,Resource belongs to a rejected launcher; command is not retained.
owtf/data/conf/resources.cfg,675,LaunchExploit_WINDOWS_EMC,3c86f5f4876585db47d2638853d152f646587a7d5ff5f420bb56de4f69de8831,removed,Generic DoS/exploit launcher retired,docs/architecture/plugin-support-decisions.csv,Resource belongs to a rejected launcher; command is not retained.
owtf/data/conf/resources.cfg,676,LaunchExploit_WINDOWS_FILEFORMAT,90dded24db772fe44dae9f554accfa0eefed7e6c48a05f0c6638558a63f40048,removed,Generic DoS/exploit launcher retired,docs/architecture/plugin-support-decisions.csv,Resource belongs to a rejected launcher; command is not retained.
owtf/data/conf/resources.cfg,677,LaunchExploit_WINDOWS_FILEFORMAT,43f9f91da0d575a29528a035b317938599e3527a753dcb4b732723dc3cb6fa24,removed,Generic DoS/exploit launcher retired,docs/architecture/plugin-support-decisions.csv,Resource belongs to a rejected launcher; command is not retained.
owtf/data/conf/resources.cfg,678,LaunchExploit_WINDOWS_FILEFORMAT,71a6a2680742c455dcc7bdf4bd83f953f53586204d60fe673e8133b413407924,removed,Generic DoS/exploit launcher retired,docs/architecture/plugin-support-decisions.csv,Resource belongs to a rejected launcher; command is not retained.
owtf/data/conf/resources.cfg,679,LaunchExploit_WINDOWS_FILEFORMAT,0147161ec97211af9829a492a52508ddc4e739f181e7f30d7e1910eb4eba0661,removed,Generic DoS/exploit launcher retired,docs/architecture/plugin-support-decisions.csv,Resource belongs to a rejected launcher; command is not retained.
owtf/data/conf/resources.cfg,680,LaunchExploit_WINDOWS_FILEFORMAT,047f0868ec9adfe6b385475f2045d7ca3df4c9b819173a58f6838d8b9bf52170,removed,Generic DoS/exploit launcher retired,docs/architecture/plugin-support-decisions.csv,Resource belongs to a rejected launcher; command is not retained.
owtf/data/conf/resources.cfg,681,LaunchExploit_WINDOWS_FILEFORMAT,53aa6f39b89cd19cdd9535589d00dbfc5979d86a1422709f0bd1c06fc65b5b79,removed,Generic DoS/exploit launcher retired,docs/architecture/plugin-support-decisions.csv,Resource belongs to a rejected launcher; command is not retained.
owtf/data/conf/resources.cfg,682,LaunchExploit_WINDOWS_FILEFORMAT,8032591d088f740ae3e0fd01e097ee45951c973ce96a41a4f3e9e2917b887447,removed,Generic DoS/exploit launcher retired,docs/architecture/plugin-support-decisions.csv,Resource belongs to a rejected launcher; command is not retained.
owtf/data/conf/resources.cfg,683,LaunchExploit_WINDOWS_FILEFORMAT,dd9dddf4cf8c70527973d5548065a520ce1c56269b9cc1401a3cb8a4a64603e9,removed,Generic DoS/exploit launcher retired,docs/architecture/plugin-support-decisions.csv,Resource belongs to a rejected launcher; command is not retained.
owtf/data/conf/resources.cfg,684,LaunchExploit_WINDOWS_FILEFORMAT,d39bf140dc05c08acb5221b809b504a416b2fec0cdb9cbedcb7fb2493ed2b3ca,removed,Generic DoS/exploit launcher retired,docs/architecture/plugin-support-decisions.csv,Resource belongs to a rejected launcher; command is not retained.
owtf/data/conf/resources.cfg,685,LaunchExploit_WINDOWS_FILEFORMAT,eff2af424e3138c06873b705df1107a8a7c1ac3ee1fca4e06994841fa3f26c96,removed,Generic DoS/exploit launcher retired,docs/architecture/plugin-support-decisions.csv,Resource belongs to a rejected launcher; command is not retained.
owtf/data/conf/resources.cfg,686,LaunchExploit_WINDOWS_FILEFORMAT,0c8a73c75f70b1191a884eff67720dcd1c3061b61d58b9768e1898698eef17c0,removed,Generic DoS/exploit launcher retired,docs/architecture/plugin-support-decisions.csv,Resource belongs to a rejected launcher; command is not retained.
owtf/data/conf/resources.cfg,687,LaunchExploit_WINDOWS_FILEFORMAT,eae795a6f1ec7c69e1be2840560a0d8a46e19504d0bbe7ba2fa52ecef946d4f0,removed,Generic DoS/exploit launcher retired,docs/architecture/plugin-support-decisions.csv,Resource belongs to a rejected launcher; command is not retained.
owtf/data/conf/resources.cfg,688,LaunchExploit_WINDOWS_FILEFORMAT,bf13b589271537711a71a77fdd3536d089abbccdf4578e24c232638e5ee6ca65,removed,Generic DoS/exploit launcher retired,docs/architecture/plugin-support-decisions.csv,Resource belongs to a rejected launcher; command is not retained.
owtf/data/conf/resources.cfg,689,LaunchExploit_WINDOWS_FILEFORMAT,2e159d6ac14087ffa6fbc3244917f258f2aa10cc45d8a9e8452c4959a0a81d99,removed,Generic DoS/exploit launcher retired,docs/architecture/plugin-support-decisions.csv,Resource belongs to a rejected launcher; command is not retained.
owtf/data/conf/resources.cfg,690,LaunchExploit_WINDOWS_FILEFORMAT,a541a68f82ac65760c9cfd67df8de41e5f34fc92a5c2c339139a7bc0627fdb79,removed,Generic DoS/exploit launcher retired,docs/architecture/plugin-support-decisions.csv,Resource belongs to a rejected launcher; command is not retained.
owtf/data/conf/resources.cfg,691,LaunchExploit_WINDOWS_FILEFORMAT,b203549ede3288e2cc395c8a7acf1a734b12ef26ba915fb17a29ce0bff260aaf,removed,Generic DoS/exploit launcher retired,docs/architecture/plugin-support-decisions.csv,Resource belongs to a rejected launcher; command is not retained.
owtf/data/conf/resources.cfg,692,LaunchExploit_WINDOWS_FILEFORMAT,8e23a140dc617207632e693e2726476f4dcf333f8f78e1592cb8eccdd5b40b2d,removed,Generic DoS/exploit launcher retired,docs/architecture/plugin-support-decisions.csv,Resource belongs to a rejected launcher; command is not retained.
owtf/data/conf/resources.cfg,693,LaunchExploit_WINDOWS_FILEFORMAT,96db3b858c137ea521d83c7a955f2acd2bad290b195f8e2e0bdd03752d11af03,removed,Generic DoS/exploit launcher retired,docs/architecture/plugin-support-decisions.csv,Resource belongs to a rejected launcher; command is not retained.
owtf/data/conf/resources.cfg,694,LaunchExploit_WINDOWS_FILEFORMAT,758fa97a912cf0a2ae87eabdb868e2ca97e47665ee34b5fed1d8bdaf9582c40d,removed,Generic DoS/exploit launcher retired,docs/architecture/plugin-support-decisions.csv,Resource belongs to a rejected launcher; command is not retained.
owtf/data/conf/resources.cfg,695,LaunchExploit_WINDOWS_FILEFORMAT,06e7df92471f6ba6aac06c40cfe5af47886a7bfa0c6e7c43f4ee5c6abcc69fc9,removed,Generic DoS/exploit launcher retired,docs/architecture/plugin-support-decisions.csv,Resource belongs to a rejected launcher; command is not retained.
owtf/data/conf/resources.cfg,696,LaunchExploit_WINDOWS_FILEFORMAT,bf625796c4f7bee847edb4010ef1a41cc2ee5c9ef8346f3a327983e1a411707a,removed,Generic DoS/exploit launcher retired,docs/architecture/plugin-support-decisions.csv,Resource belongs to a rejected launcher; command is not retained.
owtf/data/conf/resources.cfg,697,LaunchExploit_WINDOWS_FILEFORMAT,b7edafe19ce740a6d7d9dc6a1bdac6a2a9f8a530b085047edab0b11826c489f6,removed,Generic DoS/exploit launcher retired,docs/architecture/plugin-support-decisions.csv,Resource belongs to a rejected launcher; command is not retained.
owtf/data/conf/resources.cfg,698,LaunchExploit_WINDOWS_FILEFORMAT,f71183556c988676b64579016c81605abc2b9f6613e1de5c11bbf4888d32c2da,removed,Generic DoS/exploit launcher retired,docs/architecture/plugin-support-decisions.csv,Resource belongs to a rejected launcher; command is not retained.
owtf/data/conf/resources.cfg,699,LaunchExploit_WINDOWS_FILEFORMAT,5290b08f1e221ece777f78dbc652d328de1d6ad510c7b100e7300bf5f35f0e7d,removed,Generic DoS/exploit launcher retired,docs/architecture/plugin-support-decisions.csv,Resource belongs to a rejected launcher; command is not retained.
owtf/data/conf/resources.cfg,700,LaunchExploit_WINDOWS_FILEFORMAT,ef2b13135db35e49ac12386bee25558966b56c6637efa641b7eea9dc184fe112,removed,Generic DoS/exploit launcher retired,docs/architecture/plugin-support-decisions.csv,Resource belongs to a rejected launcher; command is not retained.
owtf/data/conf/resources.cfg,701,LaunchExploit_WINDOWS_FILEFORMAT,6737c91af59030ae38d2cb16d84de88d61324c5e52ab6a162e6451c549786dd0,removed,Generic DoS/exploit launcher retired,docs/architecture/plugin-support-decisions.csv,Resource belongs to a rejected launcher; command is not retained.
owtf/data/conf/resources.cfg,702,LaunchExploit_WINDOWS_FILEFORMAT,2743156e836dee5556d6e1339783a4dc1e1a910e197c1f31fe940c7379209f17,removed,Generic DoS/exploit launcher retired,docs/architecture/plugin-support-decisions.csv,Resource belongs to a rejected launcher; command is not retained.
owtf/data/conf/resources.cfg,703,LaunchExploit_WINDOWS_FILEFORMAT,77154bd565b5cbb02b1fa8f07beb98908af8cf8dabe7c4207221a1b1c213a64d,removed,Generic DoS/exploit launcher retired,docs/architecture/plugin-support-decisions.csv,Resource belongs to a rejected launcher; command is not retained.
owtf/data/conf/resources.cfg,704,LaunchExploit_WINDOWS_FILEFORMAT,f0e5130a183cd92de862f3c541d939138a469543aac37f63b4d65423f432e14f,removed,Generic DoS/exploit launcher retired,docs/architecture/plugin-support-decisions.csv,Resource belongs to a rejected launcher; command is not retained.
owtf/data/conf/resources.cfg,705,LaunchExploit_WINDOWS_FILEFORMAT,fcc3106d63c9e2607b7fd26c2ed2482352b8d679d9754c85ea4b1b32e0fc181e,removed,Generic DoS/exploit launcher retired,docs/architecture/plugin-support-decisions.csv,Resource belongs to a rejected launcher; command is not retained.
owtf/data/conf/resources.cfg,706,LaunchExploit_WINDOWS_FILEFORMAT,11e183b83ab5462afb6ba0ab718cce59cae50e58faddca826130e00d23688039,removed,Generic DoS/exploit launcher retired,docs/architecture/plugin-support-decisions.csv,Resource belongs to a rejected launcher; command is not retained.
owtf/data/conf/resources.cfg,707,LaunchExploit_WINDOWS_FILEFORMAT,882b336e1aee86d7be01f1e6a2c94e116f19e566d2da4b474f0f56bb41f5fe22,removed,Generic DoS/exploit launcher retired,docs/architecture/plugin-support-decisions.csv,Resource belongs to a rejected launcher; command is not retained.
owtf/data/conf/resources.cfg,708,LaunchExploit_WINDOWS_FILEFORMAT,b2389cafd0e815161d609b92c606f19d095bdddbdf948a3eb155cf236489fe39,removed,Generic DoS/exploit launcher retired,docs/architecture/plugin-support-decisions.csv,Resource belongs to a rejected launcher; command is not retained.
owtf/data/conf/resources.cfg,709,LaunchExploit_WINDOWS_FILEFORMAT,343b6baa2d77539943a5a00cb49bd6d1c0353b569abcfe536424ae0d131a1065,removed,Generic DoS/exploit launcher retired,docs/architecture/plugin-support-decisions.csv,Resource belongs to a rejected launcher; command is not retained.
owtf/data/conf/resources.cfg,710,LaunchExploit_WINDOWS_FILEFORMAT,a1086994f721c40d34eb1f0bd01bdbc3a95fa79b36ebb7207ab4d77de037b912,removed,Generic DoS/exploit launcher retired,docs/architecture/plugin-support-decisions.csv,Resource belongs to a rejected launcher; command is not retained.
owtf/data/conf/resources.cfg,711,LaunchExploit_WINDOWS_FILEFORMAT,d683c1c9d43c4f593967ceedeef92f9d420de44a783d77d654dde8e3098c14a8,removed,Generic DoS/exploit launcher retired,docs/architecture/plugin-support-decisions.csv,Resource belongs to a rejected launcher; command is not retained.
owtf/data/conf/resources.cfg,712,LaunchExploit_WINDOWS_FILEFORMAT,d314142b5ecb91df985bfc17717330ac16563ab5a2725e052c1d5f7c9d77ddea,removed,Generic DoS/exploit launcher retired,docs/architecture/plugin-support-decisions.csv,Resource belongs to a rejected launcher; command is not retained.
owtf/data/conf/resources.cfg,713,LaunchExploit_WINDOWS_FILEFORMAT,a9f8f075078693c21f130907a417ae55993a497e9754b0f577ba591e7b9968e9,removed,Generic DoS/exploit launcher retired,docs/architecture/plugin-support-decisions.csv,Resource belongs to a rejected launcher; command is not retained.
owtf/data/conf/resources.cfg,714,LaunchExploit_WINDOWS_FILEFORMAT,a374dfb9a2e3f1847f84a6d363325f7f95e97adf573163368332e2689810755b,removed,Generic DoS/exploit launcher retired,docs/architecture/plugin-support-decisions.csv,Resource belongs to a rejected launcher; command is not retained.
owtf/data/conf/resources.cfg,715,LaunchExploit_WINDOWS_FILEFORMAT,d8a46800280b84ddb08ee7e3e05c88de0b3c67537ee065e6e3151a9590e7b2fc,removed,Generic DoS/exploit launcher retired,docs/architecture/plugin-support-decisions.csv,Resource belongs to a rejected launcher; command is not retained.
owtf/data/conf/resources.cfg,716,LaunchExploit_WINDOWS_FILEFORMAT,40c8e4ae870cf00bfdce3f686cb42af3fc8be976d07d20ee128ce5318acc8394,removed,Generic DoS/exploit launcher retired,docs/architecture/plugin-support-decisions.csv,Resource belongs to a rejected launcher; command is not retained.
owtf/data/conf/resources.cfg,717,LaunchExploit_WINDOWS_FILEFORMAT,4b8526ab3fc6356f4800acd5ffc113947687e37d0ab754330064658b36a63fbb,removed,Generic DoS/exploit launcher retired,docs/architecture/plugin-support-decisions.csv,Resource belongs to a rejected launcher; command is not retained.
owtf/data/conf/resources.cfg,718,LaunchExploit_WINDOWS_FILEFORMAT,e6acd607edf8f90653aabf4a4d568c1bfb6036ccd0178ef31f3c094dff7f6d44,removed,Generic DoS/exploit launcher retired,docs/architecture/plugin-support-decisions.csv,Resource belongs to a rejected launcher; command is not retained.
owtf/data/conf/resources.cfg,719,LaunchExploit_WINDOWS_FILEFORMAT,f33375c970b2094a6ac0bd94a3711a6302749410c936f639c47f7d4b4c5a40d7,removed,Generic DoS/exploit launcher retired,docs/architecture/plugin-support-decisions.csv,Resource belongs to a rejected launcher; command is not retained.
owtf/data/conf/resources.cfg,720,LaunchExploit_WINDOWS_FILEFORMAT,3286e1f26fcc20b77d6a7ac25cfd14d547589fe5632d3c6d2495e99957771e2b,removed,Generic DoS/exploit launcher retired,docs/architecture/plugin-support-decisions.csv,Resource belongs to a rejected launcher; command is not retained.
owtf/data/conf/resources.cfg,721,LaunchExploit_WINDOWS_FILEFORMAT,296c3decae559bd8c150aa7fcaae2b64de9fc3d72861ec1f1ae66a1331acb7bb,removed,Generic DoS/exploit launcher retired,docs/architecture/plugin-support-decisions.csv,Resource belongs to a rejected launcher; command is not retained.
owtf/data/conf/resources.cfg,722,LaunchExploit_WINDOWS_FILEFORMAT,1d7150eddf3e9fb1a804a765e8b739a402f9121db1cec71429b086ffd1da368b,removed,Generic DoS/exploit launcher retired,docs/architecture/plugin-support-decisions.csv,Resource belongs to a rejected launcher; command is not retained.
owtf/data/conf/resources.cfg,723,LaunchExploit_WINDOWS_FILEFORMAT,e493290261731d416e18624908f5b9210aec616cf0ecd1bbdb738995e4e60926,removed,Generic DoS/exploit launcher retired,docs/architecture/plugin-support-decisions.csv,Resource belongs to a rejected launcher; command is not retained.
owtf/data/conf/resources.cfg,724,LaunchExploit_WINDOWS_FILEFORMAT,b18f9e059a1da9686441a36bb7940b9cbc5e39aac95829d6e9baa772beeb3302,removed,Generic DoS/exploit launcher retired,docs/architecture/plugin-support-decisions.csv,Resource belongs to a rejected launcher; command is not retained.
owtf/data/conf/resources.cfg,725,LaunchExploit_WINDOWS_FILEFORMAT,e1a8411bfb9d9d65f368a648dca1869bf8c144cbf742682d2386c6e1b4eadfea,removed,Generic DoS/exploit launcher retired,docs/architecture/plugin-support-decisions.csv,Resource belongs to a rejected launcher; command is not retained.
owtf/data/conf/resources.cfg,726,LaunchExploit_WINDOWS_FILEFORMAT,d690c27b79574579b8a48fd9c379a31071fb8e60133d94c7655d020e555418e4,removed,Generic DoS/exploit launcher retired,docs/architecture/plugin-support-decisions.csv,Resource belongs to a rejected launcher; command is not retained.
owtf/data/conf/resources.cfg,727,LaunchExploit_WINDOWS_FILEFORMAT,8e14a9d13b13448ce733aaa5e5ef7753ea3dc9a65d5f7be4d2ff2eccc551cf9f,removed,Generic DoS/exploit launcher retired,docs/architecture/plugin-support-decisions.csv,Resource belongs to a rejected launcher; command is not retained.
owtf/data/conf/resources.cfg,728,LaunchExploit_WINDOWS_FILEFORMAT,7834508b43732db2007fa7e475dc13296b786bcf5c08986c4b725d96293d3e9c,removed,Generic DoS/exploit launcher retired,docs/architecture/plugin-support-decisions.csv,Resource belongs to a rejected launcher; command is not retained.
owtf/data/conf/resources.cfg,729,LaunchExploit_WINDOWS_FILEFORMAT,ed0d57611c6466e5b2ac6217d1fa477948aa9b8ea1cf5d6e610ca6095c277cf8,removed,Generic DoS/exploit launcher retired,docs/architecture/plugin-support-decisions.csv,Resource belongs to a rejected launcher; command is not retained.
owtf/data/conf/resources.cfg,730,LaunchExploit_WINDOWS_FILEFORMAT,867fc721f3972b34edda17b1f2e119be85c9f43a8ca94776d6c6148fe85d1c80,removed,Generic DoS/exploit launcher retired,docs/architecture/plugin-support-decisions.csv,Resource belongs to a rejected launcher; command is not retained.
owtf/data/conf/resources.cfg,731,LaunchExploit_WINDOWS_FILEFORMAT,9e0aa23cc133111a18c39a2469ed18e0ef026b693f6551d1771fc0a99ce8c67f,removed,Generic DoS/exploit launcher retired,docs/architecture/plugin-support-decisions.csv,Resource belongs to a rejected launcher; command is not retained.
owtf/data/conf/resources.cfg,732,LaunchExploit_WINDOWS_FILEFORMAT,8c4800ab6c0cc8a298122056ca65ebfea23a045ca683ba44da202c67ead2efcd,removed,Generic DoS/exploit launcher retired,docs/architecture/plugin-support-decisions.csv,Resource belongs to a rejected launcher; command is not retained.
owtf/data/conf/resources.cfg,733,LaunchExploit_WINDOWS_FILEFORMAT,5e18aaa117460038fcac75ee793d4848cb5d2ded000e38bc2952790fceac0759,removed,Generic DoS/exploit launcher retired,docs/architecture/plugin-support-decisions.csv,Resource belongs to a rejected launcher; command is not retained.
owtf/data/conf/resources.cfg,734,LaunchExploit_WINDOWS_FILEFORMAT,fe4f9c6a64cd32fed2e2316093baa164ac30aa8e3cb24e72bbcbe82752bcba93,removed,Generic DoS/exploit launcher retired,docs/architecture/plugin-support-decisions.csv,Resource belongs to a rejected launcher; command is not retained.
owtf/data/conf/resources.cfg,735,LaunchExploit_WINDOWS_FILEFORMAT,34c942a74f02d9e30d149b247a125832295fa201e7909217a495039a99235d08,removed,Generic DoS/exploit launcher retired,docs/architecture/plugin-support-decisions.csv,Resource belongs to a rejected launcher; command is not retained.
owtf/data/conf/resources.cfg,736,LaunchExploit_WINDOWS_FILEFORMAT,d4ff165bb3327eaa053d1b66a415e656ca526242270021b7e211869ecfab56b4,removed,Generic DoS/exploit launcher retired,docs/architecture/plugin-support-decisions.csv,Resource belongs to a rejected launcher; command is not retained.
owtf/data/conf/resources.cfg,737,LaunchExploit_WINDOWS_FILEFORMAT,2d0252463be83bee3ea15159298bfe91c48cb43d207e4ce748dc9d9ac7fa8539,removed,Generic DoS/exploit launcher retired,docs/architecture/plugin-support-decisions.csv,Resource belongs to a rejected launcher; command is not retained.
owtf/data/conf/resources.cfg,738,LaunchExploit_WINDOWS_FILEFORMAT,e7188d9e3be53147024ac47496f9211dd4b9cb3b6cc6604ab6188087397076ab,removed,Generic DoS/exploit launcher retired,docs/architecture/plugin-support-decisions.csv,Resource belongs to a rejected launcher; command is not retained.
owtf/data/conf/resources.cfg,739,LaunchExploit_WINDOWS_FILEFORMAT,3895f9f3f5d342fbb9a3dd952b6f3264ae8dafceb38a019cf82e92e7cfc7c66c,removed,Generic DoS/exploit launcher retired,docs/architecture/plugin-support-decisions.csv,Resource belongs to a rejected launcher; command is not retained.
owtf/data/conf/resources.cfg,740,LaunchExploit_WINDOWS_FILEFORMAT,df24f69c09c805d32207dace972b4632339b98a06dd0ff4be077606fb22e2bb4,removed,Generic DoS/exploit launcher retired,docs/architecture/plugin-support-decisions.csv,Resource belongs to a rejected launcher; command is not retained.
owtf/data/conf/resources.cfg,741,LaunchExploit_WINDOWS_FILEFORMAT,6caf987fc6c65df28df3f5ef92d09685c298017d2b3be8f904b0c03b49ffbfa2,removed,Generic DoS/exploit launcher retired,docs/architecture/plugin-support-decisions.csv,Resource belongs to a rejected launcher; command is not retained.
owtf/data/conf/resources.cfg,742,LaunchExploit_WINDOWS_FILEFORMAT,d2b766b4c3a93a75613b2c75d58b2ded5a690149b53cdeac1342329c9e2be19f,removed,Generic DoS/exploit launcher retired,docs/architecture/plugin-support-decisions.csv,Resource belongs to a rejected launcher; command is not retained.
owtf/data/conf/resources.cfg,743,LaunchExploit_WINDOWS_FILEFORMAT,0f70fa31630d044a0ed08b58ff1b625c1168d08d47426a9b84563901e38592fb,removed,Generic DoS/exploit launcher retired,docs/architecture/plugin-support-decisions.csv,Resource belongs to a rejected launcher; command is not retained.
owtf/data/conf/resources.cfg,744,LaunchExploit_WINDOWS_FILEFORMAT,2dce9bf3df2753e13c03dcd203bd2746d7f857e7c69528cbb43d7030cbb787c5,removed,Generic DoS/exploit launcher retired,docs/architecture/plugin-support-decisions.csv,Resource belongs to a rejected launcher; command is not retained.
owtf/data/conf/resources.cfg,745,LaunchExploit_WINDOWS_FILEFORMAT,33767514099bf00eaccb8350426461afee140c072d62875aa82e14bec470293d,removed,Generic DoS/exploit launcher retired,docs/architecture/plugin-support-decisions.csv,Resource belongs to a rejected launcher; command is not retained.
owtf/data/conf/resources.cfg,746,LaunchExploit_WINDOWS_FILEFORMAT,3ccb3f79312e72fec24273d9ffd89805178c668e51566265343b186156e0ca53,removed,Generic DoS/exploit launcher retired,docs/architecture/plugin-support-decisions.csv,Resource belongs to a rejected launcher; command is not retained.
owtf/data/conf/resources.cfg,747,LaunchExploit_WINDOWS_FILEFORMAT,27bb305fa29714f472382c671e7df73fd2c8444f7d425818945a07aea9c865d6,removed,Generic DoS/exploit launcher retired,docs/architecture/plugin-support-decisions.csv,Resource belongs to a rejected launcher; command is not retained.
owtf/data/conf/resources.cfg,748,LaunchExploit_WINDOWS_FILEFORMAT,8ac3aaacc943592af5670f7b4f285c6b51fe3c63ccca166deebe4dbe7d0b80a2,removed,Generic DoS/exploit launcher retired,docs/architecture/plugin-support-decisions.csv,Resource belongs to a rejected launcher; command is not retained.
owtf/data/conf/resources.cfg,749,LaunchExploit_WINDOWS_FILEFORMAT,c97ba3599f212aa3a19555014ff66f334fb0130baa2b5bf93986d947acbdcaff,removed,Generic DoS/exploit launcher retired,docs/architecture/plugin-support-decisions.csv,Resource belongs to a rejected launcher; command is not retained.
owtf/data/conf/resources.cfg,750,LaunchExploit_WINDOWS_FILEFORMAT,03788c213052cdc75e0a00a101396fed6c85af4be234f5a666243bfa50f2f13a,removed,Generic DoS/exploit launcher retired,docs/architecture/plugin-support-decisions.csv,Resource belongs to a rejected launcher; command is not retained.
owtf/data/conf/resources.cfg,751,LaunchExploit_WINDOWS_FILEFORMAT,39b035241d77e91e0e96529df2130d9325c5b57eeaada6889e6f32b685f17a8e,removed,Generic DoS/exploit launcher retired,docs/architecture/plugin-support-decisions.csv,Resource belongs to a rejected launcher; command is not retained.
owtf/data/conf/resources.cfg,752,LaunchExploit_WINDOWS_FILEFORMAT,52b7cd47f9cbbd86b8e99deda82b1a4bcc2362aecc86343ea8ac5c2d2e2aadcc,removed,Generic DoS/exploit launcher retired,docs/architecture/plugin-support-decisions.csv,Resource belongs to a rejected launcher; command is not retained.
owtf/data/conf/resources.cfg,753,LaunchExploit_WINDOWS_FILEFORMAT,f5c41c05eac4f765d8dda0ae2a9ea7333e90bcdc8dbe1c7b9af9ec6bdbb5d07b,removed,Generic DoS/exploit launcher retired,docs/architecture/plugin-support-decisions.csv,Resource belongs to a rejected launcher; command is not retained.
owtf/data/conf/resources.cfg,754,LaunchExploit_WINDOWS_FILEFORMAT,aae751159b937b07fdafa2097bb1ca38172aa86c53efaf7a3128b69beb795bbc,removed,Generic DoS/exploit launcher retired,docs/architecture/plugin-support-decisions.csv,Resource belongs to a rejected launcher; command is not retained.
owtf/data/conf/resources.cfg,755,LaunchExploit_WINDOWS_FILEFORMAT,7fd11de671416fbb72ee81d486637ed6824f24a62877cc2ce10eca90dc61a408,removed,Generic DoS/exploit launcher retired,docs/architecture/plugin-support-decisions.csv,Resource belongs to a rejected launcher; command is not retained.
owtf/data/conf/resources.cfg,756,LaunchExploit_WINDOWS_FILEFORMAT,d060fd5806b8229e5c9b88fbba9fa384985f1dd87846c3c69929d65c5f86a2d8,removed,Generic DoS/exploit launcher retired,docs/architecture/plugin-support-decisions.csv,Resource belongs to a rejected launcher; command is not retained.
owtf/data/conf/resources.cfg,757,LaunchExploit_WINDOWS_FILEFORMAT,980350fd8db77025efd56e51677900493ccc2810ad862836d72fffa5c0910546,removed,Generic DoS/exploit launcher retired,docs/architecture/plugin-support-decisions.csv,Resource belongs to a rejected launcher; command is not retained.
owtf/data/conf/resources.cfg,758,LaunchExploit_WINDOWS_FILEFORMAT,6b6d7f866a07d28f9f390bd87731e2bf030493fd11512fa29a3c203f41b22a63,removed,Generic DoS/exploit launcher retired,docs/architecture/plugin-support-decisions.csv,Resource belongs to a rejected launcher; command is not retained.
owtf/data/conf/resources.cfg,759,LaunchExploit_WINDOWS_FILEFORMAT,020fb9a189ead23310be2240922ee05b5fbdcc18a3d1c33791704b5e4e45c971,removed,Generic DoS/exploit launcher retired,docs/architecture/plugin-support-decisions.csv,Resource belongs to a rejected launcher; command is not retained.
owtf/data/conf/resources.cfg,760,LaunchExploit_WINDOWS_FILEFORMAT,8d3c50729466c9674e97021b3446052ea5177dfeaad0e1a4799c2b2af8104759,removed,Generic DoS/exploit launcher retired,docs/architecture/plugin-support-decisions.csv,Resource belongs to a rejected launcher; command is not retained.
owtf/data/conf/resources.cfg,761,LaunchExploit_WINDOWS_FILEFORMAT,22a6d0ff927a0d1641d0994c7b4498ee89b94233061842f4745f176f39d3df4a,removed,Generic DoS/exploit launcher retired,docs/architecture/plugin-support-decisions.csv,Resource belongs to a rejected launcher; command is not retained.
owtf/data/conf/resources.cfg,762,LaunchExploit_WINDOWS_FILEFORMAT,01d8772b006ce90f89f5f414d0416582736e5bd5d0721f5a76246cbb80e5d4e6,removed,Generic DoS/exploit launcher retired,docs/architecture/plugin-support-decisions.csv,Resource belongs to a rejected launcher; command is not retained.
owtf/data/conf/resources.cfg,763,LaunchExploit_WINDOWS_FILEFORMAT,b04003575187e5114e302893f549cc1df69c8c160f68c36a7bd20522e5ef8b45,removed,Generic DoS/exploit launcher retired,docs/architecture/plugin-support-decisions.csv,Resource belongs to a rejected launcher; command is not retained.
owtf/data/conf/resources.cfg,764,LaunchExploit_WINDOWS_FILEFORMAT,2684e3efbf179d9f3c9a624262179d2558f692737547616b11ef5f8006993679,removed,Generic DoS/exploit launcher retired,docs/architecture/plugin-support-decisions.csv,Resource belongs to a rejected launcher; command is not retained.
owtf/data/conf/resources.cfg,765,LaunchExploit_WINDOWS_FILEFORMAT,9625e1de3ffc9a46370418191724de48d418484efcfe40e639a0a37eef49c56e,removed,Generic DoS/exploit launcher retired,docs/architecture/plugin-support-decisions.csv,Resource belongs to a rejected launcher; command is not retained.
owtf/data/conf/resources.cfg,766,LaunchExploit_WINDOWS_FILEFORMAT,5965423cd24b4dd31e543a1b1f51c4273babe9767722e29dce96fe88874b12e5,removed,Generic DoS/exploit launcher retired,docs/architecture/plugin-support-decisions.csv,Resource belongs to a rejected launcher; command is not retained.
owtf/data/conf/resources.cfg,767,LaunchExploit_WINDOWS_FILEFORMAT,0a2bf6a575648b20102c50ed3247f40a994efc5b123c0bda438f1c8e7a477164,removed,Generic DoS/exploit launcher retired,docs/architecture/plugin-support-decisions.csv,Resource belongs to a rejected launcher; command is not retained.
owtf/data/conf/resources.cfg,768,LaunchExploit_WINDOWS_FILEFORMAT,e91790315d8d66d4997699b35591364ed5bc546fa4497d38a2e67387f143f2d6,removed,Generic DoS/exploit launcher retired,docs/architecture/plugin-support-decisions.csv,Resource belongs to a rejected launcher; command is not retained.
owtf/data/conf/resources.cfg,769,LaunchExploit_WINDOWS_FILEFORMAT,0e08983f5e1eae81eb76d3e3713de2916abd23ef18b2b4a5677b8398a2034839,removed,Generic DoS/exploit launcher retired,docs/architecture/plugin-support-decisions.csv,Resource belongs to a rejected launcher; command is not retained.
owtf/data/conf/resources.cfg,770,LaunchExploit_WINDOWS_FILEFORMAT,65389ac99b76e7a46b513412d1baf9be93996276723dc59891d46b11ae87913f,removed,Generic DoS/exploit launcher retired,docs/architecture/plugin-support-decisions.csv,Resource belongs to a rejected launcher; command is not retained.
owtf/data/conf/resources.cfg,771,LaunchExploit_WINDOWS_FILEFORMAT,609c7d7ee70af34074bfc4cd205684e0f39b102a5137d9a9f117042ae38fbb20,removed,Generic DoS/exploit launcher retired,docs/architecture/plugin-support-decisions.csv,Resource belongs to a rejected launcher; command is not retained.
owtf/data/conf/resources.cfg,772,LaunchExploit_WINDOWS_FILEFORMAT,7f38c2841fd374ff9ab317c318c0d5e8bbd0bb9b3e82b2810a5e44a566aceb55,removed,Generic DoS/exploit launcher retired,docs/architecture/plugin-support-decisions.csv,Resource belongs to a rejected launcher; command is not retained.
owtf/data/conf/resources.cfg,773,LaunchExploit_WINDOWS_FILEFORMAT,058705473178471575647a3ee9a53b0d138d15d22b3fb54981662905a613c7cf,removed,Generic DoS/exploit launcher retired,docs/architecture/plugin-support-decisions.csv,Resource belongs to a rejected launcher; command is not retained.
owtf/data/conf/resources.cfg,774,LaunchExploit_WINDOWS_FILEFORMAT,03902437ed27a4adf313b385938b9994efa0f9af68814081c96e3707d824d06e,removed,Generic DoS/exploit launcher retired,docs/architecture/plugin-support-decisions.csv,Resource belongs to a rejected launcher; command is not retained.
owtf/data/conf/resources.cfg,775,LaunchExploit_WINDOWS_FILEFORMAT,b423a1fd3ff00003fc1d4e7bd8e1fcaa25190bf86840a36cb789d5eb06c2c9bd,removed,Generic DoS/exploit launcher retired,docs/architecture/plugin-support-decisions.csv,Resource belongs to a rejected launcher; command is not retained.
owtf/data/conf/resources.cfg,776,LaunchExploit_WINDOWS_FIREWALL,985cf21f43fe2c473ab40524a9c3c54b1b31f6b71639645af6cbd36a2503450e,removed,Generic DoS/exploit launcher retired,docs/architecture/plugin-support-decisions.csv,Resource belongs to a rejected launcher; command is not retained.
owtf/data/conf/resources.cfg,777,LaunchExploit_WINDOWS_FIREWALL,a08f250f51ec3e4e4fc79409df84d955ec7f6a967a883f725293ff6e4598690f,removed,Generic DoS/exploit launcher retired,docs/architecture/plugin-support-decisions.csv,Resource belongs to a rejected launcher; command is not retained.
owtf/data/conf/resources.cfg,778,LaunchExploit_WINDOWS_FTP,8b522afd62d5a0385bbaec8dcab6012832351f5b8231e31fd87164f0b4e052d7,removed,Generic DoS/exploit launcher retired,docs/architecture/plugin-support-decisions.csv,Resource belongs to a rejected launcher; command is not retained.
owtf/data/conf/resources.cfg,779,LaunchExploit_WINDOWS_FTP,48d455056287b1ff45446e05b849a909fc37c8c821410bc45a42973d18185a53,removed,Generic DoS/exploit launcher retired,docs/architecture/plugin-support-decisions.csv,Resource belongs to a rejected launcher; command is not retained.
owtf/data/conf/resources.cfg,780,LaunchExploit_WINDOWS_FTP,6436e042acd9b02ec2360425b89143d3adaa170f7d162add895b2a7b2a9abf4e,removed,Generic DoS/exploit launcher retired,docs/architecture/plugin-support-decisions.csv,Resource belongs to a rejected launcher; command is not retained.
owtf/data/conf/resources.cfg,781,LaunchExploit_WINDOWS_FTP,099aa24425cd8141f84c88f9bf4cab607c7a2342d7ed73d8f75796bd3257a2b4,removed,Generic DoS/exploit launcher retired,docs/architecture/plugin-support-decisions.csv,Resource belongs to a rejected launcher; command is not retained.
owtf/data/conf/resources.cfg,782,LaunchExploit_WINDOWS_FTP,3f7daa415144edb01320a3c2bf0e51eaf5fdbf56a75a98ae8f54ddb415eecb7c,removed,Generic DoS/exploit launcher retired,docs/architecture/plugin-support-decisions.csv,Resource belongs to a rejected launcher; command is not retained.
owtf/data/conf/resources.cfg,783,LaunchExploit_WINDOWS_FTP,93ad364b55e7d1d8ec2a0bae8359131735b5d64d4a66082a799f6f8277cb9364,removed,Generic DoS/exploit launcher retired,docs/architecture/plugin-support-decisions.csv,Resource belongs to a rejected launcher; command is not retained.
owtf/data/conf/resources.cfg,784,LaunchExploit_WINDOWS_FTP,2abdd77958dbb1e5137f3d0bd814617e0c414cb5f47324ce6c48a43ae15f8ce5,removed,Generic DoS/exploit launcher retired,docs/architecture/plugin-support-decisions.csv,Resource belongs to a rejected launcher; command is not retained.
owtf/data/conf/resources.cfg,785,LaunchExploit_WINDOWS_FTP,5647cd0f8f8a5dcbd030661e45f7f40ee05157d499817cc43b483cb0f197e588,removed,Generic DoS/exploit launcher retired,docs/architecture/plugin-support-decisions.csv,Resource belongs to a rejected launcher; command is not retained.
owtf/data/conf/resources.cfg,786,LaunchExploit_WINDOWS_FTP,94d848747ef3f644753ccc079cb424420d7ba1179d1ed955f9190f694dcf7be7,removed,Generic DoS/exploit launcher retired,docs/architecture/plugin-support-decisions.csv,Resource belongs to a rejected launcher; command is not retained.
owtf/data/conf/resources.cfg,787,LaunchExploit_WINDOWS_FTP,2774b55648b1f847989e99c2500824d12fd4f32486cdbf331e3443633adce024,removed,Generic DoS/exploit launcher retired,docs/architecture/plugin-support-decisions.csv,Resource belongs to a rejected launcher; command is not retained.
owtf/data/conf/resources.cfg,788,LaunchExploit_WINDOWS_FTP,aaccae84efa197d9e96a9143708970dd821af3d95f7043e3aff412b111d94639,removed,Generic DoS/exploit launcher retired,docs/architecture/plugin-support-decisions.csv,Resource belongs to a rejected launcher; command is not retained.
owtf/data/conf/resources.cfg,789,LaunchExploit_WINDOWS_FTP,f65cae81446fa734eace3dde8281ee609aebaf81027aaeba7c3dda9750db646c,removed,Generic DoS/exploit launcher retired,docs/architecture/plugin-support-decisions.csv,Resource belongs to a rejected launcher; command is not retained.
owtf/data/conf/resources.cfg,790,LaunchExploit_WINDOWS_FTP,1d85f34e1b6e8891e96cb637efbcbccfcc7be292798fc9e41b4919071c5e8abc,removed,Generic DoS/exploit launcher retired,docs/architecture/plugin-support-decisions.csv,Resource belongs to a rejected launcher; command is not retained.
owtf/data/conf/resources.cfg,791,LaunchExploit_WINDOWS_FTP,60e09a8b2a37835784d94688a4341de2d25f9e319862439416b36ada8bfee5fa,removed,Generic DoS/exploit launcher retired,docs/architecture/plugin-support-decisions.csv,Resource belongs to a rejected launcher; command is not retained.
owtf/data/conf/resources.cfg,792,LaunchExploit_WINDOWS_FTP,da1c809e5a37e13c7acb858ab38bce0867374db6e7999ae5c899a2cd0363d45d,removed,Generic DoS/exploit launcher retired,docs/architecture/plugin-support-decisions.csv,Resource belongs to a rejected launcher; command is not retained.
owtf/data/conf/resources.cfg,793,LaunchExploit_WINDOWS_FTP,59032fe61ada663d5b88bb84be9eacf71f6448ecefe880e14a46f92dfd224517,removed,Generic DoS/exploit launcher retired,docs/architecture/plugin-support-decisions.csv,Resource belongs to a rejected launcher; command is not retained.
owtf/data/conf/resources.cfg,794,LaunchExploit_WINDOWS_FTP,93ecc34ebca9866b4847f1ff6f1d9bf608a1e43d755c928c8f2ea8b82a8f3bcb,removed,Generic DoS/exploit launcher retired,docs/architecture/plugin-support-decisions.csv,Resource belongs to a rejected launcher; command is not retained.
owtf/data/conf/resources.cfg,795,LaunchExploit_WINDOWS_FTP,939c8f532ab03be95d3cde39c59884c4de1191a6af3138303003fe6629163202,removed,Generic DoS/exploit launcher retired,docs/architecture/plugin-support-decisions.csv,Resource belongs to a rejected launcher; command is not retained.
owtf/data/conf/resources.cfg,796,LaunchExploit_WINDOWS_FTP,6597ff591d7e88457a1a3998b4297becaad4556907e5ccbe8def7d3310523d79,removed,Generic DoS/exploit launcher retired,docs/architecture/plugin-support-decisions.csv,Resource belongs to a rejected launcher; command is not retained.
owtf/data/conf/resources.cfg,797,LaunchExploit_WINDOWS_FTP,6723f0177304b58ecf578db2797deca7e16920a853a8c2882b1f0fbbac637b0c,removed,Generic DoS/exploit launcher retired,docs/architecture/plugin-support-decisions.csv,Resource belongs to a rejected launcher; command is not retained.
owtf/data/conf/resources.cfg,798,LaunchExploit_WINDOWS_FTP,b4f9ab6889044f9d2a3cd5a7487b2e8418d5764c9ac588488665ad6460baa076,removed,Generic DoS/exploit launcher retired,docs/architecture/plugin-support-decisions.csv,Resource belongs to a rejected launcher; command is not retained.
owtf/data/conf/resources.cfg,799,LaunchExploit_WINDOWS_FTP,321a083752e1d55a110e4544c98aefb1bc139055e2b32866c7bd401c6c02b830,removed,Generic DoS/exploit launcher retired,docs/architecture/plugin-support-decisions.csv,Resource belongs to a rejected launcher; command is not retained.
owtf/data/conf/resources.cfg,800,LaunchExploit_WINDOWS_FTP,6432a6405bc3a697f43da6373773b22173e8169a6ee026507e3b725f64748b53,removed,Generic DoS/exploit launcher retired,docs/architecture/plugin-support-decisions.csv,Resource belongs to a rejected launcher; command is not retained.
owtf/data/conf/resources.cfg,801,LaunchExploit_WINDOWS_FTP,688b40df312c74a92f2a6069facac31a7f4834fce756fc410ab8b4a9f70db249,removed,Generic DoS/exploit launcher retired,docs/architecture/plugin-support-decisions.csv,Resource belongs to a rejected launcher; command is not retained.
owtf/data/conf/resources.cfg,802,LaunchExploit_WINDOWS_FTP,79c9efb7d6af82ef1361113512c0c63f569ca2132bc7c39fdb5741f978d3281f,removed,Generic DoS/exploit launcher retired,docs/architecture/plugin-support-decisions.csv,Resource belongs to a rejected launcher; command is not retained.
owtf/data/conf/resources.cfg,803,LaunchExploit_WINDOWS_FTP,e998888888da7a1b70823a9fc5d7fce8a55aaa44c30a73b68277a7da13cc2b69,removed,Generic DoS/exploit launcher retired,docs/architecture/plugin-support-decisions.csv,Resource belongs to a rejected launcher; command is not retained.
owtf/data/conf/resources.cfg,804,LaunchExploit_WINDOWS_FTP,a381b02182240036fd32e3b1de67e784822f489e16cea66cc83f4a01031a0b88,removed,Generic DoS/exploit launcher retired,docs/architecture/plugin-support-decisions.csv,Resource belongs to a rejected launcher; command is not retained.
owtf/data/conf/resources.cfg,805,LaunchExploit_WINDOWS_FTP,21ec0f6918739cc385db8b3116d602772bf06a972e2b56ad928873f8bd498aec,removed,Generic DoS/exploit launcher retired,docs/architecture/plugin-support-decisions.csv,Resource belongs to a rejected launcher; command is not retained.
owtf/data/conf/resources.cfg,806,LaunchExploit_WINDOWS_FTP,03a2709f3325228dcb6750f69ecc9dcc4f3121acbb8f8c0f630010c75db8b941,removed,Generic DoS/exploit launcher retired,docs/architecture/plugin-support-decisions.csv,Resource belongs to a rejected launcher; command is not retained.
owtf/data/conf/resources.cfg,807,LaunchExploit_WINDOWS_FTP,f163a8dd34354cb5221022f1eff2dc76a1ff3859f1e1056f4987a2275c7e4bfe,removed,Generic DoS/exploit launcher retired,docs/architecture/plugin-support-decisions.csv,Resource belongs to a rejected launcher; command is not retained.
owtf/data/conf/resources.cfg,808,LaunchExploit_WINDOWS_FTP,2543e84e0ec876ed52252ff8c77d43e3cbea8221b674d1378cfd24bb7cdb0710,removed,Generic DoS/exploit launcher retired,docs/architecture/plugin-support-decisions.csv,Resource belongs to a rejected launcher; command is not retained.
owtf/data/conf/resources.cfg,809,LaunchExploit_WINDOWS_FTP,5ab9e4a676c81f9f1db55a9d90028a0245ac40bb9a1a5610cb78cd63e442c4a5,removed,Generic DoS/exploit launcher retired,docs/architecture/plugin-support-decisions.csv,Resource belongs to a rejected launcher; command is not retained.
owtf/data/conf/resources.cfg,810,LaunchExploit_WINDOWS_FTP,5d83fba7a48ee9877e43b8210e96b6d1ef258973323759d16299223c5549e741,removed,Generic DoS/exploit launcher retired,docs/architecture/plugin-support-decisions.csv,Resource belongs to a rejected launcher; command is not retained.
owtf/data/conf/resources.cfg,811,LaunchExploit_WINDOWS_FTP,81b2bf6221c4c8c91b6a517d5a69afa20db4a10f649015a0ade8301a519ae468,removed,Generic DoS/exploit launcher retired,docs/architecture/plugin-support-decisions.csv,Resource belongs to a rejected launcher; command is not retained.
owtf/data/conf/resources.cfg,812,LaunchExploit_WINDOWS_FTP,d3b5edbddab44559f41cf5ea37697d010309633cdb1dedd56cc60e2389dccd42,removed,Generic DoS/exploit launcher retired,docs/architecture/plugin-support-decisions.csv,Resource belongs to a rejected launcher; command is not retained.
owtf/data/conf/resources.cfg,813,LaunchExploit_WINDOWS_FTP,67a7886614976398038365fc5afa1bab732a06498649da028076cd684850e8ce,removed,Generic DoS/exploit launcher retired,docs/architecture/plugin-support-decisions.csv,Resource belongs to a rejected launcher; command is not retained.
owtf/data/conf/resources.cfg,814,LaunchExploit_WINDOWS_FTP,8627ab8a7a211d55d0ad08c24e96d1a6154763e68f2803c073190f0b8e45f878,removed,Generic DoS/exploit launcher retired,docs/architecture/plugin-support-decisions.csv,Resource belongs to a rejected launcher; command is not retained.
owtf/data/conf/resources.cfg,815,LaunchExploit_WINDOWS_FTP,2d7481d1023e95e9e5a50f1812f0c93944c0be7eed96859dc7f03d7a91f72a92,removed,Generic DoS/exploit launcher retired,docs/architecture/plugin-support-decisions.csv,Resource belongs to a rejected launcher; command is not retained.
owtf/data/conf/resources.cfg,816,LaunchExploit_WINDOWS_FTP,c33360b294f971424e017213a0fc2d35a147f112e32121fda12448665b81d145,removed,Generic DoS/exploit launcher retired,docs/architecture/plugin-support-decisions.csv,Resource belongs to a rejected launcher; command is not retained.
owtf/data/conf/resources.cfg,817,LaunchExploit_WINDOWS_FTP,754e620378900d625e3610c30dda9370438e6af1601c561e683a3ed4ff963650,removed,Generic DoS/exploit launcher retired,docs/architecture/plugin-support-decisions.csv,Resource belongs to a rejected launcher; command is not retained.
owtf/data/conf/resources.cfg,818,LaunchExploit_WINDOWS_FTP,038ea01974a9e002ed86d71d0d5e052e84115e3b3d8d0de590bf04ed40d6bd9c,removed,Generic DoS/exploit launcher retired,docs/architecture/plugin-support-decisions.csv,Resource belongs to a rejected launcher; command is not retained.
owtf/data/conf/resources.cfg,819,LaunchExploit_WINDOWS_FTP,7a49e93a2ffc632213ad78a6fa38e9305269367c2c5c89b2b702d61aec5c5f0b,removed,Generic DoS/exploit launcher retired,docs/architecture/plugin-support-decisions.csv,Resource belongs to a rejected launcher; command is not retained.
owtf/data/conf/resources.cfg,820,LaunchExploit_WINDOWS_FTP,a4ba541656445ce092b25704dd1cdf4330f6298ceada262d45c7b6a6c2a09f89,removed,Generic DoS/exploit launcher retired,docs/architecture/plugin-support-decisions.csv,Resource belongs to a rejected launcher; command is not retained.
owtf/data/conf/resources.cfg,821,LaunchExploit_WINDOWS_FTP,469fceb052c75a68f1f05dd20f04e782943c5657b6659fb91704e5fdd078ce92,removed,Generic DoS/exploit launcher retired,docs/architecture/plugin-support-decisions.csv,Resource belongs to a rejected launcher; command is not retained.
owtf/data/conf/resources.cfg,822,LaunchExploit_WINDOWS_FTP,33285b21dc71297f6277df68da00086c4b5bc21ee86c8ecab23110817e8058ef,removed,Generic DoS/exploit launcher retired,docs/architecture/plugin-support-decisions.csv,Resource belongs to a rejected launcher; command is not retained.
owtf/data/conf/resources.cfg,823,LaunchExploit_WINDOWS_FTP,2492eb31eba8b3e3775d5f1f25445a13bfcf165e01fe7898235e474391cfe21b,removed,Generic DoS/exploit launcher retired,docs/architecture/plugin-support-decisions.csv,Resource belongs to a rejected launcher; command is not retained.
owtf/data/conf/resources.cfg,824,LaunchExploit_WINDOWS_FTP,222ede0445d3ce5ece9baa9287f0a78763c9ffa18819238176278f23270191ec,removed,Generic DoS/exploit launcher retired,docs/architecture/plugin-support-decisions.csv,Resource belongs to a rejected launcher; command is not retained.
owtf/data/conf/resources.cfg,825,LaunchExploit_WINDOWS_GAMES,89f79e6e0b6d5c89e0dd68d7de11d1062d5f606d96863a8f7877480dbd172842,removed,Generic DoS/exploit launcher retired,docs/architecture/plugin-support-decisions.csv,Resource belongs to a rejected launcher; command is not retained.
owtf/data/conf/resources.cfg,826,LaunchExploit_WINDOWS_GAMES,87b4e11afc0afef4892e52d9836fac2c11099e9c5757789af8c99ac5f4a03c5a,removed,Generic DoS/exploit launcher retired,docs/architecture/plugin-support-decisions.csv,Resource belongs to a rejected launcher; command is not retained.
owtf/data/conf/resources.cfg,827,LaunchExploit_WINDOWS_GAMES,15393c58fc812c6bb33d31fc4e56c2a5a55e1da3803a2770115c77346f5f9023,removed,Generic DoS/exploit launcher retired,docs/architecture/plugin-support-decisions.csv,Resource belongs to a rejected launcher; command is not retained.
owtf/data/conf/resources.cfg,828,LaunchExploit_WINDOWS_HTTP,d2b6edc6edd32c9c724f88a38103678ed46e6c2e14a58f008ae47ada825c5b8d,removed,Generic DoS/exploit launcher retired,docs/architecture/plugin-support-decisions.csv,Resource belongs to a rejected launcher; command is not retained.
owtf/data/conf/resources.cfg,829,LaunchExploit_WINDOWS_HTTP,4b3f7ccccebd6b2a0727ff4604b2c393c765967e5f84617d32c2c33173093fa7,removed,Generic DoS/exploit launcher retired,docs/architecture/plugin-support-decisions.csv,Resource belongs to a rejected launcher; command is not retained.
owtf/data/conf/resources.cfg,830,LaunchExploit_WINDOWS_HTTP,972d57bd791e70bad6245bf10d6bf2eef49a694e0866e99a5ac659c5dcab1273,removed,Generic DoS/exploit launcher retired,docs/architecture/plugin-support-decisions.csv,Resource belongs to a rejected launcher; command is not retained.
owtf/data/conf/resources.cfg,831,LaunchExploit_WINDOWS_HTTP,0f163fe66d8fd403eb4b3c517f9f394006221767d9f30930068770dc06562ef3,removed,Generic DoS/exploit launcher retired,docs/architecture/plugin-support-decisions.csv,Resource belongs to a rejected launcher; command is not retained.
owtf/data/conf/resources.cfg,832,LaunchExploit_WINDOWS_HTTP,5940a3e8774a353e189b2cf74547ab241ef9300a796ab0a0a9cdd31798a0c5a6,removed,Generic DoS/exploit launcher retired,docs/architecture/plugin-support-decisions.csv,Resource belongs to a rejected launcher; command is not retained.
owtf/data/conf/resources.cfg,833,LaunchExploit_WINDOWS_HTTP,1048d0b381abc9da5101b014e7c0ff32f1d42161351f4c969f4be54175f27a8a,removed,Generic DoS/exploit launcher retired,docs/architecture/plugin-support-decisions.csv,Resource belongs to a rejected launcher; command is not retained.
owtf/data/conf/resources.cfg,834,LaunchExploit_WINDOWS_HTTP,2069f24bf74850bea157d0ec73d4c02c337ab9d9954b154b3330c6c44910a6a2,removed,Generic DoS/exploit launcher retired,docs/architecture/plugin-support-decisions.csv,Resource belongs to a rejected launcher; command is not retained.
owtf/data/conf/resources.cfg,835,LaunchExploit_WINDOWS_HTTP,7363baf21325ec85c139bfc64730fac7fc0ffdd3bcea19754c397f4aa6a47f3d,removed,Generic DoS/exploit launcher retired,docs/architecture/plugin-support-decisions.csv,Resource belongs to a rejected launcher; command is not retained.
owtf/data/conf/resources.cfg,836,LaunchExploit_WINDOWS_HTTP,3adf3000907bd16e2dcd220bc8403d57096df1ead81efa81243d7de324b3a35a,removed,Generic DoS/exploit launcher retired,docs/architecture/plugin-support-decisions.csv,Resource belongs to a rejected launcher; command is not retained.
owtf/data/conf/resources.cfg,837,LaunchExploit_WINDOWS_HTTP,9ac98cc7a7488d9477d203fe5a9f45eec996f739fd53449150a312739cc6717b,removed,Generic DoS/exploit launcher retired,docs/architecture/plugin-support-decisions.csv,Resource belongs to a rejected launcher; command is not retained.
owtf/data/conf/resources.cfg,838,LaunchExploit_WINDOWS_HTTP,c2241e688762d7fd7be1806f9c8723b029401eb6bcaabdd615f9c4429ad110ec,removed,Generic DoS/exploit launcher retired,docs/architecture/plugin-support-decisions.csv,Resource belongs to a rejected launcher; command is not retained.
owtf/data/conf/resources.cfg,839,LaunchExploit_WINDOWS_HTTP,6d84ec0abde634000dca138547a5f8d639e041810c7c602fb0638e4c48b2828c,removed,Generic DoS/exploit launcher retired,docs/architecture/plugin-support-decisions.csv,Resource belongs to a rejected launcher; command is not retained.
owtf/data/conf/resources.cfg,840,LaunchExploit_WINDOWS_HTTP,44642fe6203dbbca4dd59da042f58844c4f9690bd03033a71294f1507087244f,removed,Generic DoS/exploit launcher retired,docs/architecture/plugin-support-decisions.csv,Resource belongs to a rejected launcher; command is not retained.
owtf/data/conf/resources.cfg,841,LaunchExploit_WINDOWS_HTTP,0e52d42c6b1aaa43ffcb1e1d9abe362a25a3404ce674ff062ff9243948f58ebc,removed,Generic DoS/exploit launcher retired,docs/architecture/plugin-support-decisions.csv,Resource belongs to a rejected launcher; command is not retained.
owtf/data/conf/resources.cfg,842,LaunchExploit_WINDOWS_HTTP,34d141dd2564a88b4d14a3a616bb35cf7db455d36010650933618f6c729bc18e,removed,Generic DoS/exploit launcher retired,docs/architecture/plugin-support-decisions.csv,Resource belongs to a rejected launcher; command is not retained.
owtf/data/conf/resources.cfg,843,LaunchExploit_WINDOWS_HTTP,ce1696795812e33ccfb1d882757ad2f2dd7623e61b8b2a6f793a11cb644339d1,removed,Generic DoS/exploit launcher retired,docs/architecture/plugin-support-decisions.csv,Resource belongs to a rejected launcher; command is not retained.
owtf/data/conf/resources.cfg,844,LaunchExploit_WINDOWS_HTTP,0d53dc9dc91686c2cace2189034e2c92fb149e64a2bed6a0d885976644c17a09,removed,Generic DoS/exploit launcher retired,docs/architecture/plugin-support-decisions.csv,Resource belongs to a rejected launcher; command is not retained.
owtf/data/conf/resources.cfg,845,LaunchExploit_WINDOWS_HTTP,c02635e03e9ce2d1b6ebebeda056e14bd87d620756d3b6412d3aee48b4311653,removed,Generic DoS/exploit launcher retired,docs/architecture/plugin-support-decisions.csv,Resource belongs to a rejected launcher; command is not retained.
owtf/data/conf/resources.cfg,846,LaunchExploit_WINDOWS_HTTP,20c20258a6984c02a5f21118ed507d43f3b40bbc33511e031048ed00ec12e6b1,removed,Generic DoS/exploit launcher retired,docs/architecture/plugin-support-decisions.csv,Resource belongs to a rejected launcher; command is not retained.
owtf/data/conf/resources.cfg,847,LaunchExploit_WINDOWS_HTTP,839eb536e6c170ad8fc123f7ed83eea53c836632d1ea0aed21b77673ed6397b7,removed,Generic DoS/exploit launcher retired,docs/architecture/plugin-support-decisions.csv,Resource belongs to a rejected launcher; command is not retained.
owtf/data/conf/resources.cfg,848,LaunchExploit_WINDOWS_HTTP,ed0c7e32b4c22236aa31bda6044f3236ec122482e669d4681e84b2357051ff5e,removed,Generic DoS/exploit launcher retired,docs/architecture/plugin-support-decisions.csv,Resource belongs to a rejected launcher; command is not retained.
owtf/data/conf/resources.cfg,849,LaunchExploit_WINDOWS_HTTP,0f41089117a586d228a473c4190072d9bf10c0d806aeeaf7f0f11728cde58fa6,removed,Generic DoS/exploit launcher retired,docs/architecture/plugin-support-decisions.csv,Resource belongs to a rejected launcher; command is not retained.
owtf/data/conf/resources.cfg,850,LaunchExploit_WINDOWS_HTTP,4ab4364d24aff61c7b9790165747cede3cda8c3d145e0f7cc1c6ad19b7454562,removed,Generic DoS/exploit launcher retired,docs/architecture/plugin-support-decisions.csv,Resource belongs to a rejected launcher; command is not retained.
owtf/data/conf/resources.cfg,851,LaunchExploit_WINDOWS_HTTP,6559b73a233eaa5fe6165b88d084e75eae923cd6709235f870f4f62ed5745afb,removed,Generic DoS/exploit launcher retired,docs/architecture/plugin-support-decisions.csv,Resource belongs to a rejected launcher; command is not retained.
owtf/data/conf/resources.cfg,852,LaunchExploit_WINDOWS_HTTP,a9705f5a1022d99fb563624b44621f5fbf40f3ce8670b3a51702341936534d5e,removed,Generic DoS/exploit launcher retired,docs/architecture/plugin-support-decisions.csv,Resource belongs to a rejected launcher; command is not retained.
owtf/data/conf/resources.cfg,853,LaunchExploit_WINDOWS_HTTP,870171cb1e98f9f7ba1cc673afe77df443f6b5a40db18719cb38c691131dbce3,removed,Generic DoS/exploit launcher retired,docs/architecture/plugin-support-decisions.csv,Resource belongs to a rejected launcher; command is not retained.
owtf/data/conf/resources.cfg,854,LaunchExploit_WINDOWS_HTTP,b96a0d60e44bd0d0f98f80534503bc0122e6caab5c5a6413bc0fae10a36319c0,removed,Generic DoS/exploit launcher retired,docs/architecture/plugin-support-decisions.csv,Resource belongs to a rejected launcher; command is not retained.
owtf/data/conf/resources.cfg,855,LaunchExploit_WINDOWS_HTTP,2a74aa020037dae5acde102e44eb2fbc1f6ccd0b133ae04e45781d4ce6cb25ad,removed,Generic DoS/exploit launcher retired,docs/architecture/plugin-support-decisions.csv,Resource belongs to a rejected launcher; command is not retained.
owtf/data/conf/resources.cfg,856,LaunchExploit_WINDOWS_HTTP,02cdaca396581758b96f19636c9380e63dc70f1fc83d9db0143551522e28a54c,removed,Generic DoS/exploit launcher retired,docs/architecture/plugin-support-decisions.csv,Resource belongs to a rejected launcher; command is not retained.
owtf/data/conf/resources.cfg,857,LaunchExploit_WINDOWS_HTTP,cefc14b59f8f9ca73798b3515b7ee3210307a0d3ca5d697cf1a141863ba0fcb5,removed,Generic DoS/exploit launcher retired,docs/architecture/plugin-support-decisions.csv,Resource belongs to a rejected launcher; command is not retained.
owtf/data/conf/resources.cfg,858,LaunchExploit_WINDOWS_HTTP,799d7673b722f8fd9675be9230482c6b6e928524300730f36fa7d74a5e500d30,removed,Generic DoS/exploit launcher retired,docs/architecture/plugin-support-decisions.csv,Resource belongs to a rejected launcher; command is not retained.
owtf/data/conf/resources.cfg,859,LaunchExploit_WINDOWS_HTTP,2451ad3380ca2f25313c460369a4db1ce12c90965448452a7947e3310ff6d561,removed,Generic DoS/exploit launcher retired,docs/architecture/plugin-support-decisions.csv,Resource belongs to a rejected launcher; command is not retained.
owtf/data/conf/resources.cfg,860,LaunchExploit_WINDOWS_HTTP,f3cb270e763d3b953ef4d2762283ea2a46d70f4ec420cc74d5a4096d9cf58bf2,removed,Generic DoS/exploit launcher retired,docs/architecture/plugin-support-decisions.csv,Resource belongs to a rejected launcher; command is not retained.
owtf/data/conf/resources.cfg,861,LaunchExploit_WINDOWS_HTTP,795ec9c12069e5cb573de311361c77c7d39693b0abfe78ba0ecc4e70a4d813a7,removed,Generic DoS/exploit launcher retired,docs/architecture/plugin-support-decisions.csv,Resource belongs to a rejected launcher; command is not retained.
owtf/data/conf/resources.cfg,862,LaunchExploit_WINDOWS_HTTP,12dbd10df3dfd2bb132d51e63cabf7ad311ab03b43bab0765e0569824dd7d9f0,removed,Generic DoS/exploit launcher retired,docs/architecture/plugin-support-decisions.csv,Resource belongs to a rejected launcher; command is not retained.
owtf/data/conf/resources.cfg,863,LaunchExploit_WINDOWS_HTTP,2f0e17d6341f58c62603979e30356127e315b2caf36dcbbb4d6abac9cc220ad1,removed,Generic DoS/exploit launcher retired,docs/architecture/plugin-support-decisions.csv,Resource belongs to a rejected launcher; command is not retained.
owtf/data/conf/resources.cfg,864,LaunchExploit_WINDOWS_HTTP,b236fdee4b94cd5586693a4e7b641fb87c3d8b45a00e062fde416d3442adcdcb,removed,Generic DoS/exploit launcher retired,docs/architecture/plugin-support-decisions.csv,Resource belongs to a rejected launcher; command is not retained.
owtf/data/conf/resources.cfg,865,LaunchExploit_WINDOWS_HTTP,5af3eaee834fbd22c196c1074cabefd6a9e7e11f52bedb36d5312e4f1abb05a5,removed,Generic DoS/exploit launcher retired,docs/architecture/plugin-support-decisions.csv,Resource belongs to a rejected launcher; command is not retained.
owtf/data/conf/resources.cfg,866,LaunchExploit_WINDOWS_HTTP,c70230891c70dc7bb19de29d7663fa588e5390106e937914a78827c7e9fa60e4,removed,Generic DoS/exploit launcher retired,docs/architecture/plugin-support-decisions.csv,Resource belongs to a rejected launcher; command is not retained.
owtf/data/conf/resources.cfg,867,LaunchExploit_WINDOWS_HTTP,0e61a9f5889aa6c45b0be85e52242cabe707dd8e216c854ed8202b2435ac5f82,removed,Generic DoS/exploit launcher retired,docs/architecture/plugin-support-decisions.csv,Resource belongs to a rejected launcher; command is not retained.
owtf/data/conf/resources.cfg,868,LaunchExploit_WINDOWS_HTTP,a4f36795a225df22839f4e458a6be5a0298f2425449c3e207ff1b5f4d8adc59c,removed,Generic DoS/exploit launcher retired,docs/architecture/plugin-support-decisions.csv,Resource belongs to a rejected launcher; command is not retained.
owtf/data/conf/resources.cfg,869,LaunchExploit_WINDOWS_HTTP,01a43f4ea60f420a4240efa8193a331437f192cd68fdcb0ab3b14c06da4890d7,removed,Generic DoS/exploit launcher retired,docs/architecture/plugin-support-decisions.csv,Resource belongs to a rejected launcher; command is not retained.
owtf/data/conf/resources.cfg,870,LaunchExploit_WINDOWS_HTTP,365ed9b6864ca8132766486b789d1adbc4a29dfe8eb2d37ccf81256e421be749,removed,Generic DoS/exploit launcher retired,docs/architecture/plugin-support-decisions.csv,Resource belongs to a rejected launcher; command is not retained.
owtf/data/conf/resources.cfg,871,LaunchExploit_WINDOWS_HTTP,ef6ab3808edb1429b37da7677e9dcec357e49204fec6883e233a21bd8707de3e,removed,Generic DoS/exploit launcher retired,docs/architecture/plugin-support-decisions.csv,Resource belongs to a rejected launcher; command is not retained.
owtf/data/conf/resources.cfg,872,LaunchExploit_WINDOWS_HTTP,a378a33f5a2b5269e42d03aa5c01a187e04deeb2ef8e12f2bd5cfe2f97ce28b8,removed,Generic DoS/exploit launcher retired,docs/architecture/plugin-support-decisions.csv,Resource belongs to a rejected launcher; command is not retained.
owtf/data/conf/resources.cfg,873,LaunchExploit_WINDOWS_HTTP,7b085dd287634f8d78547ce8efda9617f36bc03166acd76e261f2b7c4cd7f45b,removed,Generic DoS/exploit launcher retired,docs/architecture/plugin-support-decisions.csv,Resource belongs to a rejected launcher; command is not retained.
owtf/data/conf/resources.cfg,874,LaunchExploit_WINDOWS_HTTP,bc86141de75e624eb3b06e7bcbf581d1fe2c9aa519cbd8880c883a25ab231103,removed,Generic DoS/exploit launcher retired,docs/architecture/plugin-support-decisions.csv,Resource belongs to a rejected launcher; command is not retained.
owtf/data/conf/resources.cfg,875,LaunchExploit_WINDOWS_HTTP,6dd7e32b1efab8412c8d754570e4426f3b854850160bf4691a13ae606e144510,removed,Generic DoS/exploit launcher retired,docs/architecture/plugin-support-decisions.csv,Resource belongs to a rejected launcher; command is not retained.
owtf/data/conf/resources.cfg,876,LaunchExploit_WINDOWS_HTTP,fea6288ecf58e013159a6a47e6868950ceb1a80ff8a447cc828fac6a49c6240a,removed,Generic DoS/exploit launcher retired,docs/architecture/plugin-support-decisions.csv,Resource belongs to a rejected launcher; command is not retained.
owtf/data/conf/resources.cfg,877,LaunchExploit_WINDOWS_HTTP,c47b126e363addffbfc224b9a169875fc6b5deda7d5be4e2ec4dc7b7adf71f5b,removed,Generic DoS/exploit launcher retired,docs/architecture/plugin-support-decisions.csv,Resource belongs to a rejected launcher; command is not retained.
owtf/data/conf/resources.cfg,878,LaunchExploit_WINDOWS_HTTP,3337e5b3b368fef3b9b96233405bf910bc9d88bb0155de13b7b2118e17f98ac5,removed,Generic DoS/exploit launcher retired,docs/architecture/plugin-support-decisions.csv,Resource belongs to a rejected launcher; command is not retained.
owtf/data/conf/resources.cfg,879,LaunchExploit_WINDOWS_HTTP,08a3f805d5a7a40741378842398cb9be170fab45058a34f6de7d9aa665d03525,removed,Generic DoS/exploit launcher retired,docs/architecture/plugin-support-decisions.csv,Resource belongs to a rejected launcher; command is not retained.
owtf/data/conf/resources.cfg,880,LaunchExploit_WINDOWS_HTTP,6827fc4f97a539b69a1ae9ecf50a326c736fe184e08000d7d07827a3db7c264a,removed,Generic DoS/exploit launcher retired,docs/architecture/plugin-support-decisions.csv,Resource belongs to a rejected launcher; command is not retained.
owtf/data/conf/resources.cfg,881,LaunchExploit_WINDOWS_HTTP,38fc7029de079cae551ea7df7ac8ca74cfee884eb1a81ba44358c22d5bc23993,removed,Generic DoS/exploit launcher retired,docs/architecture/plugin-support-decisions.csv,Resource belongs to a rejected launcher; command is not retained.
owtf/data/conf/resources.cfg,882,LaunchExploit_WINDOWS_HTTP,9207be978bf5534f0524c2f978d8a39d8a63e3407d2a91fd49c1766c123ebdf2,removed,Generic DoS/exploit launcher retired,docs/architecture/plugin-support-decisions.csv,Resource belongs to a rejected launcher; command is not retained.
owtf/data/conf/resources.cfg,883,LaunchExploit_WINDOWS_HTTP,277e45870014f14e997bbb6cd44561bc5ae4c7860cf775f6c422a464a667f7de,removed,Generic DoS/exploit launcher retired,docs/architecture/plugin-support-decisions.csv,Resource belongs to a rejected launcher; command is not retained.
owtf/data/conf/resources.cfg,884,LaunchExploit_WINDOWS_HTTP,7f9e83bb27d9daf40118a8805a4683465d2a2037b920578f5f79cd7b832137a4,removed,Generic DoS/exploit launcher retired,docs/architecture/plugin-support-decisions.csv,Resource belongs to a rejected launcher; command is not retained.
owtf/data/conf/resources.cfg,885,LaunchExploit_WINDOWS_HTTP,98ecbc7cd56af7592015378a89562c56f7b6cea645aed67fdd846114e85e9be7,removed,Generic DoS/exploit launcher retired,docs/architecture/plugin-support-decisions.csv,Resource belongs to a rejected launcher; command is not retained.
owtf/data/conf/resources.cfg,886,LaunchExploit_WINDOWS_HTTP,5a86704d5028caa6b5eede9ee6b63a72098a538178510510247786ba217d712f,removed,Generic DoS/exploit launcher retired,docs/architecture/plugin-support-decisions.csv,Resource belongs to a rejected launcher; command is not retained.
owtf/data/conf/resources.cfg,887,LaunchExploit_WINDOWS_HTTP,91d8a018f0b62f26c6a38f7c7f0d9a0b7268aaac03c768abf47b827c32942853,removed,Generic DoS/exploit launcher retired,docs/architecture/plugin-support-decisions.csv,Resource belongs to a rejected launcher; command is not retained.
owtf/data/conf/resources.cfg,888,LaunchExploit_WINDOWS_HTTP,79d13e1ad1c05b91e8afc5233eb3b3baa75eba9c8e4e627947f0e54a007a0141,removed,Generic DoS/exploit launcher retired,docs/architecture/plugin-support-decisions.csv,Resource belongs to a rejected launcher; command is not retained.
owtf/data/conf/resources.cfg,889,LaunchExploit_WINDOWS_HTTP,605b30c93e2b59159ef73a6be2810539c1def721dbf5a6d3fdcdaea0e98a2ec9,removed,Generic DoS/exploit launcher retired,docs/architecture/plugin-support-decisions.csv,Resource belongs to a rejected launcher; command is not retained.
owtf/data/conf/resources.cfg,890,LaunchExploit_WINDOWS_HTTP,36323e11b7e80c755c47e6995367723ed6c78c9a33bf5e1b4cd5ffabde3ea621,removed,Generic DoS/exploit launcher retired,docs/architecture/plugin-support-decisions.csv,Resource belongs to a rejected launcher; command is not retained.
owtf/data/conf/resources.cfg,891,LaunchExploit_WINDOWS_HTTP,8b4cc11a49176cd4b627808838d444c117e88b64dca5b5b44e9883b3ea8d2ad4,removed,Generic DoS/exploit launcher retired,docs/architecture/plugin-support-decisions.csv,Resource belongs to a rejected launcher; command is not retained.
owtf/data/conf/resources.cfg,892,LaunchExploit_WINDOWS_HTTP,edc4d053c1a0ce927840884faa7b56c86b0661ed9f7fa067557104d0bf1ea4fc,removed,Generic DoS/exploit launcher retired,docs/architecture/plugin-support-decisions.csv,Resource belongs to a rejected launcher; command is not retained.
owtf/data/conf/resources.cfg,893,LaunchExploit_WINDOWS_HTTP,76949836e1d219ba9b251827e5e84048ce10db1d8151aaf3a0be01a277668f57,removed,Generic DoS/exploit launcher retired,docs/architecture/plugin-support-decisions.csv,Resource belongs to a rejected launcher; command is not retained.
owtf/data/conf/resources.cfg,894,LaunchExploit_WINDOWS_HTTP,05781a969ee180f766e5d39dbd9725afda80f8b414e7afd7837c0145ab793ca3,removed,Generic DoS/exploit launcher retired,docs/architecture/plugin-support-decisions.csv,Resource belongs to a rejected launcher; command is not retained.
owtf/data/conf/resources.cfg,895,LaunchExploit_WINDOWS_HTTP,5e8dec82296b38b1bba2d23addc1b940bf084a0d59dacb51ead5b37de2cf02d4,removed,Generic DoS/exploit launcher retired,docs/architecture/plugin-support-decisions.csv,Resource belongs to a rejected launcher; command is not retained.
owtf/data/conf/resources.cfg,896,LaunchExploit_WINDOWS_HTTP,952e6e46144f662af9043c066a11c3b98deb9c7990905d637f96041497068a0b,removed,Generic DoS/exploit launcher retired,docs/architecture/plugin-support-decisions.csv,Resource belongs to a rejected launcher; command is not retained.
owtf/data/conf/resources.cfg,897,LaunchExploit_WINDOWS_HTTP,6c9e3327688e9fd3fc7f642bb44bc590a8a30d4d20b7064ad888d6c4dd355f4d,removed,Generic DoS/exploit launcher retired,docs/architecture/plugin-support-decisions.csv,Resource belongs to a rejected launcher; command is not retained.
owtf/data/conf/resources.cfg,898,LaunchExploit_WINDOWS_HTTP,e760df5bfe1118a29dc3dd0f44367c16bd53b59ca82976f351c57ae03e97c087,removed,Generic DoS/exploit launcher retired,docs/architecture/plugin-support-decisions.csv,Resource belongs to a rejected launcher; command is not retained.
owtf/data/conf/resources.cfg,899,LaunchExploit_WINDOWS_HTTP,073bcf55111e39f74ea4802b16d3b2e7b756865d9756fb4769b320ecd6764e39,removed,Generic DoS/exploit launcher retired,docs/architecture/plugin-support-decisions.csv,Resource belongs to a rejected launcher; command is not retained.
owtf/data/conf/resources.cfg,900,LaunchExploit_WINDOWS_HTTP,9b4d7d58d25320112ca7300e393e39834559d2e6952f87c8388af7729c726377,removed,Generic DoS/exploit launcher retired,docs/architecture/plugin-support-decisions.csv,Resource belongs to a rejected launcher; command is not retained.
owtf/data/conf/resources.cfg,901,LaunchExploit_WINDOWS_HTTP,083389ba4edc213e69744b13bd5fee00b33846f9e8df5a2e77111c0071d10f13,removed,Generic DoS/exploit launcher retired,docs/architecture/plugin-support-decisions.csv,Resource belongs to a rejected launcher; command is not retained.
owtf/data/conf/resources.cfg,902,LaunchExploit_WINDOWS_HTTP,41dcc74ee5cdcd4f76907a96294a60108cd5a837c4cc140294c85a907fe593f9,removed,Generic DoS/exploit launcher retired,docs/architecture/plugin-support-decisions.csv,Resource belongs to a rejected launcher; command is not retained.
owtf/data/conf/resources.cfg,903,LaunchExploit_WINDOWS_HTTP,e08da183c1045a06a04bc38961e9756fa5b9a6905975bc35204c599a2eeb1a0e,removed,Generic DoS/exploit launcher retired,docs/architecture/plugin-support-decisions.csv,Resource belongs to a rejected launcher; command is not retained.
owtf/data/conf/resources.cfg,904,LaunchExploit_WINDOWS_HTTP,f836cbc647353cbebe4ec28b103318ff7b8619d55f6231014dc5c8d9b3c0c941,removed,Generic DoS/exploit launcher retired,docs/architecture/plugin-support-decisions.csv,Resource belongs to a rejected launcher; command is not retained.
owtf/data/conf/resources.cfg,905,LaunchExploit_WINDOWS_HTTP,4ee6ad223607617efad8be2b7f7068a8d234dde22815688af045588ee5185658,removed,Generic DoS/exploit launcher retired,docs/architecture/plugin-support-decisions.csv,Resource belongs to a rejected launcher; command is not retained.
owtf/data/conf/resources.cfg,906,LaunchExploit_WINDOWS_HTTP,a08b2700faec2f6f25ea860d11a504182de800fa4e097d01df95809c85148113,removed,Generic DoS/exploit launcher retired,docs/architecture/plugin-support-decisions.csv,Resource belongs to a rejected launcher; command is not retained.
owtf/data/conf/resources.cfg,907,LaunchExploit_WINDOWS_HTTP,2b86ae7eccb6664f04101f3d2a96c57524e3917676701159f79d880d7397dac7,removed,Generic DoS/exploit launcher retired,docs/architecture/plugin-support-decisions.csv,Resource belongs to a rejected launcher; command is not retained.
owtf/data/conf/resources.cfg,908,LaunchExploit_WINDOWS_HTTP,da353c09fa114306a3f12b67e575c4a8f7fe009c8515772b306a20353017e4c4,removed,Generic DoS/exploit launcher retired,docs/architecture/plugin-support-decisions.csv,Resource belongs to a rejected launcher; command is not retained.
owtf/data/conf/resources.cfg,909,LaunchExploit_WINDOWS_HTTP,ab1e1531ef7e5f4a3d8071889674affe50848fbb353db28037e9e1374dac396b,removed,Generic DoS/exploit launcher retired,docs/architecture/plugin-support-decisions.csv,Resource belongs to a rejected launcher; command is not retained.
owtf/data/conf/resources.cfg,910,LaunchExploit_WINDOWS_HTTP,7ebd4ec3e85c9acf6a1db25cc32c8c1e408a37b06944530b0ba5e83413addb29,removed,Generic DoS/exploit launcher retired,docs/architecture/plugin-support-decisions.csv,Resource belongs to a rejected launcher; command is not retained.
owtf/data/conf/resources.cfg,911,LaunchExploit_WINDOWS_IIS,08b10c91b588281b0e4b65515090f410c04a60f178e87863293be5c764e3eb7f,removed,Generic DoS/exploit launcher retired,docs/architecture/plugin-support-decisions.csv,Resource belongs to a rejected launcher; command is not retained.
owtf/data/conf/resources.cfg,912,LaunchExploit_WINDOWS_IIS,c33d74df303462fc5fe5171ae904857ec6c5673e00d1b00231138d071c3b2f70,removed,Generic DoS/exploit launcher retired,docs/architecture/plugin-support-decisions.csv,Resource belongs to a rejected launcher; command is not retained.
owtf/data/conf/resources.cfg,913,LaunchExploit_WINDOWS_IIS,db36a343b51616f48158f185b944a38a356a2e4e5d31d0b89141382ea7831b40,removed,Generic DoS/exploit launcher retired,docs/architecture/plugin-support-decisions.csv,Resource belongs to a rejected launcher; command is not retained.
owtf/data/conf/resources.cfg,914,LaunchExploit_WINDOWS_IIS,03717413885d1a0a5963b147f239a32fc6f3e8c82d6fca7f2922a29e70dc66f1,removed,Generic DoS/exploit launcher retired,docs/architecture/plugin-support-decisions.csv,Resource belongs to a rejected launcher; command is not retained.
owtf/data/conf/resources.cfg,915,LaunchExploit_WINDOWS_IIS,68a6397921f7be66bda2345a06d752e6568830c9c836612c230c452af386660f,removed,Generic DoS/exploit launcher retired,docs/architecture/plugin-support-decisions.csv,Resource belongs to a rejected launcher; command is not retained.
owtf/data/conf/resources.cfg,916,LaunchExploit_WINDOWS_IIS,fceb4ff9abbc33a23449310e388cd968df772f8b1a81d4e6f89ec6d71b6817b9,removed,Generic DoS/exploit launcher retired,docs/architecture/plugin-support-decisions.csv,Resource belongs to a rejected launcher; command is not retained.
owtf/data/conf/resources.cfg,917,LaunchExploit_WINDOWS_IMAP,e1ee360ef8a7f3abe01c6280268184dea181f0a2d02f39b8005ce8f2be99e6a8,removed,Generic DoS/exploit launcher retired,docs/architecture/plugin-support-decisions.csv,Resource belongs to a rejected launcher; command is not retained.
owtf/data/conf/resources.cfg,918,LaunchExploit_WINDOWS_IMAP,d3d71514fd7ed5361e1ffb6ccd820a4033e81a82b12cceece9cfffef0e726ada,removed,Generic DoS/exploit launcher retired,docs/architecture/plugin-support-decisions.csv,Resource belongs to a rejected launcher; command is not retained.
owtf/data/conf/resources.cfg,919,LaunchExploit_WINDOWS_IMAP,1ef32e9eb53d72b67c4ea69e3fdcb3ae4a70682a172b794d4246766ab5d472cf,removed,Generic DoS/exploit launcher retired,docs/architecture/plugin-support-decisions.csv,Resource belongs to a rejected launcher; command is not retained.
owtf/data/conf/resources.cfg,920,LaunchExploit_WINDOWS_IMAP,f73d266a4738ae1f5065730c312b5b7847c26fe76bb266b547690533d184f718,removed,Generic DoS/exploit launcher retired,docs/architecture/plugin-support-decisions.csv,Resource belongs to a rejected launcher; command is not retained.
owtf/data/conf/resources.cfg,921,LaunchExploit_WINDOWS_IMAP,d64070371f80554d3d30961f584ccbb13829b4685d427f3131d2cf01cd4df703,removed,Generic DoS/exploit launcher retired,docs/architecture/plugin-support-decisions.csv,Resource belongs to a rejected launcher; command is not retained.
owtf/data/conf/resources.cfg,922,LaunchExploit_WINDOWS_IMAP,212bf66f66f2c76afac4ec4b6fd270a749d9c3459008bc9e7d4986b504d7efb3,removed,Generic DoS/exploit launcher retired,docs/architecture/plugin-support-decisions.csv,Resource belongs to a rejected launcher; command is not retained.
owtf/data/conf/resources.cfg,923,LaunchExploit_WINDOWS_IMAP,637dc5443ecca894ab7d8a3dab8400a7bc25e693c0b350cbc8bc2a3131d144c9,removed,Generic DoS/exploit launcher retired,docs/architecture/plugin-support-decisions.csv,Resource belongs to a rejected launcher; command is not retained.
owtf/data/conf/resources.cfg,924,LaunchExploit_WINDOWS_IMAP,8f1d622bfb7d16ee828d22f90569702d445af0e9a01844340b525e41d7718bf8,removed,Generic DoS/exploit launcher retired,docs/architecture/plugin-support-decisions.csv,Resource belongs to a rejected launcher; command is not retained.
owtf/data/conf/resources.cfg,925,LaunchExploit_WINDOWS_IMAP,9ee65ec6e8a978897bb2f4a14bf7f5b1ee84ba2f665eb634cade4a8fb35291c7,removed,Generic DoS/exploit launcher retired,docs/architecture/plugin-support-decisions.csv,Resource belongs to a rejected launcher; command is not retained.
owtf/data/conf/resources.cfg,926,LaunchExploit_WINDOWS_IMAP,3fc004804e213dae9da20f4beef24e4d818c954762f4e39ad767a609b20e3034,removed,Generic DoS/exploit launcher retired,docs/architecture/plugin-support-decisions.csv,Resource belongs to a rejected launcher; command is not retained.
owtf/data/conf/resources.cfg,927,LaunchExploit_WINDOWS_IMAP,72cdda8c9cac247aa99f6e39c779953d6849e7cd64b52715de30e79e639eb24d,removed,Generic DoS/exploit launcher retired,docs/architecture/plugin-support-decisions.csv,Resource belongs to a rejected launcher; command is not retained.
owtf/data/conf/resources.cfg,928,LaunchExploit_WINDOWS_IMAP,d2e739e6b4001d70ed4b336930387c4040c38e669d7dfe6c47cfa0b29f76f2c1,removed,Generic DoS/exploit launcher retired,docs/architecture/plugin-support-decisions.csv,Resource belongs to a rejected launcher; command is not retained.
owtf/data/conf/resources.cfg,929,LaunchExploit_WINDOWS_IMAP,b63db3762ddf8859b21746ddbfa50cd0d13654fec12f27f8867576e5b7f3f56c,removed,Generic DoS/exploit launcher retired,docs/architecture/plugin-support-decisions.csv,Resource belongs to a rejected launcher; command is not retained.
owtf/data/conf/resources.cfg,930,LaunchExploit_WINDOWS_IMAP,c1fcb9584b1c1e4ad34d8b1d108f4e770d6996a05eee697f1f4d1cbddda1d6a6,removed,Generic DoS/exploit launcher retired,docs/architecture/plugin-support-decisions.csv,Resource belongs to a rejected launcher; command is not retained.
owtf/data/conf/resources.cfg,931,LaunchExploit_WINDOWS_IMAP,5423b5c688886ffcfd2248739b22d249004064b98f0cde077aafc400434d2e12,removed,Generic DoS/exploit launcher retired,docs/architecture/plugin-support-decisions.csv,Resource belongs to a rejected launcher; command is not retained.
owtf/data/conf/resources.cfg,932,LaunchExploit_WINDOWS_IMAP,2e9ba3c68b09a7b8898ed7c1e46548bfa47e266663747cd71773c8d8b4750b2f,removed,Generic DoS/exploit launcher retired,docs/architecture/plugin-support-decisions.csv,Resource belongs to a rejected launcher; command is not retained.
owtf/data/conf/resources.cfg,933,LaunchExploit_WINDOWS_ISAPI,959753db6a36a0f0df28c5e205debc9744fda0094a9ce2f7ea282c17a3e25926,removed,Generic DoS/exploit launcher retired,docs/architecture/plugin-support-decisions.csv,Resource belongs to a rejected launcher; command is not retained.
owtf/data/conf/resources.cfg,934,LaunchExploit_WINDOWS_ISAPI,0190ebbe3033d78b681cd43a53690fab675e801f32b666559477739d68ee01b3,removed,Generic DoS/exploit launcher retired,docs/architecture/plugin-support-decisions.csv,Resource belongs to a rejected launcher; command is not retained.
owtf/data/conf/resources.cfg,935,LaunchExploit_WINDOWS_ISAPI,94a451c5b6ae567dc7fd0e0f0e5b590fda98ebed5fed12e89ff55ea0efdb8224,removed,Generic DoS/exploit launcher retired,docs/architecture/plugin-support-decisions.csv,Resource belongs to a rejected launcher; command is not retained.
owtf/data/conf/resources.cfg,936,LaunchExploit_WINDOWS_ISAPI,c78e4f6bc207700f02bfa715f079de4d95e8f786065f4c0a3e00071b611e1b62,removed,Generic DoS/exploit launcher retired,docs/architecture/plugin-support-decisions.csv,Resource belongs to a rejected launcher; command is not retained.
owtf/data/conf/resources.cfg,937,LaunchExploit_WINDOWS_ISAPI,91a34c6c6ccf15e5758ae67421ca0753fb1526122e7bc36e71fa06596edcb577,removed,Generic DoS/exploit launcher retired,docs/architecture/plugin-support-decisions.csv,Resource belongs to a rejected launcher; command is not retained.
owtf/data/conf/resources.cfg,938,LaunchExploit_WINDOWS_LDAP,2478b65b3cec62410fde6e12d64d6c869c4535ea6b5aef06150f965e0e199708,removed,Generic DoS/exploit launcher retired,docs/architecture/plugin-support-decisions.csv,Resource belongs to a rejected launcher; command is not retained.
owtf/data/conf/resources.cfg,939,LaunchExploit_WINDOWS_LDAP,daa249f82b97c35922fba2a09e0491ebe16519935a0916b6b18ee2eaae359220,removed,Generic DoS/exploit launcher retired,docs/architecture/plugin-support-decisions.csv,Resource belongs to a rejected launcher; command is not retained.
owtf/data/conf/resources.cfg,940,LaunchExploit_WINDOWS_LICENSE,3a3d3e5b3a7a742e3d937d632cedb8128b074cbde697b2df3ab63d655d1508b7,removed,Generic DoS/exploit launcher retired,docs/architecture/plugin-support-decisions.csv,Resource belongs to a rejected launcher; command is not retained.
owtf/data/conf/resources.cfg,941,LaunchExploit_WINDOWS_LICENSE,d6f49a8de25514518d65af4574e2fb46c3a4e1385ed1f719dbf020fbaa81394b,removed,Generic DoS/exploit launcher retired,docs/architecture/plugin-support-decisions.csv,Resource belongs to a rejected launcher; command is not retained.
owtf/data/conf/resources.cfg,942,LaunchExploit_WINDOWS_LICENSE,f1770bb48d9962b958ef88884637716165c408c6ed8ea4417742b79196eede90,removed,Generic DoS/exploit launcher retired,docs/architecture/plugin-support-decisions.csv,Resource belongs to a rejected launcher; command is not retained.
owtf/data/conf/resources.cfg,943,LaunchExploit_WINDOWS_LOTUS,06a464c3f11c8fc7bb042bd0dafd9b3af687cd525a881a787e36485811ef4919,removed,Generic DoS/exploit launcher retired,docs/architecture/plugin-support-decisions.csv,Resource belongs to a rejected launcher; command is not retained.
owtf/data/conf/resources.cfg,944,LaunchExploit_WINDOWS_LOTUS,811bc7a268e7c67d4a3cd0c148a24ce5673f5ae5b01a65e0ad4abdd2e9edcac6,removed,Generic DoS/exploit launcher retired,docs/architecture/plugin-support-decisions.csv,Resource belongs to a rejected launcher; command is not retained.
owtf/data/conf/resources.cfg,945,LaunchExploit_WINDOWS_LOTUS,c3e77598126072e702059f81e7d47558683d253a6b393ab6d38966160ca6627a,removed,Generic DoS/exploit launcher retired,docs/architecture/plugin-support-decisions.csv,Resource belongs to a rejected launcher; command is not retained.
owtf/data/conf/resources.cfg,946,LaunchExploit_WINDOWS_LOTUS,ae838488a4ecfe4901f0ca6bdb8024be1049767676fafef6cab213399c6c3ee1,removed,Generic DoS/exploit launcher retired,docs/architecture/plugin-support-decisions.csv,Resource belongs to a rejected launcher; command is not retained.
owtf/data/conf/resources.cfg,947,LaunchExploit_WINDOWS_LPD,585ba586a78f1334ee988edf6061761c6a4f0e5472b2359ac3ccb79172eb2e25,removed,Generic DoS/exploit launcher retired,docs/architecture/plugin-support-decisions.csv,Resource belongs to a rejected launcher; command is not retained.
owtf/data/conf/resources.cfg,948,LaunchExploit_WINDOWS_LPD,a8be9553c0a3978f7d90029d82047f99108924808344e9a9162a530848a3d930,removed,Generic DoS/exploit launcher retired,docs/architecture/plugin-support-decisions.csv,Resource belongs to a rejected launcher; command is not retained.
owtf/data/conf/resources.cfg,949,LaunchExploit_WINDOWS_LPD,07739fb05f68e903bd8da3b936773576b36d0be5a8a93aa2f5ea4987836eebe1,removed,Generic DoS/exploit launcher retired,docs/architecture/plugin-support-decisions.csv,Resource belongs to a rejected launcher; command is not retained.
owtf/data/conf/resources.cfg,950,LaunchExploit_WINDOWS_LPD,766ef2bb01d587f2e807b53e945f8511d8b3c9443c15ff3c0d9bbba355bef500,removed,Generic DoS/exploit launcher retired,docs/architecture/plugin-support-decisions.csv,Resource belongs to a rejected launcher; command is not retained.
owtf/data/conf/resources.cfg,951,LaunchExploit_WINDOWS_MISC,04b19c0886c59871dbf1bba042cebc25b6b4cd3522c7760e5834a2eba1abb099,removed,Generic DoS/exploit launcher retired,docs/architecture/plugin-support-decisions.csv,Resource belongs to a rejected launcher; command is not retained.
owtf/data/conf/resources.cfg,952,LaunchExploit_WINDOWS_MISC,6d007f7a9b4aa299de247834aca0ad53780ce35d500d9227593d55be41926087,removed,Generic DoS/exploit launcher retired,docs/architecture/plugin-support-decisions.csv,Resource belongs to a rejected launcher; command is not retained.
owtf/data/conf/resources.cfg,953,LaunchExploit_WINDOWS_MISC,cf7bfca41f44d1b5d89d6cc753d98f01edb0fc252d6eb044f0d43046d6e1e605,removed,Generic DoS/exploit launcher retired,docs/architecture/plugin-support-decisions.csv,Resource belongs to a rejected launcher; command is not retained.
owtf/data/conf/resources.cfg,954,LaunchExploit_WINDOWS_MISC,9a491067b593932db3df131ec37beed7c37f5ff39606ae6d9ed2563db0c00ca0,removed,Generic DoS/exploit launcher retired,docs/architecture/plugin-support-decisions.csv,Resource belongs to a rejected launcher; command is not retained.
owtf/data/conf/resources.cfg,955,LaunchExploit_WINDOWS_MISC,1da5287bb2a5a665c6fbc721d95159a7ca1212a345baab2dc9377a2339d63a8d,removed,Generic DoS/exploit launcher retired,docs/architecture/plugin-support-decisions.csv,Resource belongs to a rejected launcher; command is not retained.
owtf/data/conf/resources.cfg,956,LaunchExploit_WINDOWS_MISC,96e201bb73addcb4ca13179186b33646d9f07d90a58724ba96a7bc0497c62d4d,removed,Generic DoS/exploit launcher retired,docs/architecture/plugin-support-decisions.csv,Resource belongs to a rejected launcher; command is not retained.
owtf/data/conf/resources.cfg,957,LaunchExploit_WINDOWS_MISC,720900ead200627094c93e23fa5c55fd7056924bb71ed36277f28ac0821e1061,removed,Generic DoS/exploit launcher retired,docs/architecture/plugin-support-decisions.csv,Resource belongs to a rejected launcher; command is not retained.
owtf/data/conf/resources.cfg,958,LaunchExploit_WINDOWS_MISC,4e5a4230c05296cf638fe33c6c1f34cf3fd664ed0121702023af8944862a8d4d,removed,Generic DoS/exploit launcher retired,docs/architecture/plugin-support-decisions.csv,Resource belongs to a rejected launcher; command is not retained.
owtf/data/conf/resources.cfg,959,LaunchExploit_WINDOWS_MISC,0d5b22708b7b10e0d966c7455e3189e98b4980afbd192481c75d2366c7d03168,removed,Generic DoS/exploit launcher retired,docs/architecture/plugin-support-decisions.csv,Resource belongs to a rejected launcher; command is not retained.
owtf/data/conf/resources.cfg,960,LaunchExploit_WINDOWS_MISC,3e98941eb7e9a3469b2414dddb60fec32dd00447b22d577c99d4f6ebc540da38,removed,Generic DoS/exploit launcher retired,docs/architecture/plugin-support-decisions.csv,Resource belongs to a rejected launcher; command is not retained.
owtf/data/conf/resources.cfg,961,LaunchExploit_WINDOWS_MISC,726116242fb834645f25bc78d76a1bdc0fe663a95a11567c8f5da1d8badf0e4a,removed,Generic DoS/exploit launcher retired,docs/architecture/plugin-support-decisions.csv,Resource belongs to a rejected launcher; command is not retained.
owtf/data/conf/resources.cfg,962,LaunchExploit_WINDOWS_MISC,4c541db38dca7dd0c8afc8cc20bee1f5ef3552af63d80ba468318a99e8c53402,removed,Generic DoS/exploit launcher retired,docs/architecture/plugin-support-decisions.csv,Resource belongs to a rejected launcher; command is not retained.
owtf/data/conf/resources.cfg,963,LaunchExploit_WINDOWS_MISC,a8f82cf08ff537743607cacf95c0b0a589f94e55da3d748a3908b74c96cf0e5f,removed,Generic DoS/exploit launcher retired,docs/architecture/plugin-support-decisions.csv,Resource belongs to a rejected launcher; command is not retained.
owtf/data/conf/resources.cfg,964,LaunchExploit_WINDOWS_MISC,f8b36b891173959ef0a8f07acf9f453acf7d988be8fa401164440a421a894f82,removed,Generic DoS/exploit launcher retired,docs/architecture/plugin-support-decisions.csv,Resource belongs to a rejected launcher; command is not retained.
owtf/data/conf/resources.cfg,965,LaunchExploit_WINDOWS_MISC,c561b3d95dc8bb92c6548d6ce065968fdb8fa70ffe585f0737ee84890645930a,removed,Generic DoS/exploit launcher retired,docs/architecture/plugin-support-decisions.csv,Resource belongs to a rejected launcher; command is not retained.
owtf/data/conf/resources.cfg,966,LaunchExploit_WINDOWS_MISC,0efa934847cff69fc35df7662ba023afddefab119b1d8bd68fe04ce7c0ab2e7b,removed,Generic DoS/exploit launcher retired,docs/architecture/plugin-support-decisions.csv,Resource belongs to a rejected launcher; command is not retained.
owtf/data/conf/resources.cfg,967,LaunchExploit_WINDOWS_MISC,3a1ca575e35ac1da9e754d4e017c91863b9b6b4feb8d982a14a52859103326ea,removed,Generic DoS/exploit launcher retired,docs/architecture/plugin-support-decisions.csv,Resource belongs to a rejected launcher; command is not retained.
owtf/data/conf/resources.cfg,968,LaunchExploit_WINDOWS_MISC,4f43eb4d4af8c91e85a30ed1255424e8871cbbf05449dce8d2e6f3ea2621dc4e,removed,Generic DoS/exploit launcher retired,docs/architecture/plugin-support-decisions.csv,Resource belongs to a rejected launcher; command is not retained.
owtf/data/conf/resources.cfg,969,LaunchExploit_WINDOWS_MISC,9f654f9347dcbf8962cca78e19c672f4ffcbff4328b18565ec927b0e43f03b8d,removed,Generic DoS/exploit launcher retired,docs/architecture/plugin-support-decisions.csv,Resource belongs to a rejected launcher; command is not retained.
owtf/data/conf/resources.cfg,970,LaunchExploit_WINDOWS_MISC,9bb4bce38a5bf7cf4706d2b6722a188d6a2dbc03f637a27c7d9f1a6722eda9dd,removed,Generic DoS/exploit launcher retired,docs/architecture/plugin-support-decisions.csv,Resource belongs to a rejected launcher; command is not retained.
owtf/data/conf/resources.cfg,971,LaunchExploit_WINDOWS_MISC,d0b3e75d145b665dd55d2a38bbf57b2f7e5266ed8984f5fe6ab2c8148808c2b9,removed,Generic DoS/exploit launcher retired,docs/architecture/plugin-support-decisions.csv,Resource belongs to a rejected launcher; command is not retained.
owtf/data/conf/resources.cfg,972,LaunchExploit_WINDOWS_MISC,e734fd22c9dc761e6bc1492c94321fa40ae629759c61e59a018573f3621e6214,removed,Generic DoS/exploit launcher retired,docs/architecture/plugin-support-decisions.csv,Resource belongs to a rejected launcher; command is not retained.
owtf/data/conf/resources.cfg,973,LaunchExploit_WINDOWS_MISC,bacb2f3db1016ee94c9a623ded84b73019dc1a87909d7571f47444e7c4888a9a,removed,Generic DoS/exploit launcher retired,docs/architecture/plugin-support-decisions.csv,Resource belongs to a rejected launcher; command is not retained.
owtf/data/conf/resources.cfg,974,LaunchExploit_WINDOWS_MISC,6800e2fe3e1b818a25409b5d11a96a211ac85d7813f13fb682f75c66ce5de9df,removed,Generic DoS/exploit launcher retired,docs/architecture/plugin-support-decisions.csv,Resource belongs to a rejected launcher; command is not retained.
owtf/data/conf/resources.cfg,975,LaunchExploit_WINDOWS_MISC,ec6a8e83b062940cefb1690d50ee38d4cedb61b777e0870bfe80d0820a5cb564,removed,Generic DoS/exploit launcher retired,docs/architecture/plugin-support-decisions.csv,Resource belongs to a rejected launcher; command is not retained.
owtf/data/conf/resources.cfg,976,LaunchExploit_WINDOWS_MISC,ce949a28d963f0a604882240231adce8ca31247e1c20714096415b1746021939,removed,Generic DoS/exploit launcher retired,docs/architecture/plugin-support-decisions.csv,Resource belongs to a rejected launcher; command is not retained.
owtf/data/conf/resources.cfg,977,LaunchExploit_WINDOWS_MISC,4c5194dd4e246f32b52ff1e600ba5e0fb4a7efca7518942630938496205b4c47,removed,Generic DoS/exploit launcher retired,docs/architecture/plugin-support-decisions.csv,Resource belongs to a rejected launcher; command is not retained.
owtf/data/conf/resources.cfg,978,LaunchExploit_WINDOWS_MISC,34d3bc68e249d9522a2c8e9641bbde351db0df43039c411e0fa38277d01aa34c,removed,Generic DoS/exploit launcher retired,docs/architecture/plugin-support-decisions.csv,Resource belongs to a rejected launcher; command is not retained.
owtf/data/conf/resources.cfg,979,LaunchExploit_WINDOWS_MISC,102f20f8b95086d569aab062625d7a0e0721f683da26b233ef43c739d6cc2b4b,removed,Generic DoS/exploit launcher retired,docs/architecture/plugin-support-decisions.csv,Resource belongs to a rejected launcher; command is not retained.
owtf/data/conf/resources.cfg,980,LaunchExploit_WINDOWS_MISC,f117675c69af1b79b7b2aae5e0dc91aa621e4756b10b0be904c894f8ebb2cd34,removed,Generic DoS/exploit launcher retired,docs/architecture/plugin-support-decisions.csv,Resource belongs to a rejected launcher; command is not retained.
owtf/data/conf/resources.cfg,981,LaunchExploit_WINDOWS_MISC,9c537afbfb2cf416a35a0f5a93b820fa805b51338fca73cb8b0cfb25a0179ecf,removed,Generic DoS/exploit launcher retired,docs/architecture/plugin-support-decisions.csv,Resource belongs to a rejected launcher; command is not retained.
owtf/data/conf/resources.cfg,982,LaunchExploit_WINDOWS_MISC,0bc9224b5c82491dcdb6ac7133ea16288988d2e19d4775ccfb0da081ca893a89,removed,Generic DoS/exploit launcher retired,docs/architecture/plugin-support-decisions.csv,Resource belongs to a rejected launcher; command is not retained.
owtf/data/conf/resources.cfg,983,LaunchExploit_WINDOWS_MISC,54d43c861ef07410fa5273097f496920a0e70fa00190186d2c5228615f3b240d,removed,Generic DoS/exploit launcher retired,docs/architecture/plugin-support-decisions.csv,Resource belongs to a rejected launcher; command is not retained.
owtf/data/conf/resources.cfg,984,LaunchExploit_WINDOWS_MISC,d56ea140be0d5dcdf55245bd5e84126795ef73cfe8e311e02e8fe33f57fc217b,removed,Generic DoS/exploit launcher retired,docs/architecture/plugin-support-decisions.csv,Resource belongs to a rejected launcher; command is not retained.
owtf/data/conf/resources.cfg,985,LaunchExploit_WINDOWS_MISC,82a03b5646a2c670f23eeaa30c2e2bec2e5d6dca49aa3e8a311e7ff0d7b629e8,removed,Generic DoS/exploit launcher retired,docs/architecture/plugin-support-decisions.csv,Resource belongs to a rejected launcher; command is not retained.
owtf/data/conf/resources.cfg,986,LaunchExploit_WINDOWS_MISC,986249739537503cc5acb8076a5061a4178427be4798f2267ec50e7a75717c99,removed,Generic DoS/exploit launcher retired,docs/architecture/plugin-support-decisions.csv,Resource belongs to a rejected launcher; command is not retained.
owtf/data/conf/resources.cfg,987,LaunchExploit_WINDOWS_MISC,6b996de73932544272301d80bd8f158c08b7c7360c7beb94be2cc594fa3034be,removed,Generic DoS/exploit launcher retired,docs/architecture/plugin-support-decisions.csv,Resource belongs to a rejected launcher; command is not retained.
owtf/data/conf/resources.cfg,988,LaunchExploit_WINDOWS_MISC,8a355e93f0ae724e1fb2e866fd204f71aed7e49e034d655cccf14ee340e90bdd,removed,Generic DoS/exploit launcher retired,docs/architecture/plugin-support-decisions.csv,Resource belongs to a rejected launcher; command is not retained.
owtf/data/conf/resources.cfg,989,LaunchExploit_WINDOWS_MISC,a38e5fb5e2d08f5ebd196d79c8d80a589697d5965335d31b51fcd70ecfb69703,removed,Generic DoS/exploit launcher retired,docs/architecture/plugin-support-decisions.csv,Resource belongs to a rejected launcher; command is not retained.
owtf/data/conf/resources.cfg,990,LaunchExploit_WINDOWS_MISC,bd20f6885d29dced90097cc39468f271678b43bfc74a7a46cf842a3be3b98e01,removed,Generic DoS/exploit launcher retired,docs/architecture/plugin-support-decisions.csv,Resource belongs to a rejected launcher; command is not retained.
owtf/data/conf/resources.cfg,991,LaunchExploit_WINDOWS_MISC,86521ebe236e9846708d53c92d84aff8081e53ecee6c20a4faf220962b9e02fe,removed,Generic DoS/exploit launcher retired,docs/architecture/plugin-support-decisions.csv,Resource belongs to a rejected launcher; command is not retained.
owtf/data/conf/resources.cfg,992,LaunchExploit_WINDOWS_MISC,7416c32eca53909d4e0479c49a8d7705691c6c702317129a1a9627343d4b500a,removed,Generic DoS/exploit launcher retired,docs/architecture/plugin-support-decisions.csv,Resource belongs to a rejected launcher; command is not retained.
owtf/data/conf/resources.cfg,993,LaunchExploit_WINDOWS_MISC,0c3646827b4e133506ea0825530d3a1e79eed04d41f3b46755c364542cdf2f51,removed,Generic DoS/exploit launcher retired,docs/architecture/plugin-support-decisions.csv,Resource belongs to a rejected launcher; command is not retained.
owtf/data/conf/resources.cfg,994,LaunchExploit_WINDOWS_MISC,6cb9b948f1e6f0b32cb0a2fff21bae2d118dc5357a0383a166366239bf7d1aa9,removed,Generic DoS/exploit launcher retired,docs/architecture/plugin-support-decisions.csv,Resource belongs to a rejected launcher; command is not retained.
owtf/data/conf/resources.cfg,995,LaunchExploit_WINDOWS_MISC,2699aebb21a065ef7a305d43ded55f9abcfb33858c2fb914cdaf1ab4f6c7db39,removed,Generic DoS/exploit launcher retired,docs/architecture/plugin-support-decisions.csv,Resource belongs to a rejected launcher; command is not retained.
owtf/data/conf/resources.cfg,996,LaunchExploit_WINDOWS_MISC,75cb7b1b36b51a31f89759366524574111a4dc4d24ac662da0cc9e7bbdcd6450,removed,Generic DoS/exploit launcher retired,docs/architecture/plugin-support-decisions.csv,Resource belongs to a rejected launcher; command is not retained.
owtf/data/conf/resources.cfg,997,LaunchExploit_WINDOWS_MISC,7da605ad211ebfcfea302f2c000887f6943db092c97160cc85fe8188e0286a80,removed,Generic DoS/exploit launcher retired,docs/architecture/plugin-support-decisions.csv,Resource belongs to a rejected launcher; command is not retained.
owtf/data/conf/resources.cfg,998,LaunchExploit_WINDOWS_MISC,e39d973861dfe93592b4178e7a26d7fb561d299e9972b0ece0f1771528d6e0bd,removed,Generic DoS/exploit launcher retired,docs/architecture/plugin-support-decisions.csv,Resource belongs to a rejected launcher; command is not retained.
owtf/data/conf/resources.cfg,999,LaunchExploit_WINDOWS_MISC,3d9c3300c55e31efb2756cf4940552c7c36ff05868e58e84c8a055c8c2cd8a51,removed,Generic DoS/exploit launcher retired,docs/architecture/plugin-support-decisions.csv,Resource belongs to a rejected launcher; command is not retained.
owtf/data/conf/resources.cfg,1000,LaunchExploit_WINDOWS_MISC,3a078f9b7488f49780b718e16555332e7d3d0b6e7c043051c10a205b3af8769d,removed,Generic DoS/exploit launcher retired,docs/architecture/plugin-support-decisions.csv,Resource belongs to a rejected launcher; command is not retained.
owtf/data/conf/resources.cfg,1001,LaunchExploit_WINDOWS_MISC,426dc716fd2bffb4380abb5ed9798a8a2ee04788bab720ae14b7168a8bca8485,removed,Generic DoS/exploit launcher retired,docs/architecture/plugin-support-decisions.csv,Resource belongs to a rejected launcher; command is not retained.
owtf/data/conf/resources.cfg,1002,LaunchExploit_WINDOWS_MMSP,6909da37d302e33d4215c2ab5f7a05b2923d7b592017571d49f321601afa3f71,removed,Generic DoS/exploit launcher retired,docs/architecture/plugin-support-decisions.csv,Resource belongs to a rejected launcher; command is not retained.
owtf/data/conf/resources.cfg,1003,LaunchExploit_WINDOWS_MOTOROLA,3dae69883d2d4d82e393032df8f10531ea486bef8504a938271e84000afc6590,removed,Generic DoS/exploit launcher retired,docs/architecture/plugin-support-decisions.csv,Resource belongs to a rejected launcher; command is not retained.
owtf/data/conf/resources.cfg,1004,LaunchExploit_WINDOWS_MSSQL,e4bc0bd62f21c5b14fa485f5a9c088fe4ee785cb37a9d5ea789f21f6cceb888d,removed,Generic DoS/exploit launcher retired,docs/architecture/plugin-support-decisions.csv,Resource belongs to a rejected launcher; command is not retained.
owtf/data/conf/resources.cfg,1005,LaunchExploit_WINDOWS_MSSQL,1ee0c8310a73e12c5275d2ea892241e02fb0bffee17589acdd9e1cfc14e96542,removed,Generic DoS/exploit launcher retired,docs/architecture/plugin-support-decisions.csv,Resource belongs to a rejected launcher; command is not retained.
owtf/data/conf/resources.cfg,1006,LaunchExploit_WINDOWS_MSSQL,f970ad2005fff24c7b5bf064fd42d83bd11e860596b29da5de6bba67398fdc41,removed,Generic DoS/exploit launcher retired,docs/architecture/plugin-support-decisions.csv,Resource belongs to a rejected launcher; command is not retained.
owtf/data/conf/resources.cfg,1007,LaunchExploit_WINDOWS_MSSQL,ea9e9caef8e1c9e985f1a7b144569f80c643b871cddcd9ac1c6a23ebeea5929e,removed,Generic DoS/exploit launcher retired,docs/architecture/plugin-support-decisions.csv,Resource belongs to a rejected launcher; command is not retained.
owtf/data/conf/resources.cfg,1008,LaunchExploit_WINDOWS_MSSQL,bceacb3912f22adae577db262a9849b165aaaa44a3153b4f0ff6ffdce46b5e71,removed,Generic DoS/exploit launcher retired,docs/architecture/plugin-support-decisions.csv,Resource belongs to a rejected launcher; command is not retained.
owtf/data/conf/resources.cfg,1009,LaunchExploit_WINDOWS_MSSQL,222bccd6e9c5ead973c8dffef9d504feb329d6cd9a4497f5ff5fb5ef764310cc,removed,Generic DoS/exploit launcher retired,docs/architecture/plugin-support-decisions.csv,Resource belongs to a rejected launcher; command is not retained.
owtf/data/conf/resources.cfg,1010,LaunchExploit_WINDOWS_MSSQL,24ab68cb5b8b23ca514ef1e0cf5c2a51ca74a4f939cbd15ff0ca24fee0199fb7,removed,Generic DoS/exploit launcher retired,docs/architecture/plugin-support-decisions.csv,Resource belongs to a rejected launcher; command is not retained.
owtf/data/conf/resources.cfg,1011,LaunchExploit_WINDOWS_MYSQL,0f34f6dfee020746298f9c7e72657d6961a9b8b325afc03eedb2c807d6745703,removed,Generic DoS/exploit launcher retired,docs/architecture/plugin-support-decisions.csv,Resource belongs to a rejected launcher; command is not retained.
owtf/data/conf/resources.cfg,1012,LaunchExploit_WINDOWS_MYSQL,36c7a1cb780ec7b2b7bd0e08f74dd30581d901b5d65563f4b473ef3dc7c2cc94,removed,Generic DoS/exploit launcher retired,docs/architecture/plugin-support-decisions.csv,Resource belongs to a rejected launcher; command is not retained.
owtf/data/conf/resources.cfg,1013,LaunchExploit_WINDOWS_NFS,685d02448cfc886f6cbd29dbde6d91b3576bd25ed6688ccf5d60201b7997d48e,removed,Generic DoS/exploit launcher retired,docs/architecture/plugin-support-decisions.csv,Resource belongs to a rejected launcher; command is not retained.
owtf/data/conf/resources.cfg,1014,LaunchExploit_WINDOWS_NNTP,47f4341aa954ea3ce335ff3ac9537f5e58cd1955de11ef7f95a3b76e1c551a96,removed,Generic DoS/exploit launcher retired,docs/architecture/plugin-support-decisions.csv,Resource belongs to a rejected launcher; command is not retained.
owtf/data/conf/resources.cfg,1015,LaunchExploit_WINDOWS_NOVELL,2eb01f5a39151d20d6fe93e0c14cffffebac956077110bbda1bee87f5d39e84a,removed,Generic DoS/exploit launcher retired,docs/architecture/plugin-support-decisions.csv,Resource belongs to a rejected launcher; command is not retained.
owtf/data/conf/resources.cfg,1016,LaunchExploit_WINDOWS_NOVELL,b61ee34332153f2c0a6f99d73f7666b85d9ca0c275840b64b6c9eebeffce13a2,removed,Generic DoS/exploit launcher retired,docs/architecture/plugin-support-decisions.csv,Resource belongs to a rejected launcher; command is not retained.
owtf/data/conf/resources.cfg,1017,LaunchExploit_WINDOWS_NOVELL,73359315f928ba1e6ced0f23b7834f96afe38254dbb94b878f81bf076d6dcba3,removed,Generic DoS/exploit launcher retired,docs/architecture/plugin-support-decisions.csv,Resource belongs to a rejected launcher; command is not retained.
owtf/data/conf/resources.cfg,1018,LaunchExploit_WINDOWS_ORACLE,1b391d06b59a81aa3b3f8c6022ee7f5dd28dd15082d26be6f06af3311c54d222,removed,Generic DoS/exploit launcher retired,docs/architecture/plugin-support-decisions.csv,Resource belongs to a rejected launcher; command is not retained.
owtf/data/conf/resources.cfg,1019,LaunchExploit_WINDOWS_ORACLE,074f7b0f18343ae0a76cf81b420c087e6b66fecaae7709278addfcad0bfc1934,removed,Generic DoS/exploit launcher retired,docs/architecture/plugin-support-decisions.csv,Resource belongs to a rejected launcher; command is not retained.
owtf/data/conf/resources.cfg,1020,LaunchExploit_WINDOWS_ORACLE,6fe3b1878ed4150ed8892b1bfaae0aff20736d8ecd35f81db4095356217e996d,removed,Generic DoS/exploit launcher retired,docs/architecture/plugin-support-decisions.csv,Resource belongs to a rejected launcher; command is not retained.
owtf/data/conf/resources.cfg,1021,LaunchExploit_WINDOWS_ORACLE,e2fbea418de7b8ff4c88490a399e5234b6b07b234c4fabcb7965d9e89cf32aba,removed,Generic DoS/exploit launcher retired,docs/architecture/plugin-support-decisions.csv,Resource belongs to a rejected launcher; command is not retained.
owtf/data/conf/resources.cfg,1022,LaunchExploit_WINDOWS_POP3,48c2f435c5c4ee75fddf1528eb6988eeb706bb809d1f9c89bff9c72d870e6ec2,removed,Generic DoS/exploit launcher retired,docs/architecture/plugin-support-decisions.csv,Resource belongs to a rejected launcher; command is not retained.
owtf/data/conf/resources.cfg,1023,LaunchExploit_WINDOWS_POSTGRES,3cc3708c15d81fa7b3ad2647991cabcf3e05c09f3e72d4c72d873b4f07a52107,removed,Generic DoS/exploit launcher retired,docs/architecture/plugin-support-decisions.csv,Resource belongs to a rejected launcher; command is not retained.
owtf/data/conf/resources.cfg,1024,LaunchExploit_WINDOWS_PROXY,fa7a043a21a13bab9a6d1fbf9225958e6156291d38fcdbbc462a171c91032d45,removed,Generic DoS/exploit launcher retired,docs/architecture/plugin-support-decisions.csv,Resource belongs to a rejected launcher; command is not retained.
owtf/data/conf/resources.cfg,1025,LaunchExploit_WINDOWS_PROXY,2f4b21689dd5f4f85716d1e14418021000820184e63879764ef503201f4388cd,removed,Generic DoS/exploit launcher retired,docs/architecture/plugin-support-decisions.csv,Resource belongs to a rejected launcher; command is not retained.
owtf/data/conf/resources.cfg,1026,LaunchExploit_WINDOWS_PROXY,9f4b08ab31b6d8afb6fd5a989da02a0e7f98072ef81f3b2ce971f7a0fda97c77,removed,Generic DoS/exploit launcher retired,docs/architecture/plugin-support-decisions.csv,Resource belongs to a rejected launcher; command is not retained.
owtf/data/conf/resources.cfg,1027,LaunchExploit_WINDOWS_PROXY,5cd2a5349f94b985900c1d41db0e2d879cdc69f824859233f6f2378f5ed7f925,removed,Generic DoS/exploit launcher retired,docs/architecture/plugin-support-decisions.csv,Resource belongs to a rejected launcher; command is not retained.
owtf/data/conf/resources.cfg,1028,LaunchExploit_WINDOWS_SCADA,095555699cbddd2e7bc40ace561b8f0b39d2f9aa142ebd9443fa01fcfa3772ad,removed,Generic DoS/exploit launcher retired,docs/architecture/plugin-support-decisions.csv,Resource belongs to a rejected launcher; command is not retained.
owtf/data/conf/resources.cfg,1029,LaunchExploit_WINDOWS_SCADA,f13dc868e2465b99eb8ad4c3d675ffbf82d27f89a05cc5c165ce5550464c84f8,removed,Generic DoS/exploit launcher retired,docs/architecture/plugin-support-decisions.csv,Resource belongs to a rejected launcher; command is not retained.
owtf/data/conf/resources.cfg,1030,LaunchExploit_WINDOWS_SCADA,e9a4d4fe197d6cfd598c7c18ae3bf8c1882dacf5b5287f2f2d3f45b283ae5be9,removed,Generic DoS/exploit launcher retired,docs/architecture/plugin-support-decisions.csv,Resource belongs to a rejected launcher; command is not retained.
owtf/data/conf/resources.cfg,1031,LaunchExploit_WINDOWS_SCADA,0b09fc7a75ac118e3b36142de4142e7168409aa8f39aea58b6973db1a9e2ecd0,removed,Generic DoS/exploit launcher retired,docs/architecture/plugin-support-decisions.csv,Resource belongs to a rejected launcher; command is not retained.
owtf/data/conf/resources.cfg,1032,LaunchExploit_WINDOWS_SCADA,451f04c0a71c8f8a21965d853d3cba7de1f3b72205270f1a7b95ed9e5f35e395,removed,Generic DoS/exploit launcher retired,docs/architecture/plugin-support-decisions.csv,Resource belongs to a rejected launcher; command is not retained.
owtf/data/conf/resources.cfg,1033,LaunchExploit_WINDOWS_SCADA,b2c9cfefd6972ffb996a21b7d0d70c3f3c5ff3a5389ef6eeccb9f8324366ad9d,removed,Generic DoS/exploit launcher retired,docs/architecture/plugin-support-decisions.csv,Resource belongs to a rejected launcher; command is not retained.
owtf/data/conf/resources.cfg,1034,LaunchExploit_WINDOWS_SCADA,272fceb2d38b2e29bca8e24b8a91259f7e0c3178d54811b6f89841ad961576ef,removed,Generic DoS/exploit launcher retired,docs/architecture/plugin-support-decisions.csv,Resource belongs to a rejected launcher; command is not retained.
owtf/data/conf/resources.cfg,1035,LaunchExploit_WINDOWS_SCADA,1538dd2bf1434d6fae6512baafa45b403d1bc1b75e7981fe309b0219e7c2ef35,removed,Generic DoS/exploit launcher retired,docs/architecture/plugin-support-decisions.csv,Resource belongs to a rejected launcher; command is not retained.
owtf/data/conf/resources.cfg,1036,LaunchExploit_WINDOWS_SCADA,9535b0bb22ce1a160d3730144feffb30c69345b6d2a24da1e4429ab659ba9077,removed,Generic DoS/exploit launcher retired,docs/architecture/plugin-support-decisions.csv,Resource belongs to a rejected launcher; command is not retained.
owtf/data/conf/resources.cfg,1037,LaunchExploit_WINDOWS_SCADA,bd6802b3b9df2d4f83a52f618fab0d2d3cd5eb6743afb0bf3d2b2b06bcb9a846,removed,Generic DoS/exploit launcher retired,docs/architecture/plugin-support-decisions.csv,Resource belongs to a rejected launcher; command is not retained.
owtf/data/conf/resources.cfg,1038,LaunchExploit_WINDOWS_SCADA,23ef6fe6fcdf33ed6e2aaa2ce18fddb7295d709f57ef13ee69d196cde88add83,removed,Generic DoS/exploit launcher retired,docs/architecture/plugin-support-decisions.csv,Resource belongs to a rejected launcher; command is not retained.
owtf/data/conf/resources.cfg,1039,LaunchExploit_WINDOWS_SCADA,089b088f35a24a3ea08bc19fa8077ad15148b2c41c95614625b87c3c03a15507,removed,Generic DoS/exploit launcher retired,docs/architecture/plugin-support-decisions.csv,Resource belongs to a rejected launcher; command is not retained.
owtf/data/conf/resources.cfg,1040,LaunchExploit_WINDOWS_SCADA,a5e58b46f23ad7b146eb02c381ab306d559eeca60a862ff536d74d0f8c7f20c2,removed,Generic DoS/exploit launcher retired,docs/architecture/plugin-support-decisions.csv,Resource belongs to a rejected launcher; command is not retained.
owtf/data/conf/resources.cfg,1041,LaunchExploit_WINDOWS_SCADA,371aa401e047f9b300dd08a315efeb9b87263f4e653f138da57eacb965c4643e,removed,Generic DoS/exploit launcher retired,docs/architecture/plugin-support-decisions.csv,Resource belongs to a rejected launcher; command is not retained.
owtf/data/conf/resources.cfg,1042,LaunchExploit_WINDOWS_SCADA,035755d9d53538644e0dfd1a9927c0c1f90b09cc38f1e9d6721f99c0053dd1e9,removed,Generic DoS/exploit launcher retired,docs/architecture/plugin-support-decisions.csv,Resource belongs to a rejected launcher; command is not retained.
owtf/data/conf/resources.cfg,1043,LaunchExploit_WINDOWS_SCADA,2ee1d6d81e70689f4dc5751d6517108ae44fb5eae41728ec3641d50ea1c3f1ea,removed,Generic DoS/exploit launcher retired,docs/architecture/plugin-support-decisions.csv,Resource belongs to a rejected launcher; command is not retained.
owtf/data/conf/resources.cfg,1044,LaunchExploit_WINDOWS_SCADA,781b8df9666eeb64aa9802e32b658b59c1c4c3d926983f0a54aeaf4237da6481,removed,Generic DoS/exploit launcher retired,docs/architecture/plugin-support-decisions.csv,Resource belongs to a rejected launcher; command is not retained.
owtf/data/conf/resources.cfg,1045,LaunchExploit_WINDOWS_SCADA,41b5b45f5e6ddd0c8e91a7729fba8c7de3340d72106750af1897a069518931e3,removed,Generic DoS/exploit launcher retired,docs/architecture/plugin-support-decisions.csv,Resource belongs to a rejected launcher; command is not retained.
owtf/data/conf/resources.cfg,1046,LaunchExploit_WINDOWS_SCADA,34e1dc1d9a54fbdddbcba8da9d7eb7915c8ef4ba90f25556f3880a1c583466c2,removed,Generic DoS/exploit launcher retired,docs/architecture/plugin-support-decisions.csv,Resource belongs to a rejected launcher; command is not retained.
owtf/data/conf/resources.cfg,1047,LaunchExploit_WINDOWS_SCADA,2afda756d2e4f339acaaa65c45dfc99913b4aa56b97fefbfe58b54057e9efc2c,removed,Generic DoS/exploit launcher retired,docs/architecture/plugin-support-decisions.csv,Resource belongs to a rejected launcher; command is not retained.
owtf/data/conf/resources.cfg,1048,LaunchExploit_WINDOWS_SIP,a09ad24055d750e93f8b18914e38ca585a322e781e4df7bb4a14609df7ca7978,removed,Generic DoS/exploit launcher retired,docs/architecture/plugin-support-decisions.csv,Resource belongs to a rejected launcher; command is not retained.
owtf/data/conf/resources.cfg,1049,LaunchExploit_WINDOWS_SIP,d048f605b478a4f13bedac0efa0434456b7ca56e86f75c9653b1298e3d5f58c9,removed,Generic DoS/exploit launcher retired,docs/architecture/plugin-support-decisions.csv,Resource belongs to a rejected launcher; command is not retained.
owtf/data/conf/resources.cfg,1050,LaunchExploit_WINDOWS_SIP,833b72eff44cb52d25239f446d8589506d06c9557474411e686af3f9d8e81593,removed,Generic DoS/exploit launcher retired,docs/architecture/plugin-support-decisions.csv,Resource belongs to a rejected launcher; command is not retained.
owtf/data/conf/resources.cfg,1051,LaunchExploit_WINDOWS_SMB,e5bb3b1648eaa267eb3ed7056e28a7f5ad98e91f8e63957fbb48ddbcac2e9398,removed,Generic DoS/exploit launcher retired,docs/architecture/plugin-support-decisions.csv,Resource belongs to a rejected launcher; command is not retained.
owtf/data/conf/resources.cfg,1052,LaunchExploit_WINDOWS_SMB,35e6b79d9d2e8d72c098651b5b8019ec349bd44873e43796bfaafe31ff243012,removed,Generic DoS/exploit launcher retired,docs/architecture/plugin-support-decisions.csv,Resource belongs to a rejected launcher; command is not retained.
owtf/data/conf/resources.cfg,1053,LaunchExploit_WINDOWS_SMB,97f72429680a07c7604cecfb0a9522489de412394b8afc48711d93ee34523c01,removed,Generic DoS/exploit launcher retired,docs/architecture/plugin-support-decisions.csv,Resource belongs to a rejected launcher; command is not retained.
owtf/data/conf/resources.cfg,1054,LaunchExploit_WINDOWS_SMB,d00a9b884f5c32401bea69878559c77c3f0116bc8c1134e0e78be9e94ffe04c5,removed,Generic DoS/exploit launcher retired,docs/architecture/plugin-support-decisions.csv,Resource belongs to a rejected launcher; command is not retained.
owtf/data/conf/resources.cfg,1055,LaunchExploit_WINDOWS_SMB,5e9b2855a9029a52d7fc4a2eb2c22272ff98543c5be8410d6db37a25eaf4553d,removed,Generic DoS/exploit launcher retired,docs/architecture/plugin-support-decisions.csv,Resource belongs to a rejected launcher; command is not retained.
owtf/data/conf/resources.cfg,1056,LaunchExploit_WINDOWS_SMB,79e72f116f9c36fde4dca7df1df6b31ea14c6deee48bf45d6ade2ed376efc8c6,removed,Generic DoS/exploit launcher retired,docs/architecture/plugin-support-decisions.csv,Resource belongs to a rejected launcher; command is not retained.
owtf/data/conf/resources.cfg,1057,LaunchExploit_WINDOWS_SMB,3dc335ba12da390310d715f332a20319de175954097d393c2623916242af2d42,removed,Generic DoS/exploit launcher retired,docs/architecture/plugin-support-decisions.csv,Resource belongs to a rejected launcher; command is not retained.
owtf/data/conf/resources.cfg,1058,LaunchExploit_WINDOWS_SMB,bec215a6c4cb85df164ad2ea53bb6a5fc1fbc6070093f8fd8f0ee023ff75e033,removed,Generic DoS/exploit launcher retired,docs/architecture/plugin-support-decisions.csv,Resource belongs to a rejected launcher; command is not retained.
owtf/data/conf/resources.cfg,1059,LaunchExploit_WINDOWS_SMB,611434ea1ac1b17fcdac6a8e5d560104e1bfbef95d30b91d52e2b970965733c1,removed,Generic DoS/exploit launcher retired,docs/architecture/plugin-support-decisions.csv,Resource belongs to a rejected launcher; command is not retained.
owtf/data/conf/resources.cfg,1060,LaunchExploit_WINDOWS_SMB,6e0473dea0342a2f241b5d9ae86d1f5ceb2322a910a79b45009225d7c1abd045,removed,Generic DoS/exploit launcher retired,docs/architecture/plugin-support-decisions.csv,Resource belongs to a rejected launcher; command is not retained.
owtf/data/conf/resources.cfg,1061,LaunchExploit_WINDOWS_SMB,3afb411e881b657065945137f9d7abb01576696012238b512de2ebcb67b40588,removed,Generic DoS/exploit launcher retired,docs/architecture/plugin-support-decisions.csv,Resource belongs to a rejected launcher; command is not retained.
owtf/data/conf/resources.cfg,1062,LaunchExploit_WINDOWS_SMB,4fff936443c8e76aa5016b2e290a464877942863289a53481be6d868a25d8829,removed,Generic DoS/exploit launcher retired,docs/architecture/plugin-support-decisions.csv,Resource belongs to a rejected launcher; command is not retained.
owtf/data/conf/resources.cfg,1063,LaunchExploit_WINDOWS_SMB,a337fe36f063e1c782343fe212613bbcc9bc514aae8548230b2bfd05339ef351,removed,Generic DoS/exploit launcher retired,docs/architecture/plugin-support-decisions.csv,Resource belongs to a rejected launcher; command is not retained.
owtf/data/conf/resources.cfg,1064,LaunchExploit_WINDOWS_SMB,e25c8e5bd879bf02530cd3d7aa4901ad65b3b3719269f3201cc9d0d6f3366f65,removed,Generic DoS/exploit launcher retired,docs/architecture/plugin-support-decisions.csv,Resource belongs to a rejected launcher; command is not retained.
owtf/data/conf/resources.cfg,1065,LaunchExploit_WINDOWS_SMB,62e91796ce181352771b2f39798dd1d5222b82d7b9a54f1bd758075024085894,removed,Generic DoS/exploit launcher retired,docs/architecture/plugin-support-decisions.csv,Resource belongs to a rejected launcher; command is not retained.
owtf/data/conf/resources.cfg,1066,LaunchExploit_WINDOWS_SMB,f1371056381b0df76878b7c36981461eeb79b313cc5474a713fd6455b73a58b4,removed,Generic DoS/exploit launcher retired,docs/architecture/plugin-support-decisions.csv,Resource belongs to a rejected launcher; command is not retained.
owtf/data/conf/resources.cfg,1067,LaunchExploit_WINDOWS_SMB,f3170fe0132da62d16c6d69d76c6e7ed3750f8f27aa325dda863c2cf7416902b,removed,Generic DoS/exploit launcher retired,docs/architecture/plugin-support-decisions.csv,Resource belongs to a rejected launcher; command is not retained.
owtf/data/conf/resources.cfg,1068,LaunchExploit_WINDOWS_SMB,fb9993db121c776eaf06ed1a5414edf056a1a0590e21398f6828bc5fa29e21b7,removed,Generic DoS/exploit launcher retired,docs/architecture/plugin-support-decisions.csv,Resource belongs to a rejected launcher; command is not retained.
owtf/data/conf/resources.cfg,1069,LaunchExploit_WINDOWS_SMB,9ff5adaa0b1b475c6ac9e1fa44d298f13dbb0c829f202f248891452671d905d7,removed,Generic DoS/exploit launcher retired,docs/architecture/plugin-support-decisions.csv,Resource belongs to a rejected launcher; command is not retained.
owtf/data/conf/resources.cfg,1070,LaunchExploit_WINDOWS_SMTP,59ee90c84b3cde6c7e6898c1c0e3fa27148221368caa75570c0029c61a0afa6f,removed,Generic DoS/exploit launcher retired,docs/architecture/plugin-support-decisions.csv,Resource belongs to a rejected launcher; command is not retained.
owtf/data/conf/resources.cfg,1071,LaunchExploit_WINDOWS_SMTP,f65b2a7c47a1c6117710dec240b2747f515805cb280fc5fd067057a00ac0e5c1,removed,Generic DoS/exploit launcher retired,docs/architecture/plugin-support-decisions.csv,Resource belongs to a rejected launcher; command is not retained.
owtf/data/conf/resources.cfg,1072,LaunchExploit_WINDOWS_SMTP,2db414c6df8402461a34e9903079b29bed05f95c7f2162db66453c08e821c3a8,removed,Generic DoS/exploit launcher retired,docs/architecture/plugin-support-decisions.csv,Resource belongs to a rejected launcher; command is not retained.
owtf/data/conf/resources.cfg,1073,LaunchExploit_WINDOWS_SMTP,2601712ee751f424e07265512d1d6de76d2510379856993f1b36f5ee3ca46c09,removed,Generic DoS/exploit launcher retired,docs/architecture/plugin-support-decisions.csv,Resource belongs to a rejected launcher; command is not retained.
owtf/data/conf/resources.cfg,1074,LaunchExploit_WINDOWS_SMTP,ca509c5d85132a9c19dcfcef6df4531b36b8e80631e3c0d8c019c91533aa9942,removed,Generic DoS/exploit launcher retired,docs/architecture/plugin-support-decisions.csv,Resource belongs to a rejected launcher; command is not retained.
owtf/data/conf/resources.cfg,1075,LaunchExploit_WINDOWS_SMTP,e7057d7083878bffcaa68ad7a78d045b00a37fbd117dbb8d10da2f3fb56a223a,removed,Generic DoS/exploit launcher retired,docs/architecture/plugin-support-decisions.csv,Resource belongs to a rejected launcher; command is not retained.
owtf/data/conf/resources.cfg,1076,LaunchExploit_WINDOWS_SSH,7d28ee7c03cd0ec6a2009f173db9bdbedfd47735b0f9145cb616ec7a60c48a56,removed,Generic DoS/exploit launcher retired,docs/architecture/plugin-support-decisions.csv,Resource belongs to a rejected launcher; command is not retained.
owtf/data/conf/resources.cfg,1077,LaunchExploit_WINDOWS_SSH,8671e1f56c47fdaa029519031a3f1b64ee04e6d0109e720f347c17a0a49d31b0,removed,Generic DoS/exploit launcher retired,docs/architecture/plugin-support-decisions.csv,Resource belongs to a rejected launcher; command is not retained.
owtf/data/conf/resources.cfg,1078,LaunchExploit_WINDOWS_SSH,8bd919dd990d9da4a6b6b944ac27eb18cd5b64a39bbb4c5b70e817c8a843f464,removed,Generic DoS/exploit launcher retired,docs/architecture/plugin-support-decisions.csv,Resource belongs to a rejected launcher; command is not retained.
owtf/data/conf/resources.cfg,1079,LaunchExploit_WINDOWS_SSH,0a45e997671ef57a6bf261c0053ff020ba374163ce978dc8e71afd8dfaac4d25,removed,Generic DoS/exploit launcher retired,docs/architecture/plugin-support-decisions.csv,Resource belongs to a rejected launcher; command is not retained.
owtf/data/conf/resources.cfg,1080,LaunchExploit_WINDOWS_SSL,faa54f101bd3079af01fe12dceb395cabe9f540e8e957d70c091a064a8f9ce72,removed,Generic DoS/exploit launcher retired,docs/architecture/plugin-support-decisions.csv,Resource belongs to a rejected launcher; command is not retained.
owtf/data/conf/resources.cfg,1081,LaunchExploit_WINDOWS_TELNET,f60a1f9ee312e745dd6c2f85dd23103b8af14b747a17edc1a1827f9a5386d70d,removed,Generic DoS/exploit launcher retired,docs/architecture/plugin-support-decisions.csv,Resource belongs to a rejected launcher; command is not retained.
owtf/data/conf/resources.cfg,1082,LaunchExploit_WINDOWS_TELNET,80f5523f3779f33ac75523eeb7fe69ad1ad726048909e3781bfe945d3d257f1d,removed,Generic DoS/exploit launcher retired,docs/architecture/plugin-support-decisions.csv,Resource belongs to a rejected launcher; command is not retained.
owtf/data/conf/resources.cfg,1083,LaunchExploit_WINDOWS_TFTP,31f8b73cebb5c83462b97da18a9ddd06aa66b9e23fa2c44891b055a0ce3720d8,removed,Generic DoS/exploit launcher retired,docs/architecture/plugin-support-decisions.csv,Resource belongs to a rejected launcher; command is not retained.
owtf/data/conf/resources.cfg,1084,LaunchExploit_WINDOWS_TFTP,016e04412c172ce3599839b940e033003c358034590b6812b6479e69e152fce8,removed,Generic DoS/exploit launcher retired,docs/architecture/plugin-support-decisions.csv,Resource belongs to a rejected launcher; command is not retained.
owtf/data/conf/resources.cfg,1085,LaunchExploit_WINDOWS_TFTP,689c59b3614d9a7a0c14bf6cbd534b7a02a0706e84605acef7211ecb65d09e83,removed,Generic DoS/exploit launcher retired,docs/architecture/plugin-support-decisions.csv,Resource belongs to a rejected launcher; command is not retained.
owtf/data/conf/resources.cfg,1086,LaunchExploit_WINDOWS_TFTP,3afe61ab5e140b0df9eb7647f2c92f835ec96650f85058a8961d52270c4694a4,removed,Generic DoS/exploit launcher retired,docs/architecture/plugin-support-decisions.csv,Resource belongs to a rejected launcher; command is not retained.
owtf/data/conf/resources.cfg,1087,LaunchExploit_WINDOWS_TFTP,4dee7d52704eaa973551371887ecb1e144470e1b815411553587532566330071,removed,Generic DoS/exploit launcher retired,docs/architecture/plugin-support-decisions.csv,Resource belongs to a rejected launcher; command is not retained.
owtf/data/conf/resources.cfg,1088,LaunchExploit_WINDOWS_TFTP,7eb9515a0d6f741d89070c762a1d672889c433149021b361423035f4403b2742,removed,Generic DoS/exploit launcher retired,docs/architecture/plugin-support-decisions.csv,Resource belongs to a rejected launcher; command is not retained.
owtf/data/conf/resources.cfg,1089,LaunchExploit_WINDOWS_TFTP,c1a368e4c7318fb107bc8867d23d6d4f486e07798d764bc8cceed7a399c714e5,removed,Generic DoS/exploit launcher retired,docs/architecture/plugin-support-decisions.csv,Resource belongs to a rejected launcher; command is not retained.
owtf/data/conf/resources.cfg,1090,LaunchExploit_WINDOWS_UNICENTER,c480c47f20d8dd027f936e8773b844dfacbdb3351cbe6d99c1cfa3eb57af875f,removed,Generic DoS/exploit launcher retired,docs/architecture/plugin-support-decisions.csv,Resource belongs to a rejected launcher; command is not retained.
owtf/data/conf/resources.cfg,1091,LaunchExploit_WINDOWS_VNC,4bae28b1047cfd047b0928a6746fd47f36f79dc2ae2e51390270c52bef71fda9,removed,Generic DoS/exploit launcher retired,docs/architecture/plugin-support-decisions.csv,Resource belongs to a rejected launcher; command is not retained.
owtf/data/conf/resources.cfg,1092,LaunchExploit_WINDOWS_VNC,72d1b2ea98b5ad2a87627ff45afe9df976f46e3f4e6f32c2546505cdc6ba2fbe,removed,Generic DoS/exploit launcher retired,docs/architecture/plugin-support-decisions.csv,Resource belongs to a rejected launcher; command is not retained.
owtf/data/conf/resources.cfg,1093,LaunchExploit_WINDOWS_VNC,91f7ad058cc16ef38722032bf7de26f0e4dcbd78189e211e37aa55d713eab4b6,removed,Generic DoS/exploit launcher retired,docs/architecture/plugin-support-decisions.csv,Resource belongs to a rejected launcher; command is not retained.
owtf/data/conf/resources.cfg,1094,LaunchExploit_WINDOWS_VPN,0e4ddad53467bc977dd66fd019bedffc9eface612b904a235543978daafa5f44,removed,Generic DoS/exploit launcher retired,docs/architecture/plugin-support-decisions.csv,Resource belongs to a rejected launcher; command is not retained.
owtf/data/conf/resources.cfg,1095,LaunchExploit_WINDOWS_WINS,784b2ec872891a88c910cd10db64499576559b293e789ed7a72df3a024eaa236,removed,Generic DoS/exploit launcher retired,docs/architecture/plugin-support-decisions.csv,Resource belongs to a rejected launcher; command is not retained.
owtf/data/conf/resources.cfg,1096,SendPhishingAttackviaSET,468b97adebb66c3343d36b7fc45da7eb49b59e1ca49843bc593a252958f8c85a,removed,Retired remote-shell or phishing orchestration,docs/architecture/settings-decisions.md,Explicit product retirement: remote shell/SBD and SET/phishing lifecycles are outside OWTF. Trusted command plugins and SMTP probing remain supported.
owtf/data/conf/resources.cfg,1097,OpenSET,6a6a3ad0a7d038d86403df1fc8d7afb1ef1c8a24ac01854f49781040f6b0a6bc,removed,Retired remote-shell or phishing orchestration,docs/architecture/settings-decisions.md,Explicit product retirement: remote shell/SBD and SET/phishing lifecycles are outside OWTF. Trusted command plugins and SMTP probing remain supported.
owtf/data/conf/resources.cfg,1098,RCE_SSH_Connection,10967ee0a9743df14b18146ada73da1af3b43cb715a5be8f698d724912e1d140,removed,Retired remote-shell or phishing orchestration,docs/architecture/settings-decisions.md,Explicit product retirement: remote shell/SBD and SET/phishing lifecycles are outside OWTF. Trusted command plugins and SMTP probing remain supported.
owtf/data/conf/resources.cfg,1099,RCE_SBD_Connection,a7168290d4793c2e6d6cfacd62f552a4b72d4dfb7a28bc1d6812277c4ca1c25c,removed,Retired remote-shell or phishing orchestration,docs/architecture/settings-decisions.md,Explicit product retirement: remote shell/SBD and SET/phishing lifecycles are outside OWTF. Trusted command plugins and SMTP probing remain supported.
owtf/data/conf/resources.cfg,1100,ExternalCommandInjection,2e2e3edc2d3dafdb9bcec2902ea82324e56885b700f342775f8ab30864c59cee,partial,Curated external technique guidance,internal/plugin/external.go; plugins/web/,External-reference runtime exists; preservation and current validity of this specific legacy link are not established.
owtf/data/conf/resources.cfg,1101,ExternalCORS,9e86983b508f7df62d7efa59500c38721056a338ec864a0bea7ea9f0565ec5d7,partial,Curated external technique guidance,internal/plugin/external.go; plugins/web/,External-reference runtime exists; preservation and current validity of this specific legacy link are not established.
owtf/data/conf/resources.cfg,1102,ExternalCORS,4870b7ce9d74e7d38df78bd48a95314414a932e6effd8f03bbb9ad04216a7ca0,partial,Curated external technique guidance,internal/plugin/external.go; plugins/web/,External-reference runtime exists; preservation and current validity of this specific legacy link are not established.
owtf/data/conf/resources.cfg,1103,ExternalCORS,5af3125b8d63f24ad423faa4f25a8a57f42069113d386ce049abdb362294a64d,partial,Curated external technique guidance,internal/plugin/external.go; plugins/web/,External-reference runtime exists; preservation and current validity of this specific legacy link are not established.
owtf/data/conf/resources.cfg,1104,ExternalCORS,78e0608640b23dc2b03b31c389cc953b1f959fcac3791085762b84c95d31fbfc,partial,Curated external technique guidance,internal/plugin/external.go; plugins/web/,External-reference runtime exists; preservation and current validity of this specific legacy link are not established.
owtf/data/conf/resources.cfg,1105,ExternalCookiesAttributes,2007ad6f4319cfc2d77115e4cdc29b99c0ced0f64003a40898b664e3c58c16b3,partial,Curated external technique guidance,internal/plugin/external.go; plugins/web/,External-reference runtime exists; preservation and current validity of this specific legacy link are not established.
owtf/data/conf/resources.cfg,1106,ExternalCookiesAttributes,466b0ccad4268fcf695473ef29c582590d9b25288ec264b85786fa6d46438356,partial,Curated external technique guidance,internal/plugin/external.go; plugins/web/,External-reference runtime exists; preservation and current validity of this specific legacy link are not established.
owtf/data/conf/resources.cfg,1107,ExternalCrossSiteFlashing,4b3d571f8c610845d9d0c7fab13d869a8465201e7f992d4860512a3755958961,partial,Curated external technique guidance,internal/plugin/external.go; plugins/web/,External-reference runtime exists; preservation and current validity of this specific legacy link are not established.
owtf/data/conf/resources.cfg,1108,ExternalCrossSiteFlashing,0a789171c5517f7b29db296bf577f3d1af0a9319ce7a4b88d899ce89a1a95378,partial,Curated external technique guidance,internal/plugin/external.go; plugins/web/,External-reference runtime exists; preservation and current validity of this specific legacy link are not established.
owtf/data/conf/resources.cfg,1109,ExternalCrossSiteFlashing,7160844da00879a5d25a37ebf119b83f70b1297e6c9b8f222c49de944351a1c6,partial,Curated external technique guidance,internal/plugin/external.go; plugins/web/,External-reference runtime exists; preservation and current validity of this specific legacy link are not established.
owtf/data/conf/resources.cfg,1110,ExternalCrossSiteFlashing,90aa4e5b89f94f6251c0bad1948d912c2c324d7f9a4a33595d3298b22453cf87,partial,Curated external technique guidance,internal/plugin/external.go; plugins/web/,External-reference runtime exists; preservation and current validity of this specific legacy link are not established.
owtf/data/conf/resources.cfg,1111,ExternalCrossSiteFlashing,3bd9f0d847ce6f4d034eeff5c0adeb5193dd131f0da804367cc970775d7b56b4,partial,Curated external technique guidance,internal/plugin/external.go; plugins/web/,External-reference runtime exists; preservation and current validity of this specific legacy link are not established.
owtf/data/conf/resources.cfg,1112,ExternalCrossSiteFlashing,23e400762d2cb41f2deec9313f4d958315de02ea23fca41013e0b1366da2ac8e,partial,Curated external technique guidance,internal/plugin/external.go; plugins/web/,External-reference runtime exists; preservation and current validity of this specific legacy link are not established.
owtf/data/conf/resources.cfg,1113,ExternalCrossSiteFlashing,311c380f9020e392feeec95d7df7e394d5b904e93e47caeb9f74c0517d012639,partial,Curated external technique guidance,internal/plugin/external.go; plugins/web/,External-reference runtime exists; preservation and current validity of this specific legacy link are not established.
owtf/data/conf/resources.cfg,1114,ExternalCrossSiteFlashing,4b9449845143f6e66eecce207e4a67c1702366f034ae3e282416114f0341a493,partial,Curated external technique guidance,internal/plugin/external.go; plugins/web/,External-reference runtime exists; preservation and current validity of this specific legacy link are not established.
owtf/data/conf/resources.cfg,1115,ExternalCrossSiteFlashing,5c6cd9bc54f2caac772d5d7a5b211b97383cca1d9d15c32486204734ca9bd3de,partial,Curated external technique guidance,internal/plugin/external.go; plugins/web/,External-reference runtime exists; preservation and current validity of this specific legacy link are not established.
owtf/data/conf/resources.cfg,1116,ExternalCrossSiteFlashing,b39a3b693d64f1bffeb1470d143b0c612b118e1e21b854ec39e86685a5cd3d90,partial,Curated external technique guidance,internal/plugin/external.go; plugins/web/,External-reference runtime exists; preservation and current validity of this specific legacy link are not established.
owtf/data/conf/resources.cfg,1117,ExternalCrossSiteFlashing,d53985750b206a9158a9c1b720127fe2cc5e6a174580cf3b0de7773579bf3bdb,partial,Curated external technique guidance,internal/plugin/external.go; plugins/web/,External-reference runtime exists; preservation and current validity of this specific legacy link are not established.
owtf/data/conf/resources.cfg,1118,ExternalCrossSiteFlashing,e178477fb860ee414384ea3dd98894d8fb7c481ba684073e2775a1cd85c740f8,partial,Curated external technique guidance,internal/plugin/external.go; plugins/web/,External-reference runtime exists; preservation and current validity of this specific legacy link are not established.
owtf/data/conf/resources.cfg,1119,ExternalXMLInjection,861036fe3ab178c2bc6b7f3dafbe6c3ecb41ad2d495c950b609722fdd9de849c,partial,Curated external technique guidance,internal/plugin/external.go; plugins/web/,External-reference runtime exists; preservation and current validity of this specific legacy link are not established.
owtf/data/conf/resources.cfg,1120,ExternalXMLInjection,9990826be1a1ea778391776d8d7b027b123e6a4c5b8982cc9509caebf5eef483,partial,Curated external technique guidance,internal/plugin/external.go; plugins/web/,External-reference runtime exists; preservation and current validity of this specific legacy link are not established.
owtf/data/conf/resources.cfg,1121,ExternalCrossSiteScripting,045013fdd18b21ecdaf4a50ed032e0f6419bf4feaee5e42aae46f7165d8bb34b,partial,Curated external technique guidance,internal/plugin/external.go; plugins/web/,External-reference runtime exists; preservation and current validity of this specific legacy link are not established.
owtf/data/conf/resources.cfg,1122,ExternalCrossSiteScripting,5c56e642c277f100ff2e153890f781134d8280fe79d35ee3a526e2714bcd2eef,partial,Curated external technique guidance,internal/plugin/external.go; plugins/web/,External-reference runtime exists; preservation and current validity of this specific legacy link are not established.
owtf/data/conf/resources.cfg,1123,ExternalCrossSiteScripting,63b7113f35050cc06be7f5152d7399f53eba81419efe65f9f5f00ec8f20208c1,partial,Curated external technique guidance,internal/plugin/external.go; plugins/web/,External-reference runtime exists; preservation and current validity of this specific legacy link are not established.
owtf/data/conf/resources.cfg,1124,ExternalCrossSiteScripting,fa60c92ac7f28a461fa7850584fc97a45385c2778ae6d7880c233a8793c8c3bc,partial,Curated external technique guidance,internal/plugin/external.go; plugins/web/,External-reference runtime exists; preservation and current validity of this specific legacy link are not established.
owtf/data/conf/resources.cfg,1125,ExternalCrossSiteScripting,9566950914c91c17894ac8718244c3f99c45bbe58c833baa7895344ccb71396e,partial,Curated external technique guidance,internal/plugin/external.go; plugins/web/,External-reference runtime exists; preservation and current validity of this specific legacy link are not established.
owtf/data/conf/resources.cfg,1126,ExternalCrossSiteScripting,be60fa9c943927db5ec8488806db33e72ee192452c01776309985cf62ebefb1c,partial,Curated external technique guidance,internal/plugin/external.go; plugins/web/,External-reference runtime exists; preservation and current validity of this specific legacy link are not established.
owtf/data/conf/resources.cfg,1127,ExternalCrossSiteScripting,f5429b8306fbead3880cf08644a9e9fb9b66f1bb3b9c63df72f782b908233fdb,partial,Curated external technique guidance,internal/plugin/external.go; plugins/web/,External-reference runtime exists; preservation and current validity of this specific legacy link are not established.
owtf/data/conf/resources.cfg,1128,ExternalCrossSiteScripting,fc81d478d4d03cb3db8b46432fe6629058ebeb46fdc455c6475899f1e3ef7442,partial,Curated external technique guidance,internal/plugin/external.go; plugins/web/,External-reference runtime exists; preservation and current validity of this specific legacy link are not established.
owtf/data/conf/resources.cfg,1129,ExternalCrossSiteScripting,6f2132a4080ffe4c1b993327ea07d145b3df2e9cb163f9408e71836147144f8d,partial,Curated external technique guidance,internal/plugin/external.go; plugins/web/,External-reference runtime exists; preservation and current validity of this specific legacy link are not established.
owtf/data/conf/resources.cfg,1130,ExternalCrossSiteScripting,fcf88243575607f3f58f265d2cfc975d2eeba18214c7b6463947c73879f95eb9,partial,Curated external technique guidance,internal/plugin/external.go; plugins/web/,External-reference runtime exists; preservation and current validity of this specific legacy link are not established.
owtf/data/conf/resources.cfg,1131,ExternalCrossSiteScripting,34c8ba82799e8a3156f3eed8ca1c701b97deab870801d1c5989e2cf7fac70d8f,partial,Curated external technique guidance,internal/plugin/external.go; plugins/web/,External-reference runtime exists; preservation and current validity of this specific legacy link are not established.
owtf/data/conf/resources.cfg,1132,ExternalCrossSiteScripting,eb4faa7482e1985998b7fdf2e7877468489497228de8eec95924be30549c244f,partial,Curated external technique guidance,internal/plugin/external.go; plugins/web/,External-reference runtime exists; preservation and current validity of this specific legacy link are not established.
owtf/data/conf/resources.cfg,1133,ExternalCSRF,9dc36a5ec9947970fcfd6dd65090a260ac176672acd9c432511f60001e03b43a,partial,Curated external technique guidance,internal/plugin/external.go; plugins/web/,External-reference runtime exists; preservation and current validity of this specific legacy link are not established.
owtf/data/conf/resources.cfg,1134,ExternalCSRF,fd7ee7daf1a8dd9b40b9c6e0b22d473541aea8e7b4d4820f788ad22844f014f8,partial,Curated external technique guidance,internal/plugin/external.go; plugins/web/,External-reference runtime exists; preservation and current validity of this specific legacy link are not established.
owtf/data/conf/resources.cfg,1135,ExternalCSRF,719b2d5faeb05261bf6b7dea7fc195793bb9108622e38095294b56fcce98e41c,partial,Curated external technique guidance,internal/plugin/external.go; plugins/web/,External-reference runtime exists; preservation and current validity of this specific legacy link are not established.
owtf/data/conf/resources.cfg,1136,ExternalCAPTCHA,72b5da61b03293a38fac5290a02aed2ccdabd1d9f5f92fb5c7ae38beb253ddfa,partial,Curated external technique guidance,internal/plugin/external.go; plugins/web/,External-reference runtime exists; preservation and current validity of this specific legacy link are not established.
owtf/data/conf/resources.cfg,1137,ExternalCAPTCHA,428dd176ff82280102f49e9f562918ca4f3c7c2b503747a44977c29fe9953774,partial,Curated external technique guidance,internal/plugin/external.go; plugins/web/,External-reference runtime exists; preservation and current validity of this specific legacy link are not established.
owtf/data/conf/resources.cfg,1138,ExternalSessionManagement,eacdd2520f03ad858b04f929b2f838fd0262e90ac14ceaf162c0074075249343,partial,Curated external technique guidance,internal/plugin/external.go; plugins/web/,External-reference runtime exists; preservation and current validity of this specific legacy link are not established.
owtf/data/conf/resources.cfg,1139,ExternalSessionManagement,92ff4589bcba7b6874eb5764302c18c7ca2f21a8c6cd76fde8e3260c9ac00909,partial,Curated external technique guidance,internal/plugin/external.go; plugins/web/,External-reference runtime exists; preservation and current validity of this specific legacy link are not established.
owtf/data/conf/resources.cfg,1140,ExternalSessionManagement,1ea4704e30ab9f7136cca4f342cd912e96a9e2702edceccc88f9f1444b0d4551,partial,Curated external technique guidance,internal/plugin/external.go; plugins/web/,External-reference runtime exists; preservation and current validity of this specific legacy link are not established.
owtf/data/conf/resources.cfg,1141,ExternalSessionManagement,1ea2cc20ef7a22ca068c33e52d75615dbccb7accebe5d0ede46c92c2906fde33,partial,Curated external technique guidance,internal/plugin/external.go; plugins/web/,External-reference runtime exists; preservation and current validity of this specific legacy link are not established.
owtf/data/conf/resources.cfg,1142,ExternalSSIInjection,7763bf3a5dd67cd1069d7184d5d64ad2e78d346bca20ff73be0095efa0579b89,partial,Curated external technique guidance,internal/plugin/external.go; plugins/web/,External-reference runtime exists; preservation and current validity of this specific legacy link are not established.
owtf/data/conf/resources.cfg,1143,ExternalClickjacking,3372981ce9b27086dce65c5cca803aed7362a0d2446f7cd9f8a7c203e26a1d3b,partial,Curated external technique guidance,internal/plugin/external.go; plugins/web/,External-reference runtime exists; preservation and current validity of this specific legacy link are not established.
owtf/data/conf/resources.cfg,1144,ExternalClickjacking,42c73e00d8d96f126ce089e3157963bd7ffdd69b09a0ec975334e44d6d0b7ebc,partial,Curated external technique guidance,internal/plugin/external.go; plugins/web/,External-reference runtime exists; preservation and current validity of this specific legacy link are not established.
owtf/data/conf/resources.cfg,1145,ExternalClickjacking,ba413e7855be9ff665109494fd3cfa6854efd9015566540ee15e6de7365cb4f6,partial,Curated external technique guidance,internal/plugin/external.go; plugins/web/,External-reference runtime exists; preservation and current validity of this specific legacy link are not established.
owtf/data/conf/resources.cfg,1146,ExternalClickjacking,1afcfd227216a4de99228c4fe339ff00570824a1280275c29d2d8e929a38ec71,partial,Curated external technique guidance,internal/plugin/external.go; plugins/web/,External-reference runtime exists; preservation and current validity of this specific legacy link are not established.
owtf/data/conf/resources.cfg,1147,ExternalSSIInjection,a55c573fb16e3d14fefe234763b38c574dcb25fc04d829aa21356ae0e9c0d8d8,partial,Curated external technique guidance,internal/plugin/external.go; plugins/web/,External-reference runtime exists; preservation and current validity of this specific legacy link are not established.
owtf/data/conf/resources.cfg,1148,ExternalAdminInterfaces,84a14e1e260215f8baa3fe875af97822e7fd6c5c958b01afa384374746559e39,partial,Curated external technique guidance,internal/plugin/external.go; plugins/web/,External-reference runtime exists; preservation and current validity of this specific legacy link are not established.
owtf/data/conf/resources.cfg,1149,ExternalSQLi,743345ca4918e3e8d57931fbfe07fa1b11713acaf54fdf452ae9be71add1bfb4,partial,Curated external technique guidance,internal/plugin/external.go; plugins/web/,External-reference runtime exists; preservation and current validity of this specific legacy link are not established.
owtf/data/conf/resources.cfg,1150,ExternalSQLi,845478fc51d7c0405764b2fd6d1be09e903426c400076ff5d1c6c674945f5792,partial,Curated external technique guidance,internal/plugin/external.go; plugins/web/,External-reference runtime exists; preservation and current validity of this specific legacy link are not established.
owtf/data/conf/resources.cfg,1151,ExternalSQLi,075c890679f7c82b91f200720a4982ecfa66a388c52a1cb1c9b9262681ba1bd9,partial,Curated external technique guidance,internal/plugin/external.go; plugins/web/,External-reference runtime exists; preservation and current validity of this specific legacy link are not established.
owtf/data/conf/resources.cfg,1152,ExternalSQLi,39e379ec571a2e0cc6f50a974c9cebee339d7d0001113973bbc75bffdff804b0,partial,Curated external technique guidance,internal/plugin/external.go; plugins/web/,External-reference runtime exists; preservation and current validity of this specific legacy link are not established.
owtf/data/conf/resources.cfg,1153,ExternalSQLi,bb11fd3218a5841f96b745c7a0419c4c6d74f4cd1f64694eef2b6aae691b552f,partial,Curated external technique guidance,internal/plugin/external.go; plugins/web/,External-reference runtime exists; preservation and current validity of this specific legacy link are not established.
owtf/data/conf/resources.cfg,1154,ExternalFileExtHandling,53f7347f9f1efb49af46336047693edd3adaa827c1c1be40214759844da150f0,partial,Curated external technique guidance,internal/plugin/external.go; plugins/web/,External-reference runtime exists; preservation and current validity of this specific legacy link are not established.
owtf/data/conf/resources.cfg,1155,ExternalFileExtHandling,87f4ccd1af42680cd8649a7f14a96bcf7025bb0eb36a7464bfc784f828d06f46,partial,Curated external technique guidance,internal/plugin/external.go; plugins/web/,External-reference runtime exists; preservation and current validity of this specific legacy link are not established.
owtf/data/conf/resources.cfg,1156,ExternalBypassingAuthenticationSchema,0ce34a1794e6290fa369ee78edb4d12874929d7151d8efff3c188f79c9b35243,partial,Curated external technique guidance,internal/plugin/external.go; plugins/web/,External-reference runtime exists; preservation and current validity of this specific legacy link are not established.
owtf/data/conf/resources.cfg,1157,ExternalBypassingAuthenticationSchema,7c3c10a02f1c5a9c5c237f8016b952e89250cbe423875618e03c8fde5f7b1206,partial,Curated external technique guidance,internal/plugin/external.go; plugins/web/,External-reference runtime exists; preservation and current validity of this specific legacy link are not established.
owtf/data/conf/resources.cfg,1158,ExternalBypassingAuthenticationSchema,7e7e220899b31e65ea0d78dbb187fff7558e7f6009408234f42d35d7a96d8465,partial,Curated external technique guidance,internal/plugin/external.go; plugins/web/,External-reference runtime exists; preservation and current validity of this specific legacy link are not established.
owtf/data/conf/resources.cfg,1159,ExternalBypassingAuthenticationSchema,99f87058e35f013821d5799ca6afd36109a61d66ca2b490f5b5b238803b3a8db,partial,Curated external technique guidance,internal/plugin/external.go; plugins/web/,External-reference runtime exists; preservation and current validity of this specific legacy link are not established.
owtf/data/conf/resources.cfg,1160,ExternalBypassingAuthenticationSchema,765311cec5d604e29ff60495a98b12652a9a6e915be988379f42ad49b00bc0b4,partial,Curated external technique guidance,internal/plugin/external.go; plugins/web/,External-reference runtime exists; preservation and current validity of this specific legacy link are not established.
owtf/data/conf/resources.cfg,1161,ExternalBypassingAuthorisationSchema,a8ef65dbcd137cbf199ba48100a8015ae1910b17a7f26acf999dd29db75807e7,partial,Curated external technique guidance,internal/plugin/external.go; plugins/web/,External-reference runtime exists; preservation and current validity of this specific legacy link are not established.
owtf/data/conf/resources.cfg,1162,ExternalDefaultGuessableUserAccount,fd99b7602cd33fa9946314a8b7b6a7b50c4a87656f33dac9c5ab8f153eddcfb9,partial,Curated external technique guidance,internal/plugin/external.go; plugins/web/,External-reference runtime exists; preservation and current validity of this specific legacy link are not established.
owtf/data/conf/resources.cfg,1163,ExternalWebServices,4b4c6aea9ee084b94321c8c04d0f860d1ff9e6c93aa7f2431957b2150b4788a8,partial,Curated external technique guidance,internal/plugin/external.go; plugins/web/,External-reference runtime exists; preservation and current validity of this specific legacy link are not established.
owtf/data/conf/resources.cfg,1164,ExternalWebServices,7f7c73c074cc1c236679dee87adcc8b61ff09ee2a72a55f76d95c8bb125ea717,partial,Curated external technique guidance,internal/plugin/external.go; plugins/web/,External-reference runtime exists; preservation and current validity of this specific legacy link are not established.
owtf/data/conf/resources.cfg,1165,ExternalWebServices,2ba9c3e62e706a1deca0a468a1e95ff9c7f1b1758bdb3d6a634a864c42c21655,partial,Curated external technique guidance,internal/plugin/external.go; plugins/web/,External-reference runtime exists; preservation and current validity of this specific legacy link are not established.
owtf/data/conf/resources.cfg,1166,ExternalSSL,f017ac6117c570a1625a6d21e6fad2ba706522ee9931a62fdd6b2bca83ff7905,partial,Curated external technique guidance,internal/plugin/external.go; plugins/web/,External-reference runtime exists; preservation and current validity of this specific legacy link are not established.
owtf/data/conf/resources.cfg,1167,ExternalErrorCodes,81ed0e01f56be7c9b2b75c81a17f99b261271aafe2b1059075ec5f8bb11c1273,partial,Curated external technique guidance,internal/plugin/external.go; plugins/web/,External-reference runtime exists; preservation and current validity of this specific legacy link are not established.
owtf/data/conf/resources.cfg,1168,ExternalRememberPasswordAndReset,ebdabf3619ef7faecfad0b154f826cf206d896cafd4bc2dc9d43608ed6afcf01,partial,Curated external technique guidance,internal/plugin/external.go; plugins/web/,External-reference runtime exists; preservation and current validity of this specific legacy link are not established.
owtf/data/conf/resources.cfg,1169,ExternalRememberPasswordAndReset,9e49eb7c54001f3ae4fc6b784147e4cf0adafde755a258c4d2049ca3fec5f933,partial,Curated external technique guidance,internal/plugin/external.go; plugins/web/,External-reference runtime exists; preservation and current validity of this specific legacy link are not established.
owtf/data/conf/resources.cfg,1170,ExternalCredentialsTransport,66cb7f3131a4781abbb6c18f130aef1b0e9ca2586eacf46250eddd83c361557d,partial,Curated external technique guidance,internal/plugin/external.go; plugins/web/,External-reference runtime exists; preservation and current validity of this specific legacy link are not established.
owtf/data/conf/resources.cfg,1171,ExternalCredentialsTransport,c0f745451e29bbf30b516a689915c1317584b3b3db50a7ad4516fe6ea1efcf3c,partial,Curated external technique guidance,internal/plugin/external.go; plugins/web/,External-reference runtime exists; preservation and current validity of this specific legacy link are not established.
owtf/data/conf/resources.cfg,1172,ExternalCredentialsTransport,05a2bc8bc55a11e51f72d6511276f18b24751eefc1bcdab36cfcfa55950726fd,partial,Curated external technique guidance,internal/plugin/external.go; plugins/web/,External-reference runtime exists; preservation and current validity of this specific legacy link are not established.
owtf/data/conf/resources.cfg,1173,ExternalWebAppFingerprint,c93e55d8451fd431963238947fd1679fa90bfcde03a3c2535633bdb3a3395c53,partial,Curated external technique guidance,internal/plugin/external.go; plugins/web/,External-reference runtime exists; preservation and current validity of this specific legacy link are not established.
owtf/data/conf/resources.cfg,1174,FtpProbeMethods,652daa746c827433d8b17af290d96d6c75adc609676cd53f309d0e2bf827915e,partial,Retained technique replacement,plugins/network/PTES-001/active/plugin.yaml,Current technique exists; this individual legacy command and its options/output are not a proven one-to-one port.
owtf/data/conf/resources.cfg,1175,FtpProbeMethods,3c70f9072e5e94b313bc60195ffa11713b8ab01d8d35c5ab78d381202a2d4557,partial,Retained technique replacement,plugins/network/PTES-001/active/plugin.yaml,Current technique exists; this individual legacy command and its options/output are not a proven one-to-one port.
owtf/data/conf/resources.cfg,1176,BruteFtpProbeMethods,05b7c5e29cfa6578b2c86977ec9bb7ec48ae5e9c54a5f06a483f61e9032a20a0,deferred,Credential attack work,docs/architecture/plugin-support-decisions.csv,Credential/community brute-force resources remain deferred.
owtf/data/conf/resources.cfg,1177,SmtpProbeMethods,debe198d908fc6bda47ca118fbae205d57a62a6d3c58de6dca8c04cb0409f92c,partial,Retained technique replacement,plugins/network/PTES-002/active/plugin.yaml,Current technique exists; this individual legacy command and its options/output are not a proven one-to-one port.
owtf/data/conf/resources.cfg,1178,SmtpProbeMethods,d4bb40b42a07211fc41db688554aa083e2bc08372c60a370fb85255f21e61c13,partial,Retained technique replacement,plugins/network/PTES-002/active/plugin.yaml,Current technique exists; this individual legacy command and its options/output are not a proven one-to-one port.
owtf/data/conf/resources.cfg,1179,SmtpProbeMethods,dcb8d4132537d3dffdb7d9f5cde251127e8b8f187106e381343c7df3db827dbc,partial,Retained technique replacement,plugins/network/PTES-002/active/plugin.yaml,Current technique exists; this individual legacy command and its options/output are not a proven one-to-one port.
owtf/data/conf/resources.cfg,1180,BruteVncProbeMethods,9de9e8c3fdf5aad3c196bc877480d8333148d1ab4ff6a33d803c20523c60a592,deferred,Credential attack work,docs/architecture/plugin-support-decisions.csv,Credential/community brute-force resources remain deferred.
owtf/data/conf/resources.cfg,1181,VncProbeMethods,f1fb4f11e98a33ece414aae6f2c52c0708d4eb25f3589e8d644323ab8c0fd303,partial,Retained technique replacement,plugins/network/PTES-003/active/plugin.yaml,Current technique exists; this individual legacy command and its options/output are not a proven one-to-one port.
owtf/data/conf/resources.cfg,1182,X11ProbeMethods,9046e0a035e45b7ff9d8f8b0f3796240d358abcf425df392f4e10ed10c08d368,partial,Retained technique replacement,plugins/network/PTES-004/active/plugin.yaml,Current technique exists; this individual legacy command and its options/output are not a proven one-to-one port.
owtf/data/conf/resources.cfg,1183,EmcProbeMethods,1a3bfce9bc9a97f400d8c3b7e4cc86d1505c15ba01c7b60ec550011609e07858,removed,EMC probe retired,docs/architecture/plugin-support-decisions.csv,AlphaStor resource belongs to a rejected probe.
owtf/data/conf/resources.cfg,1184,EmcProbeMethods,ab719ec0009f204444e4634e349180ed52b50456ef64f184fcf0cea193c0bd76,removed,EMC probe retired,docs/architecture/plugin-support-decisions.csv,AlphaStor resource belongs to a rejected probe.
owtf/data/conf/resources.cfg,1185,MsSqlProbeMethods,223062c0d3b42912b152959c3372dde27f81f0704f18e8933f6aa5ce62362fbd,partial,Retained technique replacement,plugins/network/PTES-006/active/plugin.yaml,Current technique exists; this individual legacy command and its options/output are not a proven one-to-one port.
owtf/data/conf/resources.cfg,1186,BruteMsSqlProbeMethods,7ebaa5a75917c258cd5b89b14e7b642c7b15fb480a71221215f79eb98a42c5e9,deferred,Credential attack work,docs/architecture/plugin-support-decisions.csv,Credential/community brute-force resources remain deferred.
owtf/data/conf/resources.cfg,1187,MsSqlProbeMethods,be4ecba4088e44243d5ed20075840b4b19eed64704dfac10640885b25a02ef79,partial,Retained technique replacement,plugins/network/PTES-006/active/plugin.yaml,Current technique exists; this individual legacy command and its options/output are not a proven one-to-one port.
owtf/data/conf/resources.cfg,1188,MsSqlProbeMethods,c438824b8cb12a351e4d4b77d39eeb345427268e66f34d37ebd42c37569ffa2b,partial,Retained technique replacement,plugins/network/PTES-006/active/plugin.yaml,Current technique exists; this individual legacy command and its options/output are not a proven one-to-one port.
owtf/data/conf/resources.cfg,1189,MsRpcProbeMethods,f47f8a2b14c838eea3ef8404050ec8b5f9ae8b8f2349625d24c301df4f764901,partial,Retained technique replacement,plugins/network/PTES-007/active/plugin.yaml,Current technique exists; this individual legacy command and its options/output are not a proven one-to-one port.
owtf/data/conf/resources.cfg,1190,MsRpcProbeMethods,1ebe2c0cd62ff1df69b543567f6e932b0a851b4070e9f9d597ff6d3f86ddbb5f,partial,Retained technique replacement,plugins/network/PTES-007/active/plugin.yaml,Current technique exists; this individual legacy command and its options/output are not a proven one-to-one port.
owtf/data/conf/resources.cfg,1191,HttpRpcProbeMethods,f8f31096baac26b3143c7541435e98f396b3737353dca5137e0d9d601cf07581,partial,Retained technique replacement,plugins/network/PTES-008/active/plugin.yaml,Current technique exists; this individual legacy command and its options/output are not a proven one-to-one port.
owtf/data/conf/resources.cfg,1192,SmbProbeMethods,444bf2fc3b524b147ca54a37fc4ce64527d9e2fb3a785a02fa7a3ceeed723013,partial,Retained technique replacement,plugins/network/PTES-009/active/plugin.yaml,Current technique exists; this individual legacy command and its options/output are not a proven one-to-one port.
owtf/data/conf/resources.cfg,1193,SmbProbeMethods,c844f820f240d0059b037c04b34e5e8351f19c4880a48bbb7f8aca86920c9e5a,partial,Retained technique replacement,plugins/network/PTES-009/active/plugin.yaml,Current technique exists; this individual legacy command and its options/output are not a proven one-to-one port.
owtf/data/conf/resources.cfg,1194,SmbProbeMethods,bff759e6dca1681fca417b0a273279f009e0b8cda801f104938747a62f125c1b,partial,Retained technique replacement,plugins/network/PTES-009/active/plugin.yaml,Current technique exists; this individual legacy command and its options/output are not a proven one-to-one port.
owtf/data/conf/resources.cfg,1195,SmbProbeMethods,cecf63e40a574c0cfa0f12a48a5e9bc12cf7e3fc77ba157c8e864cd7b492836e,partial,Retained technique replacement,plugins/network/PTES-009/active/plugin.yaml,Current technique exists; this individual legacy command and its options/output are not a proven one-to-one port.
owtf/data/conf/resources.cfg,1196,BruteSmbProbeMethods,e2c80825c6deddabafe34110a1848e744833322b26e1a5f52af6b74295b3c33c,deferred,Credential attack work,docs/architecture/plugin-support-decisions.csv,Credential/community brute-force resources remain deferred.
owtf/data/conf/resources.cfg,1197,SnmpProbeMethods,b709612fc0a4f817a3f808ed5d4bf22d52a58c1eea3945b6396f8d873f00d454,deferred,SNMP plugin work,docs/architecture/plugin-support-decisions.csv,SNMP probing is deferred.
owtf/data/conf/resources.cfg,1198,SnmpProbeMethods,f7899673ce1bd626dc635b3350907c32cc7fd645621aabf4ca1dbd311a4669e9,deferred,SNMP plugin work,docs/architecture/plugin-support-decisions.csv,SNMP probing is deferred.
owtf/data/conf/resources.cfg,1199,SnmpProbeMethods,741ad3b2856ce3a4efdfd85e2cf06810bd7f09c51eea14635ff57227fb633ded,deferred,SNMP plugin work,docs/architecture/plugin-support-decisions.csv,SNMP probing is deferred.
owtf/data/conf/resources.cfg,1200,SnmpProbeMethods,d9c8a859691430db16e2a489ca11204675d58b2b376019bff4ec2b0161f94160,deferred,SNMP plugin work,docs/architecture/plugin-support-decisions.csv,SNMP probing is deferred.
owtf/data/conf/resources.cfg,1201,BruteSnmpProbeMethods,c7ea5659de7463e8aa0e334baa895bc39949cb5078892646cdb738d0c2ed2966,deferred,Credential attack work,docs/architecture/plugin-support-decisions.csv,Credential/community brute-force resources remain deferred.
owtf/data/conf/resources.cfg,1202,PassiveOpenS3Buckets,6116573f600872ee52ee30d2dd548697d02d1d625716e45b5915e8fe0470c697,gap,No verified resource equivalent,docs/architecture/plugin-support-decisions.csv,This specific legacy resource has no verified mapping; retained related techniques do not establish entry-level parity.
owtf/data/conf/resources.cfg,1203,SubdomainTakeover,7d7ea85d1087db3de10eca6c1fd11fea4040c94fb524953dfdcdd676f3eab89b,partial,Retained technique replacement,plugins/web/OWTF-ST-001/active/plugin.yaml,Current technique exists; this individual legacy command and its options/output are not a proven one-to-one port.
owtf/data/conf/resources.cfg,1204,IMAP_SMTPinjection,968009ff9b5548da73bb1ba53f469ba03175281e6d8e5d2893d74f40d21b4f55,gap,No verified resource equivalent,docs/architecture/plugin-support-decisions.csv,This specific legacy resource has no verified mapping; retained related techniques do not establish entry-level parity.
owtf/data/conf/resources.cfg,1205,ExternalLDAPinjection,5b3996a598c9b7d961d1cd2111487f64ceb710f2ffc97a9604ec440d5ec4c52a,partial,Curated external technique guidance,internal/plugin/external.go; plugins/web/,External-reference runtime exists; preservation and current validity of this specific legacy link are not established.
owtf/data/conf/resources.cfg,1206,ExternalLDAPinjection,2f6a9703e8dd7e30ba1aa5f49b61a8bf872225ef982b322e8c02961688616684,partial,Curated external technique guidance,internal/plugin/external.go; plugins/web/,External-reference runtime exists; preservation and current validity of this specific legacy link are not established.
owtf/data/conf/resources.cfg,1207,ExternalLDAPinjection,73203183799837acc328299b6235201b06efc56abd5760135368f4161f9f23b9,partial,Curated external technique guidance,internal/plugin/external.go; plugins/web/,External-reference runtime exists; preservation and current validity of this specific legacy link are not established.
owtf/data/conf/resources.cfg,1208,ExternalLDAPinjection,ff06efd726952b5e6ec7b9e34f74b7b6f21c24803f535d4e6b90bf873684e072,partial,Curated external technique guidance,internal/plugin/external.go; plugins/web/,External-reference runtime exists; preservation and current validity of this specific legacy link are not established.
owtf/data/conf/resources.cfg,1209,ExternalAJAX,cb7d2c9d3420bdac6c1fe10d2c0e4cfe370541e8f21031ba800fbdece2f66b39,partial,Curated external technique guidance,internal/plugin/external.go; plugins/web/,External-reference runtime exists; preservation and current validity of this specific legacy link are not established.
owtf/data/conf/resources.cfg,1210,ExternalAJAX,905e05f56ccda65685888a53314a399047c6bd65a3273faec8869e3b7125db6e,partial,Curated external technique guidance,internal/plugin/external.go; plugins/web/,External-reference runtime exists; preservation and current validity of this specific legacy link are not established.
owtf/data/conf/resources.cfg,1211,ExternalAJAX,b5ca4b27a84b6b2ed930c934ae3c7a0eb5bca7a97af8d364f87c6abffd0e3cb3,partial,Curated external technique guidance,internal/plugin/external.go; plugins/web/,External-reference runtime exists; preservation and current validity of this specific legacy link are not established.
owtf/data/conf/resources.cfg,1212,ActiveOpenGCPBuckets,73ce21727d6dc9a3f53d72f2b8ea67936c0ae81b60291b92c8e677a311212acf,partial,Retained technique replacement,plugins/web/OWTF-CL-002/active/plugin.yaml,Current technique exists; this individual legacy command and its options/output are not a proven one-to-one port.
